"","ID","Monocots/Magnoliids","Magnoliids/Chloranthales/Monocots","Eudicots/Magnoliids","Coleochaetales/LandPlants","Chara/Coleochaetales","Bryophyta/Tracheophytes/Anthocerophyta","Bryophyta/Tracheophytes","Amborela/Nuphar","Monocots/Eudicots","Coleochaetales/Chara/LandPlants","Anthocerophyta/Tracheophytes","Bryophyta/Marchantiophyta/Anthocerophyta","Chara/LandPlants","Coniferales","Zygnematophyceae/LandPlants","Gnetales/Pinaceae","Magnoliids/Chloranthales","Bryophyta/Marchantiophyta/Tracheophytes","Zygnematophyceae","Tracheophytes","Eudicots/Magnoliids/Chloranthales","AngioSperms minus Amborela and Nuphar","AngioSperms minus Amborela","AngioSperms","Coniferales/Gnetales","Bryophyta/Marchantiophyta","Gnetales","Coleochaetales","Bryophyta"
"1","604genes.trimExt.no3rd.phylo.CATGTR","Compatible (Weak Rejection)","Compatible (Weak Rejection)","Compatible (Weak Rejection)","Compatible (Weak Rejection)","Compatible (Weak Rejection)","Compatible (Weak Rejection)","Compatible (Weak Rejection)","Compatible (Weak Rejection)","Weak Support","Compatible (Weak Rejection)","Weak Support","Compatible (Weak Rejection)","Compatible (Weak Rejection)","Compatible (Weak Rejection)","Weak Support","Weak Support","Compatible (Weak Rejection)","Compatible (Weak Rejection)","Weak Support","Weak Support","Compatible (Weak Rejection)","Weak Support","Weak Support","Weak Support","Weak Support","Compatible (Weak Rejection)","Weak Support","Weak Support","Weak Support"
"2","604genes.trimExt.no3rd.unpart.","Strong Rejection","Strong Rejection","Compatible (Weak Rejection)","Strong Rejection","Strong Rejection","Strong Rejection","Strong Rejection","Strong Rejection","Strong Rejection","Strong Rejection","Strong Rejection","Strong Rejection","Strong Rejection","Strong Rejection","Strong Support","Strong Support","Weak Support","Strong Support","Strong Support","Strong Support","Strong Support","Strong Support","Strong Support","Strong Support","Strong Support","Strong Support","Strong Support","Strong Support","Strong Support"
"3","604genes.trimExt.no3rd.unpart.gamma","Strong Rejection","Strong Rejection","Compatible (Weak Rejection)","Strong Rejection","Strong Rejection","Strong Rejection","Strong Rejection","Strong Rejection","Strong Rejection","Strong Rejection","Strong Rejection","Strong Rejection","Strong Rejection","Strong Rejection","Strong Support","Strong Support","Weak Support","Strong Support","Strong Support","Strong Support","Strong Support","Strong Support","Strong Support","Strong Support","Strong Support","Strong Support","Strong Support","Strong Support","Strong Support"
"4","trim50genes.no3rd.unpart.","Strong Rejection","Strong Rejection","Compatible (Weak Rejection)","Strong Rejection","Strong Rejection","Strong Rejection","Strong Rejection","Strong Rejection","Strong Rejection","Strong Rejection","Strong Rejection","Strong Rejection","Strong Rejection","Strong Rejection","Strong Support","Strong Support","Weak Support","Strong Support","Strong Support","Strong Support","Strong Support","Strong Support","Strong Support","Strong Support","Strong Support","Strong Support","Strong Support","Strong Support","Strong Support"
"5","trim50genes33taxa.no3rd.unpart.","Strong Rejection","Strong Rejection","Strong Rejection","Strong Rejection","Strong Rejection","Strong Rejection","Strong Rejection","Strong Rejection","Strong Rejection","Strong Rejection","Compatible (Weak Rejection)","Compatible (Weak Rejection)","Strong Rejection","Strong Rejection","Strong Support","Strong Support","Strong Support","Weak Support","Strong Support","Strong Support","Strong Support","Strong Support","Strong Support","Strong Support","Strong Support","Strong Support","Strong Support","Strong Support","Strong Support"
"6","trim50genes50sites.no3rd.part.","Strong Rejection","Strong Rejection","Strong Rejection","Strong Rejection","Strong Rejection","Strong Rejection","Strong Rejection","Strong Rejection","Strong Rejection","Strong Rejection","Strong Rejection","Strong Rejection","Strong Rejection","Strong Rejection","Strong Support","Strong Support","Strong Rejection","Strong Support","Strong Support","Strong Support","Strong Support","Strong Support","Strong Support","Strong Support","Strong Support","Strong Support","Strong Support","Strong Support","Strong Support"
"7","trim50genes50sites.no3rd.part.gamma","Strong Rejection","Strong Rejection","Strong Rejection","Strong Rejection","Strong Rejection","Strong Rejection","Strong Rejection","Strong Rejection","Strong Rejection","Strong Rejection","Strong Rejection","Strong Rejection","Strong Rejection","Strong Rejection","Strong Support","Strong Support","Strong Rejection","Strong Support","Strong Support","Strong Support","Strong Support","Strong Support","Strong Support","Strong Support","Strong Support","Strong Support","Strong Support","Strong Support","Strong Support"
"8","trim50genes50sites.no3rd.unpart.","Strong Rejection","Strong Rejection","Strong Rejection","Strong Rejection","Strong Rejection","Strong Rejection","Strong Rejection","Strong Rejection","Strong Rejection","Strong Rejection","Strong Rejection","Strong Rejection","Strong Rejection","Strong Rejection","Strong Support","Strong Support","Strong Rejection","Strong Support","Strong Support","Strong Support","Strong Support","Strong Support","Strong Support","Strong Support","Strong Support","Strong Support","Strong Support","Strong Support","Strong Support"
"9","trim50genes50sites25Xbranches.no3rd.unpart.","Compatible (Weak Rejection)","Compatible (Weak Rejection)","Compatible (Weak Rejection)","Strong Rejection","Strong Rejection","Strong Rejection","Strong Rejection","Strong Rejection","Compatible (Weak Rejection)","Strong Rejection","Strong Rejection","Strong Rejection","Strong Rejection","Strong Rejection","Strong Support","Strong Support","Weak Support","Strong Support","Strong Support","Strong Support","Weak Support","Strong Support","Strong Support","Strong Support","Strong Support","Strong Support","Strong Support","Strong Support","Strong Support"
"10","trim50genesChara.no3rd.unpart.","Strong Rejection","Strong Rejection","Strong Rejection","Strong Rejection","Strong Rejection","Compatible (Weak Rejection)","Compatible (Weak Rejection)","Strong Rejection","Strong Rejection","Strong Rejection","Compatible (Weak Rejection)","Compatible (Weak Rejection)","Strong Rejection","Strong Rejection","Strong Support","Strong Support","Strong Rejection","Weak Support","Strong Support","Strong Support","Strong Support","Strong Support","Strong Support","Strong Support","Strong Support","Weak Support","Strong Support","Strong Support","Strong Support"
"11","untrimmed.no3rd.unpart.","Strong Rejection","Strong Rejection","Strong Rejection","Strong Rejection","Strong Rejection","Strong Rejection","Strong Rejection","Strong Rejection","Strong Rejection","Strong Rejection","Strong Rejection","Strong Rejection","Strong Rejection","Strong Rejection","Strong Support","Strong Support","Strong Support","Strong Support","Strong Support","Strong Support","Strong Support","Strong Support","Strong Support","Strong Support","Strong Support","Strong Support","Strong Support","Strong Support","Strong Support"
"12","astral.trim50genes.no3rd","Strong Rejection","Compatible (Weak Rejection)","Strong Rejection","Compatible (Weak Rejection)","Compatible (Weak Rejection)","Strong Rejection","Strong Rejection","Strong Rejection","Compatible (Weak Rejection)","Compatible (Weak Rejection)","Strong Rejection","Strong Rejection","Compatible (Weak Rejection)","Strong Support","Weak Support","Strong Rejection","Strong Support","Strong Rejection","Strong Support","Strong Rejection","Weak Support","Strong Support","Strong Support","Strong Support","Strong Rejection","Strong Rejection","Strong Rejection","Strong Support","Strong Support"
"13","astral.trim50genes25Xbranches.no3rd","Strong Rejection","Strong Rejection","Strong Rejection","Compatible (Weak Rejection)","Compatible (Weak Rejection)","Strong Rejection","Strong Rejection","Strong Rejection","Strong Rejection","Compatible (Weak Rejection)","Strong Rejection","Strong Rejection","Compatible (Weak Rejection)","Strong Support","Weak Support","Strong Rejection","Strong Support","Compatible (Weak Rejection)","Strong Support","Strong Rejection","Strong Support","Strong Support","Strong Support","Strong Support","Strong Rejection","Strong Rejection","Strong Rejection","Strong Support","Strong Support"
"14","astral.trim50genes33taxa.no3rd","Strong Rejection","Compatible (Weak Rejection)","Strong Rejection","Compatible (Weak Rejection)","Compatible (Weak Rejection)","Strong Rejection","Strong Rejection","Compatible (Weak Rejection)","Strong Rejection","Compatible (Weak Rejection)","Strong Rejection","Strong Support","Compatible (Weak Rejection)","Strong Support","Weak Support","Strong Rejection","Strong Support","Strong Rejection","Strong Support","Strong Support","Strong Rejection","Strong Rejection","Strong Rejection","Strong Rejection","Weak Support","Strong Support","Strong Support","Strong Support","Strong Support"
"15","astral.untrimmed.no3rd","Strong Rejection","Compatible (Weak Rejection)","Strong Rejection","Compatible (Weak Rejection)","Compatible (Weak Rejection)","Strong Rejection","Strong Rejection","Strong Rejection","Compatible (Weak Rejection)","Compatible (Weak Rejection)","Strong Rejection","Strong Rejection","Compatible (Weak Rejection)","Strong Support","Weak Support","Strong Rejection","Strong Support","Strong Rejection","Strong Support","Strong Rejection","Weak Support","Strong Support","Strong Support","Strong Support","Strong Rejection","Strong Rejection","Strong Rejection","Strong Support","Strong Support"
"16","astral.untrimmed.no3rd.gamma","Strong Rejection","Compatible (Weak Rejection)","Strong Rejection","Compatible (Weak Rejection)","Compatible (Weak Rejection)","Strong Rejection","Strong Rejection","Strong Rejection","Strong Rejection","Compatible (Weak Rejection)","Compatible (Weak Rejection)","Weak Support","Compatible (Weak Rejection)","Compatible (Weak Rejection)","Weak Support","Weak Support","Strong Support","Compatible (Weak Rejection)","Strong Support","Strong Support","Strong Rejection","Strong Rejection","Strong Rejection","Strong Rejection","Strong Support","Strong Support","Strong Support","Strong Support","Strong Support"
"17","604genes.trimExt.all.unpart.","Strong Rejection","Compatible (Weak Rejection)","Strong Rejection","Strong Rejection","Strong Rejection","Strong Rejection","Strong Rejection","Strong Rejection","Compatible (Weak Rejection)","Weak Support","Compatible (Weak Rejection)","Compatible (Weak Rejection)","Strong Support","Strong Rejection","Strong Rejection","Strong Support","Strong Support","Weak Support","Strong Support","Weak Support","Weak Support","Strong Support","Strong Support","Strong Support","Strong Support","Strong Support","Strong Support","Strong Support","Strong Support"
"18","604genes.trimExt.all.unpart.gamma","Strong Rejection","Compatible (Weak Rejection)","Strong Rejection","Strong Rejection","Strong Rejection","Strong Rejection","Compatible (Weak Rejection)","Strong Rejection","Compatible (Weak Rejection)","Compatible (Weak Rejection)","Strong Rejection","Strong Rejection","Strong Support","Strong Rejection","Strong Rejection","Strong Support","Strong Support","Strong Support","Strong Support","Strong Support","Weak Support","Strong Support","Strong Support","Strong Support","Strong Support","Weak Support","Strong Support","Strong Support","Strong Support"
"19","trim50genes.all.unpart.","Strong Rejection","Strong Rejection","Strong Rejection","Strong Rejection","Strong Rejection","Strong Rejection","Strong Rejection","Strong Rejection","Strong Rejection","Strong Rejection","Strong Rejection","Strong Rejection","Strong Rejection","Strong Support","Strong Rejection","Strong Rejection","Strong Support","Strong Rejection","Strong Rejection","Strong Rejection","Strong Support","Strong Support","Strong Support","Strong Support","Strong Rejection","Strong Support","Strong Support","Strong Support","Strong Support"
"20","trim50genes33taxa.all.unpart.","Strong Rejection","Strong Rejection","Strong Rejection","Compatible (Weak Rejection)","Compatible (Weak Rejection)","Strong Rejection","Strong Rejection","Strong Rejection","Strong Rejection","Compatible (Weak Rejection)","Strong Rejection","Strong Rejection","Weak Support","Strong Rejection","Compatible (Weak Rejection)","Strong Support","Strong Support","Strong Support","Strong Support","Strong Support","Strong Support","Strong Support","Strong Support","Strong Support","Strong Support","Strong Support","Strong Support","Strong Support","Strong Support"
"21","trim50genes50sites.all.part.","Strong Rejection","Strong Rejection","Strong Rejection","Strong Rejection","Strong Rejection","Strong Rejection","Strong Rejection","Strong Rejection","Strong Rejection","Strong Rejection","Strong Rejection","Strong Rejection","Weak Support","Strong Rejection","Compatible (Weak Rejection)","Strong Support","Strong Rejection","Strong Support","Weak Support","Strong Support","Strong Support","Strong Support","Strong Support","Strong Support","Strong Support","Strong Support","Strong Support","Strong Support","Strong Support"
"22","trim50genes50sites.all.part.gamma","Strong Rejection","Strong Rejection","Compatible (Weak Rejection)","Strong Rejection","Strong Rejection","Strong Rejection","Strong Rejection","Strong Rejection","Strong Rejection","Strong Rejection","Strong Rejection","Strong Rejection","Strong Support","Strong Rejection","Strong Rejection","Strong Support","Compatible (Weak Rejection)","Strong Support","Strong Support","Strong Support","Strong Support","Strong Support","Strong Support","Strong Support","Strong Support","Strong Support","Strong Support","Strong Support","Strong Support"
"23","trim50genes50sites.all.unpart.","Compatible (Weak Rejection)","Compatible (Weak Rejection)","Compatible (Weak Rejection)","Strong Rejection","Strong Rejection","Strong Rejection","Strong Rejection","Strong Rejection","Compatible (Weak Rejection)","Strong Rejection","Compatible (Weak Rejection)","Compatible (Weak Rejection)","Weak Support","Strong Rejection","Compatible (Weak Rejection)","Strong Support","Compatible (Weak Rejection)","Weak Support","Weak Support","Weak Support","Weak Support","Strong Support","Strong Support","Strong Support","Strong Support","Strong Support","Strong Support","Strong Support","Strong Support"
"24","trim50genes50sites25Xbranches.all.unpart.","Strong Rejection","Compatible (Weak Rejection)","Strong Rejection","Strong Rejection","Strong Rejection","Strong Rejection","Strong Rejection","Strong Rejection","Compatible (Weak Rejection)","Strong Rejection","Strong Rejection","Strong Rejection","Strong Support","Strong Rejection","Strong Rejection","Strong Support","Strong Support","Strong Support","Strong Support","Strong Support","Weak Support","Strong Support","Strong Support","Strong Support","Strong Support","Strong Support","Strong Support","Strong Support","Strong Support"
"25","trim50genesChara.all.unpart.","Strong Rejection","Strong Rejection","Compatible (Weak Rejection)","Strong Rejection","Strong Rejection","Strong Rejection","Strong Rejection","Strong Rejection","Strong Rejection","Strong Rejection","Compatible (Weak Rejection)","Compatible (Weak Rejection)","Strong Rejection","Weak Support","Strong Rejection","Compatible (Weak Rejection)","Compatible (Weak Rejection)","Compatible (Weak Rejection)","Strong Rejection","Compatible (Weak Rejection)","Strong Support","Strong Support","Strong Support","Strong Support","Compatible (Weak Rejection)","Strong Support","Strong Support","Strong Support","Strong Support"
"26","untrimmed.all.unpart.","Strong Rejection","Strong Rejection","Strong Rejection","Compatible (Weak Rejection)","Compatible (Weak Rejection)","Strong Rejection","Strong Rejection","Strong Rejection","Strong Rejection","Compatible (Weak Rejection)","Strong Rejection","Strong Rejection","Compatible (Weak Rejection)","Strong Support","Compatible (Weak Rejection)","Strong Rejection","Strong Support","Strong Rejection","Compatible (Weak Rejection)","Strong Rejection","Strong Support","Strong Support","Strong Support","Strong Support","Strong Rejection","Strong Support","Strong Support","Strong Support","Strong Support"
"27","astral.trim50genes.all","Strong Rejection","Compatible (Weak Rejection)","Strong Rejection","Strong Rejection","Strong Rejection","Compatible (Weak Rejection)","Compatible (Weak Rejection)","Strong Rejection","Strong Rejection","Strong Rejection","Compatible (Weak Rejection)","Compatible (Weak Rejection)","Weak Support","Strong Support","Strong Rejection","Strong Rejection","Strong Support","Weak Support","Strong Rejection","Strong Support","Strong Rejection","Strong Rejection","Strong Rejection","Strong Rejection","Weak Support","Weak Support","Strong Support","Strong Support","Strong Support"
"28","astral.trim50genes25Xbranches.all","Strong Rejection","Compatible (Weak Rejection)","Strong Rejection","Strong Rejection","Strong Rejection","Compatible (Weak Rejection)","Compatible (Weak Rejection)","Strong Rejection","Strong Rejection","Strong Rejection","Compatible (Weak Rejection)","Compatible (Weak Rejection)","Weak Support","Strong Support","Strong Rejection","Strong Rejection","Strong Support","Weak Support","Strong Rejection","Strong Support","Strong Rejection","Strong Rejection","Strong Rejection","Strong Rejection","Weak Support","Weak Support","Strong Support","Strong Support","Strong Support"
"29","astral.trim50genes33taxa.all","Strong Rejection","Compatible (Weak Rejection)","Strong Rejection","Strong Rejection","Strong Rejection","Compatible (Weak Rejection)","Compatible (Weak Rejection)","Strong Rejection","Strong Rejection","Strong Rejection","Compatible (Weak Rejection)","Compatible (Weak Rejection)","Compatible (Weak Rejection)","Strong Support","Strong Rejection","Strong Rejection","Strong Support","Weak Support","Strong Rejection","Strong Support","Strong Rejection","Strong Rejection","Strong Rejection","Strong Rejection","Weak Support","Compatible (Weak Rejection)","Strong Support","Weak Support","Strong Support"
"30","astral.untrimmed.all","Strong Rejection","Compatible (Weak Rejection)","Strong Rejection","Strong Rejection","Strong Rejection","Compatible (Weak Rejection)","Compatible (Weak Rejection)","Strong Rejection","Strong Rejection","Strong Rejection","Compatible (Weak Rejection)","Compatible (Weak Rejection)","Weak Support","Strong Support","Strong Rejection","Strong Rejection","Strong Support","Weak Support","Strong Rejection","Strong Support","Strong Rejection","Strong Rejection","Strong Rejection","Strong Rejection","Weak Support","Weak Support","Strong Support","Strong Support","Strong Support"
"31","astral.untrimmed.all.gamma","Strong Rejection","Strong Rejection","Strong Rejection","Strong Rejection","Strong Rejection","Strong Rejection","Strong Rejection","Strong Rejection","Strong Rejection","Strong Rejection","Strong Rejection","Strong Rejection","Weak Support","Strong Support","Strong Rejection","Strong Rejection","Strong Support","Weak Support","Strong Rejection","Strong Rejection","Weak Support","Strong Rejection","Strong Rejection","Strong Rejection","Strong Support","Strong Rejection","Strong Support","Strong Support","Strong Support"
