"","CLADE","Strongly Supported","Weakly Supported","Missing","Weakly Reject","Strongly Reject"
"1","AngioSperms",522,130,2,139,51
"2","Eudicots/Magnoliids",9,74,102,599,60
"3","Eudicots/Magnoliids/Chloranthales",4,42,398,372,28
"4","Magnoliids/Chloranthales",4,56,398,373,13
"5","Magnoliids/Chloranthales/Monocots",NA,49,399,370,26
"6","Monocots/Eudicots",42,72,9,635,86
"7","Monocots/Magnoliids",3,57,105,615,64
"8","Amborela/Nuphar",29,95,301,364,55
"9","AngioSperms minus Amborela",184,196,2,385,77
"10","AngioSperms minus Amborela and Nuphar",198,214,2,374,56
"11","Bryophyta",443,106,182,80,33
"12","Bryophyta/Tracheophytes",62,49,126,503,104
"13","Bryophyta/Tracheophytes/Anthocerophyta",11,22,458,299,54
"14","Bryophyta/Marchantiophyta/Tracheophytes",71,104,252,361,56
"15","Bryophyta/Marchantiophyta",44,137,252,359,52
"16","Bryophyta/Marchantiophyta/Anthocerophyta",10,47,479,277,31
"17","Tracheophytes",122,168,1,491,62
"18","Anthocerophyta/Tracheophytes",8,31,449,319,37
"19","Coniferales",123,145,195,319,62
"20","Coniferales/Gnetales",118,128,330,211,57
"21","Gnetales",104,53,658,24,5
"22","Gnetales/Pinaceae",39,103,365,257,80
"23","Zygnematophyceae",83,123,342,268,28
"24","Coleochaetales",137,87,515,99,6
"25","Zygnematophyceae/LandPlants",84,83,254,380,43
"26","Chara/LandPlants",4,16,687,121,16
"27","Coleochaetales/LandPlants",38,60,328,370,48
"28","Coleochaetales/Chara/LandPlants",2,6,708,113,15
"29","Chara/Coleochaetales",1,12,708,115,8
