"","CLADE","Strongly Supported","Weakly Supported","Missing","Weakly Reject","Strongly Reject"
"1","AngioSperms",579,91,2,118,54
"2","Eudicots/Magnoliids",21,74,102,557,90
"3","Eudicots/Magnoliids/Chloranthales",8,78,398,316,44
"4","Magnoliids/Chloranthales",11,78,398,328,29
"5","Magnoliids/Chloranthales/Monocots",1,62,399,340,42
"6","Monocots/Eudicots",39,91,9,567,138
"7","Monocots/Magnoliids",8,75,105,560,96
"8","Amborela/Nuphar",28,101,301,333,81
"9","AngioSperms minus Amborela",215,200,2,325,102
"10","AngioSperms minus Amborela and Nuphar",246,220,2,299,77
"11","Bryophyta",504,71,182,57,30
"12","Bryophyta/Tracheophytes",66,61,126,487,104
"13","Bryophyta/Tracheophytes/Anthocerophyta",15,30,458,280,61
"14","Bryophyta/Marchantiophyta/Tracheophytes",96,112,252,324,60
"15","Bryophyta/Marchantiophyta",42,107,252,385,58
"16","Bryophyta/Marchantiophyta/Anthocerophyta",7,32,479,290,36
"17","Tracheophytes",144,165,1,462,72
"18","Anthocerophyta/Tracheophytes",11,41,449,296,47
"19","Coniferales",190,143,195,237,79
"20","Coniferales/Gnetales",154,128,330,137,95
"21","Gnetales",138,29,658,13,6
"22","Gnetales/Pinaceae",53,117,365,169,140
"23","Zygnematophyceae",69,101,342,287,45
"24","Coleochaetales",120,101,515,100,8
"25","Zygnematophyceae/LandPlants",87,69,254,379,55
"26","Chara/LandPlants",9,24,687,107,17
"27","Coleochaetales/LandPlants",37,57,328,353,69
"28","Coleochaetales/Chara/LandPlants",3,7,708,107,19
"29","Chara/Coleochaetales",NA,8,708,116,12
