"","CLADE","Strongly Supported","Weakly Supported","Missing","Weakly Reject","Strongly Reject"
"1","AngioSperms",538,117,2,143,44
"2","Eudicots/Magnoliids",16,71,102,605,50
"3","Eudicots/Magnoliids/Chloranthales",5,62,398,353,26
"4","Magnoliids/Chloranthales",2,56,398,371,17
"5","Magnoliids/Chloranthales/Monocots",NA,36,399,379,30
"6","Monocots/Eudicots",39,85,9,625,86
"7","Monocots/Magnoliids",7,68,105,605,59
"8","Amborela/Nuphar",27,95,302,356,64
"9","AngioSperms minus Amborela",195,184,2,383,80
"10","AngioSperms minus Amborela and Nuphar",195,228,2,371,48
"11","Bryophyta",479,80,182,73,30
"12","Bryophyta/Tracheophytes",60,43,127,522,92
"13","Bryophyta/Tracheophytes/Anthocerophyta",13,35,457,285,54
"14","Bryophyta/Marchantiophyta/Tracheophytes",80,104,253,355,52
"15","Bryophyta/Marchantiophyta",41,133,253,363,54
"16","Bryophyta/Marchantiophyta/Anthocerophyta",5,58,478,268,35
"17","Tracheophytes",124,164,1,497,58
"18","Anthocerophyta/Tracheophytes",11,33,448,315,37
"19","Coniferales",139,140,195,299,71
"20","Coniferales/Gnetales",121,142,329,187,65
"21","Gnetales",113,46,658,18,9
"22","Gnetales/Pinaceae",48,118,364,224,90
"23","Zygnematophyceae",68,122,341,284,29
"24","Coleochaetales",124,98,514,100,8
"25","Zygnematophyceae/LandPlants",87,76,253,384,44
"26","Chara/LandPlants",5,15,686,125,13
"27","Coleochaetales/LandPlants",36,52,327,378,51
"28","Coleochaetales/Chara/LandPlants",2,13,707,107,15
"29","Chara/Coleochaetales",NA,12,707,116,9
