"ID","DS","CLADE","MONO","BOOT","MONO.75","Classification"
NA,"FNA2AA_filterlen33","Monocots/Eudicots","NOT_MONO",NA,"NOT_MONO","Strongly Reject"
NA,"FNA2AA_filterlen33","Monocots/Eudicots","NOT_MONO",NA,"CAN_MONO_INCOMPLETE","Weakly Reject"
NA,"FNA2AA_filterlen33","Monocots/Eudicots","NOT_MONO",NA,"CAN_MONO_INCOMPLETE","Weakly Reject"
NA,"FNA2AA_filterlen33","Monocots/Eudicots","NOT_MONO",NA,"CAN_MONO_INCOMPLETE","Weakly Reject"
NA,"FNA2AA_filterlen33","Monocots/Eudicots","IS_MONO_INCOMPLETE",30,"CAN_MONO_INCOMPLETE","Weakly Supported"
NA,"FNA2AA_filterlen33","Monocots/Eudicots","NOT_MONO",NA,"CAN_MONO_INCOMPLETE","Weakly Reject"
NA,"FNA2AA_filterlen33","Monocots/Eudicots","IS_MONO_INCOMPLETE",13,"CAN_MONO_INCOMPLETE","Weakly Supported"
NA,"FNA2AA_filterlen33","Monocots/Eudicots","NOT_MONO",NA,"CAN_MONO_INCOMPLETE","Weakly Reject"
NA,"FNA2AA_filterlen33","Monocots/Eudicots","NOT_MONO",NA,"CAN_MONO_INCOMPLETE","Weakly Reject"
NA,"FNA2AA_filterlen33","Monocots/Eudicots","NOT_MONO",NA,"CAN_MONO_INCOMPLETE","Weakly Reject"
NA,"FNA2AA_filterlen33","Monocots/Eudicots","NOT_MONO",NA,"CAN_MONO_INCOMPLETE","Weakly Reject"
NA,"FNA2AA_filterlen33","Monocots/Eudicots","NOT_MONO",NA,"CAN_MONO_INCOMPLETE","Weakly Reject"
NA,"FNA2AA_filterlen33","Monocots/Eudicots","NOT_MONO",NA,"CAN_MONO_INCOMPLETE","Weakly Reject"
NA,"FNA2AA_filterlen33","Monocots/Eudicots","NOT_MONO",NA,"CAN_MONO_INCOMPLETE","Weakly Reject"
NA,"FNA2AA_filterlen33","Monocots/Eudicots","NOT_MONO",NA,"CAN_MONO_INCOMPLETE","Weakly Reject"
NA,"FNA2AA_filterlen33","Monocots/Eudicots","NOT_MONO",NA,"CAN_MONO_INCOMPLETE","Weakly Reject"
NA,"FNA2AA_filterlen33","Monocots/Eudicots","NOT_MONO",NA,"CAN_MONO_INCOMPLETE","Weakly Reject"
NA,"FNA2AA_filterlen33","Monocots/Eudicots","IS_MONO_INCOMPLETE",54,"CAN_MONO_INCOMPLETE","Weakly Supported"
NA,"FNA2AA_filterlen33","Monocots/Eudicots","NOT_MONO",NA,"CAN_MONO_INCOMPLETE","Weakly Reject"
NA,"FNA2AA_filterlen33","Monocots/Eudicots","CAN_MONO_INCOMPLETE",NA,"CAN_MONO_INCOMPLETE","Weakly Reject"
NA,"FNA2AA_filterlen33","Monocots/Eudicots","NOT_MONO",NA,"CAN_MONO_INCOMPLETE","Weakly Reject"
NA,"FNA2AA_filterlen33","Monocots/Eudicots","NOT_MONO",NA,"NOT_MONO","Strongly Reject"
NA,"FNA2AA_filterlen33","Monocots/Eudicots","NOT_MONO",NA,"CAN_MONO_INCOMPLETE","Weakly Reject"
NA,"FNA2AA_filterlen33","Monocots/Eudicots","NOT_MONO",NA,"CAN_MONO_INCOMPLETE","Weakly Reject"
NA,"FNA2AA_filterlen33","Monocots/Eudicots","NOT_MONO",NA,"CAN_MONO_INCOMPLETE","Weakly Reject"
NA,"FNA2AA_filterlen33","Monocots/Eudicots","NOT_MONO",NA,"CAN_MONO_INCOMPLETE","Weakly Reject"
NA,"FNA2AA_filterlen33","Monocots/Eudicots","NOT_MONO",NA,"NOT_MONO","Strongly Reject"
NA,"FNA2AA_filterlen33","Monocots/Eudicots","NOT_MONO",NA,"CAN_MONO_INCOMPLETE","Weakly Reject"
NA,"FNA2AA_filterlen33","Monocots/Eudicots","IS_MONO_INCOMPLETE",43,"CAN_MONO_INCOMPLETE","Weakly Supported"
NA,"FNA2AA_filterlen33","Monocots/Eudicots","IS_MONO_INCOMPLETE",38,"CAN_MONO_INCOMPLETE","Weakly Supported"
NA,"FNA2AA_filterlen33","Monocots/Eudicots","NOT_MONO",NA,"CAN_MONO_INCOMPLETE","Weakly Reject"
NA,"FNA2AA_filterlen33","Monocots/Eudicots","NOT_MONO",NA,"NOT_MONO","Strongly Reject"
NA,"FNA2AA_filterlen33","Monocots/Eudicots","NOT_MONO",NA,"CAN_MONO_INCOMPLETE","Weakly Reject"
NA,"FNA2AA_filterlen33","Monocots/Eudicots","NOT_MONO",NA,"CAN_MONO_INCOMPLETE","Weakly Reject"
NA,"FNA2AA_filterlen33","Monocots/Eudicots","NOT_MONO",NA,"CAN_MONO_INCOMPLETE","Weakly Reject"
NA,"FNA2AA_filterlen33","Monocots/Eudicots","NOT_MONO",NA,"CAN_MONO_INCOMPLETE","Weakly Reject"
NA,"FNA2AA_filterlen33","Monocots/Eudicots","NOT_MONO",NA,"NOT_MONO","Strongly Reject"
NA,"FNA2AA_filterlen33","Monocots/Eudicots","IS_MONO_INCOMPLETE",37,"CAN_MONO_INCOMPLETE","Weakly Supported"
NA,"FNA2AA_filterlen33","Monocots/Eudicots","NOT_MONO",NA,"NOT_MONO","Strongly Reject"
NA,"FNA2AA_filterlen33","Monocots/Eudicots","NOT_MONO",NA,"CAN_MONO_INCOMPLETE","Weakly Reject"
NA,"FNA2AA_filterlen33","Monocots/Eudicots","NOT_MONO",NA,"CAN_MONO_INCOMPLETE","Weakly Reject"
NA,"FNA2AA_filterlen33","Monocots/Eudicots","IS_MONO_INCOMPLETE",41,"CAN_MONO_INCOMPLETE","Weakly Supported"
NA,"FNA2AA_filterlen33","Monocots/Eudicots","NOT_MONO",NA,"NOT_MONO","Strongly Reject"
NA,"FNA2AA_filterlen33","Monocots/Eudicots","NOT_MONO",NA,"CAN_MONO_INCOMPLETE","Weakly Reject"
NA,"FNA2AA_filterlen33","Monocots/Eudicots","NOT_MONO",NA,"CAN_MONO_INCOMPLETE","Weakly Reject"
NA,"FNA2AA_filterlen33","Monocots/Eudicots","NOT_MONO",NA,"CAN_MONO_INCOMPLETE","Weakly Reject"
NA,"FNA2AA_filterlen33","Monocots/Eudicots","NOT_MONO",NA,"CAN_MONO_INCOMPLETE","Weakly Reject"
NA,"FNA2AA_filterlen33","Monocots/Eudicots","NOT_MONO",NA,"CAN_MONO_INCOMPLETE","Weakly Reject"
NA,"FNA2AA_filterlen33","Monocots/Eudicots","NOT_MONO",NA,"CAN_MONO_INCOMPLETE","Weakly Reject"
NA,"FNA2AA_filterlen33","Monocots/Eudicots","IS_MONO_INCOMPLETE",33,"CAN_MONO_INCOMPLETE","Weakly Supported"
NA,"FNA2AA_filterlen33","Monocots/Eudicots","NOT_MONO",NA,"CAN_MONO_INCOMPLETE","Weakly Reject"
NA,"FNA2AA_filterlen33","Monocots/Eudicots","NOT_MONO",NA,"CAN_MONO_INCOMPLETE","Weakly Reject"
NA,"FNA2AA_filterlen33","Monocots/Eudicots","NOT_MONO",NA,"NOT_MONO","Strongly Reject"
NA,"FNA2AA_filterlen33","Monocots/Eudicots","NOT_MONO",NA,"CAN_MONO_INCOMPLETE","Weakly Reject"
NA,"FNA2AA_filterlen33","Monocots/Eudicots","NOT_MONO",NA,"CAN_MONO_INCOMPLETE","Weakly Reject"
NA,"FNA2AA_filterlen33","Monocots/Eudicots","IS_MONO_INCOMPLETE",33,"CAN_MONO_INCOMPLETE","Weakly Supported"
NA,"FNA2AA_filterlen33","Monocots/Eudicots","IS_MONO_INCOMPLETE",7,"CAN_MONO_INCOMPLETE","Weakly Supported"
NA,"FNA2AA_filterlen33","Monocots/Eudicots","NOT_MONO",NA,"CAN_MONO_INCOMPLETE","Weakly Reject"
NA,"FNA2AA_filterlen33","Monocots/Eudicots","NOT_MONO",NA,"CAN_MONO_INCOMPLETE","Weakly Reject"
NA,"FNA2AA_filterlen33","Monocots/Eudicots","NOT_MONO",NA,"NOT_MONO","Strongly Reject"
NA,"FNA2AA_filterlen33","Monocots/Eudicots","NOT_MONO",NA,"CAN_MONO_INCOMPLETE","Weakly Reject"
NA,"FNA2AA_filterlen33","Monocots/Eudicots","NOT_MONO",NA,"CAN_MONO_INCOMPLETE","Weakly Reject"
NA,"FNA2AA_filterlen33","Monocots/Eudicots","NOT_MONO",NA,"CAN_MONO_INCOMPLETE","Weakly Reject"
NA,"FNA2AA_filterlen33","Monocots/Eudicots","NOT_MONO",NA,"CAN_MONO_INCOMPLETE","Weakly Reject"
NA,"FNA2AA_filterlen33","Monocots/Eudicots","NOT_MONO",NA,"NOT_MONO","Strongly Reject"
NA,"FNA2AA_filterlen33","Monocots/Eudicots","NOT_MONO",NA,"CAN_MONO_INCOMPLETE","Weakly Reject"
NA,"FNA2AA_filterlen33","Monocots/Eudicots","IS_MONO_INCOMPLETE",78,"IS_MONO_INCOMPLETE","Strongly Supported"
NA,"FNA2AA_filterlen33","Monocots/Eudicots","NOT_MONO",NA,"NOT_MONO","Strongly Reject"
NA,"FNA2AA_filterlen33","Monocots/Eudicots","NOT_MONO",NA,"NOT_MONO","Strongly Reject"
NA,"FNA2AA_filterlen33","Monocots/Eudicots","NOT_MONO",NA,"NOT_MONO","Strongly Reject"
NA,"FNA2AA_filterlen33","Monocots/Eudicots","NOT_MONO",NA,"CAN_MONO_INCOMPLETE","Weakly Reject"
NA,"FNA2AA_filterlen33","Monocots/Eudicots","NOT_MONO",NA,"NOT_MONO","Strongly Reject"
NA,"FNA2AA_filterlen33","Monocots/Eudicots","NOT_MONO",NA,"CAN_MONO_INCOMPLETE","Weakly Reject"
NA,"FNA2AA_filterlen33","Monocots/Eudicots","IS_MONO_INCOMPLETE",47,"CAN_MONO_INCOMPLETE","Weakly Supported"
NA,"FNA2AA_filterlen33","Monocots/Eudicots","NOT_MONO",NA,"CAN_MONO_INCOMPLETE","Weakly Reject"
NA,"FNA2AA_filterlen33","Monocots/Eudicots","NOT_MONO",NA,"CAN_MONO_INCOMPLETE","Weakly Reject"
NA,"FNA2AA_filterlen33","Monocots/Eudicots","NOT_MONO",NA,"CAN_MONO_INCOMPLETE","Weakly Reject"
NA,"FNA2AA_filterlen33","Monocots/Eudicots","IS_MONO_INCOMPLETE",100,"IS_MONO_INCOMPLETE","Strongly Supported"
NA,"FNA2AA_filterlen33","Monocots/Eudicots","NOT_MONO",NA,"CAN_MONO_INCOMPLETE","Weakly Reject"
NA,"FNA2AA_filterlen33","Monocots/Eudicots","IS_MONO_INCOMPLETE",99,"IS_MONO_INCOMPLETE","Strongly Supported"
NA,"FNA2AA_filterlen33","Monocots/Eudicots","IS_MONO_INCOMPLETE",18,"CAN_MONO_INCOMPLETE","Weakly Supported"
NA,"FNA2AA_filterlen33","Monocots/Eudicots","NOT_MONO",NA,"NOT_MONO","Strongly Reject"
NA,"FNA2AA_filterlen33","Monocots/Eudicots","IS_MONO_INCOMPLETE",83,"IS_MONO_INCOMPLETE","Strongly Supported"
NA,"FNA2AA_filterlen33","Monocots/Eudicots","NOT_MONO",NA,"NOT_MONO","Strongly Reject"
NA,"FNA2AA_filterlen33","Monocots/Eudicots","NOT_MONO",NA,"CAN_MONO_INCOMPLETE","Weakly Reject"
NA,"FNA2AA_filterlen33","Monocots/Eudicots","IS_MONO_INCOMPLETE",20,"CAN_MONO_INCOMPLETE","Weakly Supported"
NA,"FNA2AA_filterlen33","Monocots/Eudicots","NOT_MONO",NA,"NOT_MONO","Strongly Reject"
NA,"FNA2AA_filterlen33","Monocots/Eudicots","NOT_MONO",NA,"CAN_MONO_INCOMPLETE","Weakly Reject"
NA,"FNA2AA_filterlen33","Monocots/Eudicots","NOT_MONO",NA,"NOT_MONO","Strongly Reject"
NA,"FNA2AA_filterlen33","Monocots/Eudicots","NOT_MONO",NA,"CAN_MONO_INCOMPLETE","Weakly Reject"
NA,"FNA2AA_filterlen33","Monocots/Eudicots","NOT_MONO",NA,"NOT_MONO","Strongly Reject"
NA,"FNA2AA_filterlen33","Monocots/Eudicots","IS_MONO_INCOMPLETE",43,"CAN_MONO_INCOMPLETE","Weakly Supported"
NA,"FNA2AA_filterlen33","Monocots/Eudicots","NOT_MONO",NA,"CAN_MONO_INCOMPLETE","Weakly Reject"
NA,"FNA2AA_filterlen33","Monocots/Eudicots","NOT_MONO",NA,"CAN_MONO_INCOMPLETE","Weakly Reject"
NA,"FNA2AA_filterlen33","Monocots/Eudicots","NOT_MONO",NA,"CAN_MONO_INCOMPLETE","Weakly Reject"
NA,"FNA2AA_filterlen33","Monocots/Eudicots","NOT_MONO",NA,"CAN_MONO_INCOMPLETE","Weakly Reject"
NA,"FNA2AA_filterlen33","Monocots/Eudicots","NOT_MONO",NA,"CAN_MONO_INCOMPLETE","Weakly Reject"
NA,"FNA2AA_filterlen33","Monocots/Eudicots","NOT_MONO",NA,"CAN_MONO_INCOMPLETE","Weakly Reject"
NA,"FNA2AA_filterlen33","Monocots/Eudicots","NOT_MONO",NA,"CAN_MONO_INCOMPLETE","Weakly Reject"
NA,"FNA2AA_filterlen33","Monocots/Eudicots","NOT_MONO",NA,"CAN_MONO_INCOMPLETE","Weakly Reject"
NA,"FNA2AA_filterlen33","Monocots/Eudicots","NOT_MONO",NA,"CAN_MONO_INCOMPLETE","Weakly Reject"
NA,"FNA2AA_filterlen33","Monocots/Eudicots","IS_MONO_INCOMPLETE",29,"CAN_MONO_INCOMPLETE","Weakly Supported"
NA,"FNA2AA_filterlen33","Monocots/Eudicots","NOT_MONO",NA,"NOT_MONO","Strongly Reject"
NA,"FNA2AA_filterlen33","Monocots/Eudicots","NOT_MONO",NA,"CAN_MONO_INCOMPLETE","Weakly Reject"
NA,"FNA2AA_filterlen33","Monocots/Eudicots","NOT_MONO",NA,"NOT_MONO","Strongly Reject"
NA,"FNA2AA_filterlen33","Monocots/Eudicots","NOT_MONO",NA,"CAN_MONO_INCOMPLETE","Weakly Reject"
NA,"FNA2AA_filterlen33","Monocots/Eudicots","NOT_MONO",NA,"CAN_MONO_INCOMPLETE","Weakly Reject"
NA,"FNA2AA_filterlen33","Monocots/Eudicots","NOT_MONO",NA,"CAN_MONO_INCOMPLETE","Weakly Reject"
NA,"FNA2AA_filterlen33","Monocots/Eudicots","NOT_MONO",NA,"CAN_MONO_INCOMPLETE","Weakly Reject"
NA,"FNA2AA_filterlen33","Monocots/Eudicots","NOT_MONO",NA,"NOT_MONO","Strongly Reject"
NA,"FNA2AA_filterlen33","Monocots/Eudicots","IS_MONO_INCOMPLETE",40,"CAN_MONO_INCOMPLETE","Weakly Supported"
NA,"FNA2AA_filterlen33","Monocots/Eudicots","IS_MONO_INCOMPLETE",12,"CAN_MONO_INCOMPLETE","Weakly Supported"
NA,"FNA2AA_filterlen33","Monocots/Eudicots","NOT_MONO",NA,"CAN_MONO_INCOMPLETE","Weakly Reject"
NA,"FNA2AA_filterlen33","Monocots/Eudicots","IS_MONO_INCOMPLETE",100,"IS_MONO_INCOMPLETE","Strongly Supported"
NA,"FNA2AA_filterlen33","Monocots/Eudicots","NOT_MONO",NA,"CAN_MONO_INCOMPLETE","Weakly Reject"
NA,"FNA2AA_filterlen33","Monocots/Eudicots","NOT_MONO",NA,"CAN_MONO_INCOMPLETE","Weakly Reject"
NA,"FNA2AA_filterlen33","Monocots/Eudicots","NOT_MONO",NA,"CAN_MONO_INCOMPLETE","Weakly Reject"
NA,"FNA2AA_filterlen33","Monocots/Eudicots","NOT_MONO",NA,"CAN_MONO_INCOMPLETE","Weakly Reject"
NA,"FNA2AA_filterlen33","Monocots/Eudicots","NOT_MONO",NA,"CAN_MONO_INCOMPLETE","Weakly Reject"
NA,"FNA2AA_filterlen33","Monocots/Eudicots","IS_MONO_INCOMPLETE",74,"CAN_MONO_INCOMPLETE","Weakly Supported"
NA,"FNA2AA_filterlen33","Monocots/Eudicots","NOT_MONO",NA,"NOT_MONO","Strongly Reject"
NA,"FNA2AA_filterlen33","Monocots/Eudicots","NOT_MONO",NA,"NOT_MONO","Strongly Reject"
NA,"FNA2AA_filterlen33","Monocots/Eudicots","NOT_MONO",NA,"CAN_MONO_INCOMPLETE","Weakly Reject"
NA,"FNA2AA_filterlen33","Monocots/Eudicots","NOT_MONO",NA,"NOT_MONO","Strongly Reject"
NA,"FNA2AA_filterlen33","Monocots/Eudicots","NOT_MONO",NA,"CAN_MONO_INCOMPLETE","Weakly Reject"
NA,"FNA2AA_filterlen33","Monocots/Eudicots","IS_MONO_INCOMPLETE",67,"CAN_MONO_INCOMPLETE","Weakly Supported"
NA,"FNA2AA_filterlen33","Monocots/Eudicots","NOT_MONO",NA,"CAN_MONO_INCOMPLETE","Weakly Reject"
NA,"FNA2AA_filterlen33","Monocots/Eudicots","NOT_MONO",NA,"CAN_MONO_INCOMPLETE","Weakly Reject"
NA,"FNA2AA_filterlen33","Monocots/Eudicots","IS_MONO_INCOMPLETE",26,"CAN_MONO_INCOMPLETE","Weakly Supported"
NA,"FNA2AA_filterlen33","Monocots/Eudicots","NOT_MONO",NA,"CAN_MONO_INCOMPLETE","Weakly Reject"
NA,"FNA2AA_filterlen33","Monocots/Eudicots","NOT_MONO",NA,"CAN_MONO_INCOMPLETE","Weakly Reject"
NA,"FNA2AA_filterlen33","Monocots/Eudicots","NOT_MONO",NA,"NOT_MONO","Strongly Reject"
NA,"FNA2AA_filterlen33","Monocots/Eudicots","COMP_MISSING",NA,"COMP_MISSING","Missing"
NA,"FNA2AA_filterlen33","Monocots/Eudicots","NOT_MONO",NA,"CAN_MONO_INCOMPLETE","Weakly Reject"
NA,"FNA2AA_filterlen33","Monocots/Eudicots","NOT_MONO",NA,"CAN_MONO_INCOMPLETE","Weakly Reject"
NA,"FNA2AA_filterlen33","Monocots/Eudicots","NOT_MONO",NA,"CAN_MONO_INCOMPLETE","Weakly Reject"
NA,"FNA2AA_filterlen33","Monocots/Eudicots","NOT_MONO",NA,"CAN_MONO_INCOMPLETE","Weakly Reject"
NA,"FNA2AA_filterlen33","Monocots/Eudicots","NOT_MONO",NA,"CAN_MONO_INCOMPLETE","Weakly Reject"
NA,"FNA2AA_filterlen33","Monocots/Eudicots","NOT_MONO",NA,"CAN_MONO_INCOMPLETE","Weakly Reject"
NA,"FNA2AA_filterlen33","Monocots/Eudicots","NOT_MONO",NA,"CAN_MONO_INCOMPLETE","Weakly Reject"
NA,"FNA2AA_filterlen33","Monocots/Eudicots","NOT_MONO",NA,"CAN_MONO_INCOMPLETE","Weakly Reject"
NA,"FNA2AA_filterlen33","Monocots/Eudicots","NOT_MONO",NA,"CAN_MONO_INCOMPLETE","Weakly Reject"
NA,"FNA2AA_filterlen33","Monocots/Eudicots","NOT_MONO",NA,"NOT_MONO","Strongly Reject"
NA,"FNA2AA_filterlen33","Monocots/Eudicots","IS_MONO_INCOMPLETE",18,"CAN_MONO_INCOMPLETE","Weakly Supported"
NA,"FNA2AA_filterlen33","Monocots/Eudicots","IS_MONO_INCOMPLETE",21,"CAN_MONO_INCOMPLETE","Weakly Supported"
NA,"FNA2AA_filterlen33","Monocots/Eudicots","NOT_MONO",NA,"CAN_MONO_INCOMPLETE","Weakly Reject"
NA,"FNA2AA_filterlen33","Monocots/Eudicots","NOT_MONO",NA,"CAN_MONO_INCOMPLETE","Weakly Reject"
NA,"FNA2AA_filterlen33","Monocots/Eudicots","NOT_MONO",NA,"NOT_MONO","Strongly Reject"
NA,"FNA2AA_filterlen33","Monocots/Eudicots","NOT_MONO",NA,"CAN_MONO_INCOMPLETE","Weakly Reject"
NA,"FNA2AA_filterlen33","Monocots/Eudicots","NOT_MONO",NA,"CAN_MONO_INCOMPLETE","Weakly Reject"
NA,"FNA2AA_filterlen33","Monocots/Eudicots","NOT_MONO",NA,"NOT_MONO","Strongly Reject"
NA,"FNA2AA_filterlen33","Monocots/Eudicots","NOT_MONO",NA,"CAN_MONO_INCOMPLETE","Weakly Reject"
NA,"FNA2AA_filterlen33","Monocots/Eudicots","NOT_MONO",NA,"CAN_MONO_INCOMPLETE","Weakly Reject"
NA,"FNA2AA_filterlen33","Monocots/Eudicots","NOT_MONO",NA,"CAN_MONO_INCOMPLETE","Weakly Reject"
NA,"FNA2AA_filterlen33","Monocots/Eudicots","IS_MONO_INCOMPLETE",14,"CAN_MONO_INCOMPLETE","Weakly Supported"
NA,"FNA2AA_filterlen33","Monocots/Eudicots","CAN_MONO_INCOMPLETE",NA,"CAN_MONO_INCOMPLETE","Weakly Reject"
NA,"FNA2AA_filterlen33","Monocots/Eudicots","NOT_MONO",NA,"NOT_MONO","Strongly Reject"
NA,"FNA2AA_filterlen33","Monocots/Eudicots","NOT_MONO",NA,"CAN_MONO_INCOMPLETE","Weakly Reject"
NA,"FNA2AA_filterlen33","Monocots/Eudicots","IS_MONO_INCOMPLETE",3,"CAN_MONO_INCOMPLETE","Weakly Supported"
NA,"FNA2AA_filterlen33","Monocots/Eudicots","COMP_MISSING",NA,"COMP_MISSING","Missing"
NA,"FNA2AA_filterlen33","Monocots/Eudicots","NOT_MONO",NA,"NOT_MONO","Strongly Reject"
NA,"FNA2AA_filterlen33","Monocots/Eudicots","NOT_MONO",NA,"CAN_MONO_INCOMPLETE","Weakly Reject"
NA,"FNA2AA_filterlen33","Monocots/Eudicots","NOT_MONO",NA,"CAN_MONO_INCOMPLETE","Weakly Reject"
NA,"FNA2AA_filterlen33","Monocots/Eudicots","NOT_MONO",NA,"CAN_MONO_INCOMPLETE","Weakly Reject"
NA,"FNA2AA_filterlen33","Monocots/Eudicots","NOT_MONO",NA,"CAN_MONO_INCOMPLETE","Weakly Reject"
NA,"FNA2AA_filterlen33","Monocots/Eudicots","NOT_MONO",NA,"CAN_MONO_INCOMPLETE","Weakly Reject"
NA,"FNA2AA_filterlen33","Monocots/Eudicots","NOT_MONO",NA,"CAN_MONO","Weakly Reject"
NA,"FNA2AA_filterlen33","Monocots/Eudicots","NOT_MONO",NA,"CAN_MONO_INCOMPLETE","Weakly Reject"
NA,"FNA2AA_filterlen33","Monocots/Eudicots","NOT_MONO",NA,"CAN_MONO_INCOMPLETE","Weakly Reject"
NA,"FNA2AA_filterlen33","Monocots/Eudicots","NOT_MONO",NA,"CAN_MONO_INCOMPLETE","Weakly Reject"
NA,"FNA2AA_filterlen33","Monocots/Eudicots","NOT_MONO",NA,"CAN_MONO_INCOMPLETE","Weakly Reject"
NA,"FNA2AA_filterlen33","Monocots/Eudicots","IS_MONO_INCOMPLETE",24,"CAN_MONO_INCOMPLETE","Weakly Supported"
NA,"FNA2AA_filterlen33","Monocots/Eudicots","NOT_MONO",NA,"CAN_MONO_INCOMPLETE","Weakly Reject"
NA,"FNA2AA_filterlen33","Monocots/Eudicots","NOT_MONO",NA,"CAN_MONO_INCOMPLETE","Weakly Reject"
NA,"FNA2AA_filterlen33","Monocots/Eudicots","NOT_MONO",NA,"CAN_MONO_INCOMPLETE","Weakly Reject"
NA,"FNA2AA_filterlen33","Monocots/Eudicots","NOT_MONO",NA,"CAN_MONO_INCOMPLETE","Weakly Reject"
NA,"FNA2AA_filterlen33","Monocots/Eudicots","NOT_MONO",NA,"CAN_MONO_INCOMPLETE","Weakly Reject"
NA,"FNA2AA_filterlen33","Monocots/Eudicots","NOT_MONO",NA,"CAN_MONO_INCOMPLETE","Weakly Reject"
NA,"FNA2AA_filterlen33","Monocots/Eudicots","NOT_MONO",NA,"CAN_MONO_INCOMPLETE","Weakly Reject"
NA,"FNA2AA_filterlen33","Monocots/Eudicots","NOT_MONO",NA,"CAN_MONO_INCOMPLETE","Weakly Reject"
NA,"FNA2AA_filterlen33","Monocots/Eudicots","NOT_MONO",NA,"CAN_MONO_INCOMPLETE","Weakly Reject"
NA,"FNA2AA_filterlen33","Monocots/Eudicots","NOT_MONO",NA,"CAN_MONO_INCOMPLETE","Weakly Reject"
NA,"FNA2AA_filterlen33","Monocots/Eudicots","NOT_MONO",NA,"CAN_MONO_INCOMPLETE","Weakly Reject"
NA,"FNA2AA_filterlen33","Monocots/Eudicots","NOT_MONO",NA,"CAN_MONO_INCOMPLETE","Weakly Reject"
NA,"FNA2AA_filterlen33","Monocots/Eudicots","IS_MONO_INCOMPLETE",46,"CAN_MONO_INCOMPLETE","Weakly Supported"
NA,"FNA2AA_filterlen33","Monocots/Eudicots","NOT_MONO",NA,"CAN_MONO_INCOMPLETE","Weakly Reject"
NA,"FNA2AA_filterlen33","Monocots/Eudicots","NOT_MONO",NA,"NOT_MONO","Strongly Reject"
NA,"FNA2AA_filterlen33","Monocots/Eudicots","NOT_MONO",NA,"CAN_MONO_INCOMPLETE","Weakly Reject"
NA,"FNA2AA_filterlen33","Monocots/Eudicots","NOT_MONO",NA,"NOT_MONO","Strongly Reject"
NA,"FNA2AA_filterlen33","Monocots/Eudicots","COMP_MISSING",NA,"COMP_MISSING","Missing"
NA,"FNA2AA_filterlen33","Monocots/Eudicots","NOT_MONO",NA,"CAN_MONO_INCOMPLETE","Weakly Reject"
NA,"FNA2AA_filterlen33","Monocots/Eudicots","NOT_MONO",NA,"CAN_MONO_INCOMPLETE","Weakly Reject"
NA,"FNA2AA_filterlen33","Monocots/Eudicots","NOT_MONO",NA,"CAN_MONO_INCOMPLETE","Weakly Reject"
NA,"FNA2AA_filterlen33","Monocots/Eudicots","NOT_MONO",NA,"CAN_MONO_INCOMPLETE","Weakly Reject"
NA,"FNA2AA_filterlen33","Monocots/Eudicots","NOT_MONO",NA,"CAN_MONO_INCOMPLETE","Weakly Reject"
NA,"FNA2AA_filterlen33","Monocots/Eudicots","NOT_MONO",NA,"NOT_MONO","Strongly Reject"
NA,"FNA2AA_filterlen33","Monocots/Eudicots","NOT_MONO",NA,"CAN_MONO_INCOMPLETE","Weakly Reject"
NA,"FNA2AA_filterlen33","Monocots/Eudicots","NOT_MONO",NA,"CAN_MONO_INCOMPLETE","Weakly Reject"
NA,"FNA2AA_filterlen33","Monocots/Eudicots","NOT_MONO",NA,"CAN_MONO_INCOMPLETE","Weakly Reject"
NA,"FNA2AA_filterlen33","Monocots/Eudicots","NOT_MONO",NA,"CAN_MONO_INCOMPLETE","Weakly Reject"
NA,"FNA2AA_filterlen33","Monocots/Eudicots","NOT_MONO",NA,"CAN_MONO_INCOMPLETE","Weakly Reject"
NA,"FNA2AA_filterlen33","Monocots/Eudicots","NOT_MONO",NA,"CAN_MONO_INCOMPLETE","Weakly Reject"
NA,"FNA2AA_filterlen33","Monocots/Eudicots","NOT_MONO",NA,"CAN_MONO_INCOMPLETE","Weakly Reject"
NA,"FNA2AA_filterlen33","Monocots/Eudicots","NOT_MONO",NA,"NOT_MONO","Strongly Reject"
NA,"FNA2AA_filterlen33","Monocots/Eudicots","NOT_MONO",NA,"CAN_MONO_INCOMPLETE","Weakly Reject"
NA,"FNA2AA_filterlen33","Monocots/Eudicots","NOT_MONO",NA,"NOT_MONO","Strongly Reject"
NA,"FNA2AA_filterlen33","Monocots/Eudicots","NOT_MONO",NA,"CAN_MONO_INCOMPLETE","Weakly Reject"
NA,"FNA2AA_filterlen33","Monocots/Eudicots","NOT_MONO",NA,"CAN_MONO_INCOMPLETE","Weakly Reject"
NA,"FNA2AA_filterlen33","Monocots/Eudicots","NOT_MONO",NA,"CAN_MONO_INCOMPLETE","Weakly Reject"
NA,"FNA2AA_filterlen33","Monocots/Eudicots","NOT_MONO",NA,"CAN_MONO_INCOMPLETE","Weakly Reject"
NA,"FNA2AA_filterlen33","Monocots/Eudicots","NOT_MONO",NA,"CAN_MONO_INCOMPLETE","Weakly Reject"
NA,"FNA2AA_filterlen33","Monocots/Eudicots","NOT_MONO",NA,"CAN_MONO_INCOMPLETE","Weakly Reject"
NA,"FNA2AA_filterlen33","Monocots/Eudicots","NOT_MONO",NA,"CAN_MONO_INCOMPLETE","Weakly Reject"
NA,"FNA2AA_filterlen33","Monocots/Eudicots","NOT_MONO",NA,"CAN_MONO_INCOMPLETE","Weakly Reject"
NA,"FNA2AA_filterlen33","Monocots/Eudicots","IS_MONO_INCOMPLETE",18,"CAN_MONO_INCOMPLETE","Weakly Supported"
NA,"FNA2AA_filterlen33","Monocots/Eudicots","NOT_MONO",NA,"CAN_MONO_INCOMPLETE","Weakly Reject"
NA,"FNA2AA_filterlen33","Monocots/Eudicots","NOT_MONO",NA,"CAN_MONO_INCOMPLETE","Weakly Reject"
NA,"FNA2AA_filterlen33","Monocots/Eudicots","NOT_MONO",NA,"CAN_MONO_INCOMPLETE","Weakly Reject"
NA,"FNA2AA_filterlen33","Monocots/Eudicots","NOT_MONO",NA,"CAN_MONO_INCOMPLETE","Weakly Reject"
NA,"FNA2AA_filterlen33","Monocots/Eudicots","NOT_MONO",NA,"CAN_MONO_INCOMPLETE","Weakly Reject"
NA,"FNA2AA_filterlen33","Monocots/Eudicots","NOT_MONO",NA,"CAN_MONO_INCOMPLETE","Weakly Reject"
NA,"FNA2AA_filterlen33","Monocots/Eudicots","NOT_MONO",NA,"CAN_MONO_INCOMPLETE","Weakly Reject"
NA,"FNA2AA_filterlen33","Monocots/Eudicots","NOT_MONO",NA,"CAN_MONO_INCOMPLETE","Weakly Reject"
NA,"FNA2AA_filterlen33","Monocots/Eudicots","NOT_MONO",NA,"CAN_MONO_INCOMPLETE","Weakly Reject"
NA,"FNA2AA_filterlen33","Monocots/Eudicots","NOT_MONO",NA,"CAN_MONO_INCOMPLETE","Weakly Reject"
NA,"FNA2AA_filterlen33","Monocots/Eudicots","IS_MONO_INCOMPLETE",42,"CAN_MONO_INCOMPLETE","Weakly Supported"
NA,"FNA2AA_filterlen33","Monocots/Eudicots","NOT_MONO",NA,"CAN_MONO_INCOMPLETE","Weakly Reject"
NA,"FNA2AA_filterlen33","Monocots/Eudicots","NOT_MONO",NA,"NOT_MONO","Strongly Reject"
NA,"FNA2AA_filterlen33","Monocots/Eudicots","NOT_MONO",NA,"CAN_MONO_INCOMPLETE","Weakly Reject"
NA,"FNA2AA_filterlen33","Monocots/Eudicots","NOT_MONO",NA,"CAN_MONO_INCOMPLETE","Weakly Reject"
NA,"FNA2AA_filterlen33","Monocots/Eudicots","NOT_MONO",NA,"CAN_MONO_INCOMPLETE","Weakly Reject"
NA,"FNA2AA_filterlen33","Monocots/Eudicots","NOT_MONO",NA,"NOT_MONO","Strongly Reject"
NA,"FNA2AA_filterlen33","Monocots/Eudicots","NOT_MONO",NA,"NOT_MONO","Strongly Reject"
NA,"FNA2AA_filterlen33","Monocots/Eudicots","NOT_MONO",NA,"CAN_MONO_INCOMPLETE","Weakly Reject"
NA,"FNA2AA_filterlen33","Monocots/Eudicots","NOT_MONO",NA,"CAN_MONO_INCOMPLETE","Weakly Reject"
NA,"FNA2AA_filterlen33","Monocots/Eudicots","NOT_MONO",NA,"CAN_MONO_INCOMPLETE","Weakly Reject"
NA,"FNA2AA_filterlen33","Monocots/Eudicots","NOT_MONO",NA,"CAN_MONO_INCOMPLETE","Weakly Reject"
NA,"FNA2AA_filterlen33","Monocots/Eudicots","NOT_MONO",NA,"CAN_MONO_INCOMPLETE","Weakly Reject"
NA,"FNA2AA_filterlen33","Monocots/Eudicots","NOT_MONO",NA,"CAN_MONO_INCOMPLETE","Weakly Reject"
NA,"FNA2AA_filterlen33","Monocots/Eudicots","NOT_MONO",NA,"CAN_MONO_INCOMPLETE","Weakly Reject"
NA,"FNA2AA_filterlen33","Monocots/Eudicots","IS_MONO_INCOMPLETE",60,"CAN_MONO_INCOMPLETE","Weakly Supported"
NA,"FNA2AA_filterlen33","Monocots/Eudicots","NOT_MONO",NA,"CAN_MONO_INCOMPLETE","Weakly Reject"
NA,"FNA2AA_filterlen33","Monocots/Eudicots","NOT_MONO",NA,"NOT_MONO","Strongly Reject"
NA,"FNA2AA_filterlen33","Monocots/Eudicots","NOT_MONO",NA,"CAN_MONO_INCOMPLETE","Weakly Reject"
NA,"FNA2AA_filterlen33","Monocots/Eudicots","NOT_MONO",NA,"CAN_MONO_INCOMPLETE","Weakly Reject"
NA,"FNA2AA_filterlen33","Monocots/Eudicots","NOT_MONO",NA,"NOT_MONO","Strongly Reject"
NA,"FNA2AA_filterlen33","Monocots/Eudicots","NOT_MONO",NA,"CAN_MONO_INCOMPLETE","Weakly Reject"
NA,"FNA2AA_filterlen33","Monocots/Eudicots","NOT_MONO",NA,"CAN_MONO_INCOMPLETE","Weakly Reject"
NA,"FNA2AA_filterlen33","Monocots/Eudicots","IS_MONO_INCOMPLETE",81,"IS_MONO_INCOMPLETE","Strongly Supported"
NA,"FNA2AA_filterlen33","Monocots/Eudicots","NOT_MONO",NA,"CAN_MONO_INCOMPLETE","Weakly Reject"
NA,"FNA2AA_filterlen33","Monocots/Eudicots","NOT_MONO",NA,"CAN_MONO_INCOMPLETE","Weakly Reject"
NA,"FNA2AA_filterlen33","Monocots/Eudicots","NOT_MONO",NA,"CAN_MONO_INCOMPLETE","Weakly Reject"
NA,"FNA2AA_filterlen33","Monocots/Eudicots","IS_MONO_INCOMPLETE",96,"IS_MONO_INCOMPLETE","Strongly Supported"
NA,"FNA2AA_filterlen33","Monocots/Eudicots","NOT_MONO",NA,"CAN_MONO_INCOMPLETE","Weakly Reject"
NA,"FNA2AA_filterlen33","Monocots/Eudicots","CAN_MONO_INCOMPLETE",NA,"CAN_MONO_INCOMPLETE","Weakly Reject"
NA,"FNA2AA_filterlen33","Monocots/Eudicots","NOT_MONO",NA,"CAN_MONO_INCOMPLETE","Weakly Reject"
NA,"FNA2AA_filterlen33","Monocots/Eudicots","NOT_MONO",NA,"NOT_MONO","Strongly Reject"
NA,"FNA2AA_filterlen33","Monocots/Eudicots","NOT_MONO",NA,"NOT_MONO","Strongly Reject"
NA,"FNA2AA_filterlen33","Monocots/Eudicots","NOT_MONO",NA,"NOT_MONO","Strongly Reject"
NA,"FNA2AA_filterlen33","Monocots/Eudicots","NOT_MONO",NA,"CAN_MONO_INCOMPLETE","Weakly Reject"
NA,"FNA2AA_filterlen33","Monocots/Eudicots","NOT_MONO",NA,"CAN_MONO_INCOMPLETE","Weakly Reject"
NA,"FNA2AA_filterlen33","Monocots/Eudicots","NOT_MONO",NA,"CAN_MONO_INCOMPLETE","Weakly Reject"
NA,"FNA2AA_filterlen33","Monocots/Eudicots","NOT_MONO",NA,"CAN_MONO_INCOMPLETE","Weakly Reject"
NA,"FNA2AA_filterlen33","Monocots/Eudicots","NOT_MONO",NA,"CAN_MONO_INCOMPLETE","Weakly Reject"
NA,"FNA2AA_filterlen33","Monocots/Eudicots","NOT_MONO",NA,"NOT_MONO","Strongly Reject"
NA,"FNA2AA_filterlen33","Monocots/Eudicots","NOT_MONO",NA,"CAN_MONO_INCOMPLETE","Weakly Reject"
NA,"FNA2AA_filterlen33","Monocots/Eudicots","NOT_MONO",NA,"CAN_MONO_INCOMPLETE","Weakly Reject"
NA,"FNA2AA_filterlen33","Monocots/Eudicots","NOT_MONO",NA,"CAN_MONO_INCOMPLETE","Weakly Reject"
NA,"FNA2AA_filterlen33","Monocots/Eudicots","NOT_MONO",NA,"CAN_MONO_INCOMPLETE","Weakly Reject"
NA,"FNA2AA_filterlen33","Monocots/Eudicots","NOT_MONO",NA,"NOT_MONO","Strongly Reject"
NA,"FNA2AA_filterlen33","Monocots/Eudicots","IS_MONO_INCOMPLETE",100,"IS_MONO_INCOMPLETE","Strongly Supported"
NA,"FNA2AA_filterlen33","Monocots/Eudicots","NOT_MONO",NA,"CAN_MONO_INCOMPLETE","Weakly Reject"
NA,"FNA2AA_filterlen33","Monocots/Eudicots","NOT_MONO",NA,"CAN_MONO_INCOMPLETE","Weakly Reject"
NA,"FNA2AA_filterlen33","Monocots/Eudicots","NOT_MONO",NA,"NOT_MONO","Strongly Reject"
NA,"FNA2AA_filterlen33","Monocots/Eudicots","NOT_MONO",NA,"CAN_MONO_INCOMPLETE","Weakly Reject"
NA,"FNA2AA_filterlen33","Monocots/Eudicots","NOT_MONO",NA,"NOT_MONO","Strongly Reject"
NA,"FNA2AA_filterlen33","Monocots/Eudicots","CAN_MONO_INCOMPLETE",NA,"CAN_MONO_INCOMPLETE","Weakly Reject"
NA,"FNA2AA_filterlen33","Monocots/Eudicots","NOT_MONO",NA,"CAN_MONO_INCOMPLETE","Weakly Reject"
NA,"FNA2AA_filterlen33","Monocots/Eudicots","NOT_MONO",NA,"CAN_MONO_INCOMPLETE","Weakly Reject"
NA,"FNA2AA_filterlen33","Monocots/Eudicots","IS_MONO_INCOMPLETE",40,"CAN_MONO_INCOMPLETE","Weakly Supported"
NA,"FNA2AA_filterlen33","Monocots/Eudicots","IS_MONO_INCOMPLETE",21,"CAN_MONO_INCOMPLETE","Weakly Supported"
NA,"FNA2AA_filterlen33","Monocots/Eudicots","NOT_MONO",NA,"CAN_MONO_INCOMPLETE","Weakly Reject"
NA,"FNA2AA_filterlen33","Monocots/Eudicots","NOT_MONO",NA,"CAN_MONO_INCOMPLETE","Weakly Reject"
NA,"FNA2AA_filterlen33","Monocots/Eudicots","IS_MONO_INCOMPLETE",100,"IS_MONO_INCOMPLETE","Strongly Supported"
NA,"FNA2AA_filterlen33","Monocots/Eudicots","IS_MONO_INCOMPLETE",46,"CAN_MONO_INCOMPLETE","Weakly Supported"
NA,"FNA2AA_filterlen33","Monocots/Eudicots","NOT_MONO",NA,"NOT_MONO","Strongly Reject"
NA,"FNA2AA_filterlen33","Monocots/Eudicots","NOT_MONO",NA,"CAN_MONO_INCOMPLETE","Weakly Reject"
NA,"FNA2AA_filterlen33","Monocots/Eudicots","NOT_MONO",NA,"CAN_MONO_INCOMPLETE","Weakly Reject"
NA,"FNA2AA_filterlen33","Monocots/Eudicots","NOT_MONO",NA,"CAN_MONO_INCOMPLETE","Weakly Reject"
NA,"FNA2AA_filterlen33","Monocots/Eudicots","NOT_MONO",NA,"NOT_MONO","Strongly Reject"
NA,"FNA2AA_filterlen33","Monocots/Eudicots","IS_MONO_INCOMPLETE",54,"CAN_MONO_INCOMPLETE","Weakly Supported"
NA,"FNA2AA_filterlen33","Monocots/Eudicots","NOT_MONO",NA,"NOT_MONO","Strongly Reject"
NA,"FNA2AA_filterlen33","Monocots/Eudicots","IS_MONO_INCOMPLETE",55,"CAN_MONO_INCOMPLETE","Weakly Supported"
NA,"FNA2AA_filterlen33","Monocots/Eudicots","NOT_MONO",NA,"CAN_MONO_INCOMPLETE","Weakly Reject"
NA,"FNA2AA_filterlen33","Monocots/Eudicots","NOT_MONO",NA,"CAN_MONO_INCOMPLETE","Weakly Reject"
NA,"FNA2AA_filterlen33","Monocots/Eudicots","NOT_MONO",NA,"CAN_MONO_INCOMPLETE","Weakly Reject"
NA,"FNA2AA_filterlen33","Monocots/Eudicots","NOT_MONO",NA,"CAN_MONO_INCOMPLETE","Weakly Reject"
NA,"FNA2AA_filterlen33","Monocots/Eudicots","NOT_MONO",NA,"CAN_MONO_INCOMPLETE","Weakly Reject"
NA,"FNA2AA_filterlen33","Monocots/Eudicots","NOT_MONO",NA,"NOT_MONO","Strongly Reject"
NA,"FNA2AA_filterlen33","Monocots/Eudicots","NOT_MONO",NA,"CAN_MONO_INCOMPLETE","Weakly Reject"
NA,"FNA2AA_filterlen33","Monocots/Eudicots","NOT_MONO",NA,"CAN_MONO_INCOMPLETE","Weakly Reject"
NA,"FNA2AA_filterlen33","Monocots/Eudicots","CAN_MONO_INCOMPLETE",NA,"CAN_MONO_INCOMPLETE","Weakly Reject"
NA,"FNA2AA_filterlen33","Monocots/Eudicots","NOT_MONO",NA,"CAN_MONO_INCOMPLETE","Weakly Reject"
NA,"FNA2AA_filterlen33","Monocots/Eudicots","NOT_MONO",NA,"CAN_MONO_INCOMPLETE","Weakly Reject"
NA,"FNA2AA_filterlen33","Monocots/Eudicots","NOT_MONO",NA,"CAN_MONO_INCOMPLETE","Weakly Reject"
NA,"FNA2AA_filterlen33","Monocots/Eudicots","IS_MONO_INCOMPLETE",100,"IS_MONO_INCOMPLETE","Strongly Supported"
NA,"FNA2AA_filterlen33","Monocots/Eudicots","NOT_MONO",NA,"NOT_MONO","Strongly Reject"
NA,"FNA2AA_filterlen33","Monocots/Eudicots","NOT_MONO",NA,"CAN_MONO_INCOMPLETE","Weakly Reject"
NA,"FNA2AA_filterlen33","Monocots/Eudicots","NOT_MONO",NA,"CAN_MONO_INCOMPLETE","Weakly Reject"
NA,"FNA2AA_filterlen33","Monocots/Eudicots","NOT_MONO",NA,"CAN_MONO_INCOMPLETE","Weakly Reject"
NA,"FNA2AA_filterlen33","Monocots/Eudicots","NOT_MONO",NA,"CAN_MONO_INCOMPLETE","Weakly Reject"
NA,"FNA2AA_filterlen33","Monocots/Eudicots","NOT_MONO",NA,"CAN_MONO_INCOMPLETE","Weakly Reject"
NA,"FNA2AA_filterlen33","Monocots/Eudicots","NOT_MONO",NA,"CAN_MONO_INCOMPLETE","Weakly Reject"
NA,"FNA2AA_filterlen33","Monocots/Eudicots","NOT_MONO",NA,"NOT_MONO","Strongly Reject"
NA,"FNA2AA_filterlen33","Monocots/Eudicots","NOT_MONO",NA,"CAN_MONO_INCOMPLETE","Weakly Reject"
NA,"FNA2AA_filterlen33","Monocots/Eudicots","NOT_MONO",NA,"CAN_MONO_INCOMPLETE","Weakly Reject"
NA,"FNA2AA_filterlen33","Monocots/Eudicots","NOT_MONO",NA,"CAN_MONO_INCOMPLETE","Weakly Reject"
NA,"FNA2AA_filterlen33","Monocots/Eudicots","NOT_MONO",NA,"CAN_MONO_INCOMPLETE","Weakly Reject"
NA,"FNA2AA_filterlen33","Monocots/Eudicots","NOT_MONO",NA,"CAN_MONO_INCOMPLETE","Weakly Reject"
NA,"FNA2AA_filterlen33","Monocots/Eudicots","IS_MONO_INCOMPLETE",54,"CAN_MONO_INCOMPLETE","Weakly Supported"
NA,"FNA2AA_filterlen33","Monocots/Eudicots","NOT_MONO",NA,"CAN_MONO_INCOMPLETE","Weakly Reject"
NA,"FNA2AA_filterlen33","Monocots/Eudicots","NOT_MONO",NA,"NOT_MONO","Strongly Reject"
NA,"FNA2AA_filterlen33","Monocots/Eudicots","NOT_MONO",NA,"CAN_MONO_INCOMPLETE","Weakly Reject"
NA,"FNA2AA_filterlen33","Monocots/Eudicots","NOT_MONO",NA,"CAN_MONO_INCOMPLETE","Weakly Reject"
NA,"FNA2AA_filterlen33","Monocots/Eudicots","NOT_MONO",NA,"CAN_MONO_INCOMPLETE","Weakly Reject"
NA,"FNA2AA_filterlen33","Monocots/Eudicots","NOT_MONO",NA,"CAN_MONO_INCOMPLETE","Weakly Reject"
NA,"FNA2AA_filterlen33","Monocots/Eudicots","NOT_MONO",NA,"CAN_MONO_INCOMPLETE","Weakly Reject"
NA,"FNA2AA_filterlen33","Monocots/Eudicots","NOT_MONO",NA,"NOT_MONO","Strongly Reject"
NA,"FNA2AA_filterlen33","Monocots/Eudicots","NOT_MONO",NA,"CAN_MONO_INCOMPLETE","Weakly Reject"
NA,"FNA2AA_filterlen33","Monocots/Eudicots","NOT_MONO",NA,"CAN_MONO_INCOMPLETE","Weakly Reject"
NA,"FNA2AA_filterlen33","Monocots/Eudicots","NOT_MONO",NA,"CAN_MONO_INCOMPLETE","Weakly Reject"
NA,"FNA2AA_filterlen33","Monocots/Eudicots","NOT_MONO",NA,"NOT_MONO","Strongly Reject"
NA,"FNA2AA_filterlen33","Monocots/Eudicots","NOT_MONO",NA,"CAN_MONO_INCOMPLETE","Weakly Reject"
NA,"FNA2AA_filterlen33","Monocots/Eudicots","NOT_MONO",NA,"NOT_MONO","Strongly Reject"
NA,"FNA2AA_filterlen33","Monocots/Eudicots","NOT_MONO",NA,"CAN_MONO_INCOMPLETE","Weakly Reject"
NA,"FNA2AA_filterlen33","Monocots/Eudicots","NOT_MONO",NA,"CAN_MONO_INCOMPLETE","Weakly Reject"
NA,"FNA2AA_filterlen33","Monocots/Eudicots","NOT_MONO",NA,"CAN_MONO_INCOMPLETE","Weakly Reject"
NA,"FNA2AA_filterlen33","Monocots/Eudicots","NOT_MONO",NA,"CAN_MONO_INCOMPLETE","Weakly Reject"
NA,"FNA2AA_filterlen33","Monocots/Eudicots","NOT_MONO",NA,"NOT_MONO","Strongly Reject"
NA,"FNA2AA_filterlen33","Monocots/Eudicots","NOT_MONO",NA,"CAN_MONO_INCOMPLETE","Weakly Reject"
NA,"FNA2AA_filterlen33","Monocots/Eudicots","NOT_MONO",NA,"CAN_MONO_INCOMPLETE","Weakly Reject"
NA,"FNA2AA_filterlen33","Monocots/Eudicots","NOT_MONO",NA,"CAN_MONO_INCOMPLETE","Weakly Reject"
NA,"FNA2AA_filterlen33","Monocots/Eudicots","NOT_MONO",NA,"CAN_MONO_INCOMPLETE","Weakly Reject"
NA,"FNA2AA_filterlen33","Monocots/Eudicots","NOT_MONO",NA,"CAN_MONO_INCOMPLETE","Weakly Reject"
NA,"FNA2AA_filterlen33","Monocots/Eudicots","NOT_MONO",NA,"CAN_MONO_INCOMPLETE","Weakly Reject"
NA,"FNA2AA_filterlen33","Monocots/Eudicots","NOT_MONO",NA,"NOT_MONO","Strongly Reject"
NA,"FNA2AA_filterlen33","Monocots/Eudicots","NOT_MONO",NA,"CAN_MONO_INCOMPLETE","Weakly Reject"
NA,"FNA2AA_filterlen33","Monocots/Eudicots","NOT_MONO",NA,"CAN_MONO_INCOMPLETE","Weakly Reject"
NA,"FNA2AA_filterlen33","Monocots/Eudicots","NOT_MONO",NA,"CAN_MONO_INCOMPLETE","Weakly Reject"
NA,"FNA2AA_filterlen33","Monocots/Eudicots","NOT_MONO",NA,"CAN_MONO_INCOMPLETE","Weakly Reject"
NA,"FNA2AA_filterlen33","Monocots/Eudicots","NOT_MONO",NA,"CAN_MONO_INCOMPLETE","Weakly Reject"
NA,"FNA2AA_filterlen33","Monocots/Eudicots","NOT_MONO",NA,"CAN_MONO_INCOMPLETE","Weakly Reject"
NA,"FNA2AA_filterlen33","Monocots/Eudicots","NOT_MONO",NA,"CAN_MONO_INCOMPLETE","Weakly Reject"
NA,"FNA2AA_filterlen33","Monocots/Eudicots","NOT_MONO",NA,"CAN_MONO_INCOMPLETE","Weakly Reject"
NA,"FNA2AA_filterlen33","Monocots/Eudicots","IS_MONO_INCOMPLETE",20,"CAN_MONO_INCOMPLETE","Weakly Supported"
NA,"FNA2AA_filterlen33","Monocots/Eudicots","IS_MONO_INCOMPLETE",12,"CAN_MONO_INCOMPLETE","Weakly Supported"
NA,"FNA2AA_filterlen33","Monocots/Eudicots","NOT_MONO",NA,"CAN_MONO_INCOMPLETE","Weakly Reject"
NA,"FNA2AA_filterlen33","Monocots/Eudicots","IS_MONO_INCOMPLETE",43,"CAN_MONO_INCOMPLETE","Weakly Supported"
NA,"FNA2AA_filterlen33","Monocots/Eudicots","NOT_MONO",NA,"CAN_MONO_INCOMPLETE","Weakly Reject"
NA,"FNA2AA_filterlen33","Monocots/Eudicots","NOT_MONO",NA,"CAN_MONO_INCOMPLETE","Weakly Reject"
NA,"FNA2AA_filterlen33","Monocots/Eudicots","IS_MONO_INCOMPLETE",50,"CAN_MONO_INCOMPLETE","Weakly Supported"
NA,"FNA2AA_filterlen33","Monocots/Eudicots","NOT_MONO",NA,"CAN_MONO_INCOMPLETE","Weakly Reject"
NA,"FNA2AA_filterlen33","Monocots/Eudicots","NOT_MONO",NA,"CAN_MONO_INCOMPLETE","Weakly Reject"
NA,"FNA2AA_filterlen33","Monocots/Eudicots","NOT_MONO",NA,"CAN_MONO_INCOMPLETE","Weakly Reject"
NA,"FNA2AA_filterlen33","Monocots/Eudicots","NOT_MONO",NA,"CAN_MONO_INCOMPLETE","Weakly Reject"
NA,"FNA2AA_filterlen33","Monocots/Eudicots","NOT_MONO",NA,"CAN_MONO_INCOMPLETE","Weakly Reject"
NA,"FNA2AA_filterlen33","Monocots/Eudicots","NOT_MONO",NA,"CAN_MONO_INCOMPLETE","Weakly Reject"
NA,"FNA2AA_filterlen33","Monocots/Eudicots","NOT_MONO",NA,"CAN_MONO_INCOMPLETE","Weakly Reject"
NA,"FNA2AA_filterlen33","Monocots/Eudicots","NOT_MONO",NA,"CAN_MONO_INCOMPLETE","Weakly Reject"
NA,"FNA2AA_filterlen33","Monocots/Eudicots","IS_MONO_INCOMPLETE",47,"CAN_MONO_INCOMPLETE","Weakly Supported"
NA,"FNA2AA_filterlen33","Monocots/Eudicots","NOT_MONO",NA,"CAN_MONO_INCOMPLETE","Weakly Reject"
NA,"FNA2AA_filterlen33","Monocots/Eudicots","NOT_MONO",NA,"CAN_MONO_INCOMPLETE","Weakly Reject"
NA,"FNA2AA_filterlen33","Monocots/Eudicots","NOT_MONO",NA,"NOT_MONO","Strongly Reject"
NA,"FNA2AA_filterlen33","Monocots/Eudicots","NOT_MONO",NA,"CAN_MONO_INCOMPLETE","Weakly Reject"
NA,"FNA2AA_filterlen33","Monocots/Eudicots","IS_MONO_INCOMPLETE",96,"IS_MONO_INCOMPLETE","Strongly Supported"
NA,"FNA2AA_filterlen33","Monocots/Eudicots","NOT_MONO",NA,"CAN_MONO_INCOMPLETE","Weakly Reject"
NA,"FNA2AA_filterlen33","Monocots/Eudicots","NOT_MONO",NA,"CAN_MONO_INCOMPLETE","Weakly Reject"
NA,"FNA2AA_filterlen33","Monocots/Eudicots","NOT_MONO",NA,"NOT_MONO","Strongly Reject"
NA,"FNA2AA_filterlen33","Monocots/Eudicots","NOT_MONO",NA,"CAN_MONO_INCOMPLETE","Weakly Reject"
NA,"FNA2AA_filterlen33","Monocots/Eudicots","NOT_MONO",NA,"CAN_MONO_INCOMPLETE","Weakly Reject"
NA,"FNA2AA_filterlen33","Monocots/Eudicots","NOT_MONO",NA,"NOT_MONO","Strongly Reject"
NA,"FNA2AA_filterlen33","Monocots/Eudicots","IS_MONO_INCOMPLETE",35,"CAN_MONO_INCOMPLETE","Weakly Supported"
NA,"FNA2AA_filterlen33","Monocots/Eudicots","NOT_MONO",NA,"NOT_MONO","Strongly Reject"
NA,"FNA2AA_filterlen33","Monocots/Eudicots","IS_MONO_INCOMPLETE",30,"CAN_MONO_INCOMPLETE","Weakly Supported"
NA,"FNA2AA_filterlen33","Monocots/Eudicots","NOT_MONO",NA,"CAN_MONO_INCOMPLETE","Weakly Reject"
NA,"FNA2AA_filterlen33","Monocots/Eudicots","NOT_MONO",NA,"CAN_MONO_INCOMPLETE","Weakly Reject"
NA,"FNA2AA_filterlen33","Monocots/Eudicots","NOT_MONO",NA,"CAN_MONO_INCOMPLETE","Weakly Reject"
NA,"FNA2AA_filterlen33","Monocots/Eudicots","NOT_MONO",NA,"CAN_MONO_INCOMPLETE","Weakly Reject"
NA,"FNA2AA_filterlen33","Monocots/Eudicots","NOT_MONO",NA,"CAN_MONO_INCOMPLETE","Weakly Reject"
NA,"FNA2AA_filterlen33","Monocots/Eudicots","IS_MONO_INCOMPLETE",46,"CAN_MONO_INCOMPLETE","Weakly Supported"
NA,"FNA2AA_filterlen33","Monocots/Eudicots","NOT_MONO",NA,"NOT_MONO","Strongly Reject"
NA,"FNA2AA_filterlen33","Monocots/Eudicots","NOT_MONO",NA,"CAN_MONO_INCOMPLETE","Weakly Reject"
NA,"FNA2AA_filterlen33","Monocots/Eudicots","NOT_MONO",NA,"CAN_MONO_INCOMPLETE","Weakly Reject"
NA,"FNA2AA_filterlen33","Monocots/Eudicots","NOT_MONO",NA,"NOT_MONO","Strongly Reject"
NA,"FNA2AA_filterlen33","Monocots/Eudicots","NOT_MONO",NA,"CAN_MONO_INCOMPLETE","Weakly Reject"
NA,"FNA2AA_filterlen33","Monocots/Eudicots","COMP_MISSING",NA,"COMP_MISSING","Missing"
NA,"FNA2AA_filterlen33","Monocots/Eudicots","IS_MONO_INCOMPLETE",48,"CAN_MONO_INCOMPLETE","Weakly Supported"
NA,"FNA2AA_filterlen33","Monocots/Eudicots","NOT_MONO",NA,"CAN_MONO_INCOMPLETE","Weakly Reject"
NA,"FNA2AA_filterlen33","Monocots/Eudicots","NOT_MONO",NA,"CAN_MONO_INCOMPLETE","Weakly Reject"
NA,"FNA2AA_filterlen33","Monocots/Eudicots","NOT_MONO",NA,"CAN_MONO_INCOMPLETE","Weakly Reject"
NA,"FNA2AA_filterlen33","Monocots/Eudicots","NOT_MONO",NA,"CAN_MONO_INCOMPLETE","Weakly Reject"
NA,"FNA2AA_filterlen33","Monocots/Eudicots","NOT_MONO",NA,"CAN_MONO_INCOMPLETE","Weakly Reject"
NA,"FNA2AA_filterlen33","Monocots/Eudicots","IS_MONO_INCOMPLETE",35,"CAN_MONO_INCOMPLETE","Weakly Supported"
NA,"FNA2AA_filterlen33","Monocots/Eudicots","NOT_MONO",NA,"NOT_MONO","Strongly Reject"
NA,"FNA2AA_filterlen33","Monocots/Eudicots","NOT_MONO",NA,"CAN_MONO_INCOMPLETE","Weakly Reject"
NA,"FNA2AA_filterlen33","Monocots/Eudicots","NOT_MONO",NA,"CAN_MONO_INCOMPLETE","Weakly Reject"
NA,"FNA2AA_filterlen33","Monocots/Eudicots","NOT_MONO",NA,"NOT_MONO","Strongly Reject"
NA,"FNA2AA_filterlen33","Monocots/Eudicots","IS_MONO_INCOMPLETE",100,"IS_MONO_INCOMPLETE","Strongly Supported"
NA,"FNA2AA_filterlen33","Monocots/Eudicots","NOT_MONO",NA,"CAN_MONO_INCOMPLETE","Weakly Reject"
NA,"FNA2AA_filterlen33","Monocots/Eudicots","IS_MONO_INCOMPLETE",59,"CAN_MONO_INCOMPLETE","Weakly Supported"
NA,"FNA2AA_filterlen33","Monocots/Eudicots","IS_MONO_INCOMPLETE",86,"IS_MONO_INCOMPLETE","Strongly Supported"
NA,"FNA2AA_filterlen33","Monocots/Eudicots","NOT_MONO",NA,"CAN_MONO_INCOMPLETE","Weakly Reject"
NA,"FNA2AA_filterlen33","Monocots/Eudicots","NOT_MONO",NA,"CAN_MONO_INCOMPLETE","Weakly Reject"
NA,"FNA2AA_filterlen33","Monocots/Eudicots","NOT_MONO",NA,"CAN_MONO_INCOMPLETE","Weakly Reject"
NA,"FNA2AA_filterlen33","Monocots/Eudicots","IS_MONO_INCOMPLETE",34,"CAN_MONO_INCOMPLETE","Weakly Supported"
NA,"FNA2AA_filterlen33","Monocots/Eudicots","NOT_MONO",NA,"NOT_MONO","Strongly Reject"
NA,"FNA2AA_filterlen33","Monocots/Eudicots","NOT_MONO",NA,"CAN_MONO_INCOMPLETE","Weakly Reject"
NA,"FNA2AA_filterlen33","Monocots/Eudicots","IS_MONO_INCOMPLETE",1,"IS_MONO_INCOMPLETE","Strongly Supported"
NA,"FNA2AA_filterlen33","Monocots/Eudicots","NOT_MONO",NA,"CAN_MONO_INCOMPLETE","Weakly Reject"
NA,"FNA2AA_filterlen33","Monocots/Eudicots","NOT_MONO",NA,"CAN_MONO_INCOMPLETE","Weakly Reject"
NA,"FNA2AA_filterlen33","Monocots/Eudicots","NOT_MONO",NA,"NOT_MONO","Strongly Reject"
NA,"FNA2AA_filterlen33","Monocots/Eudicots","NOT_MONO",NA,"CAN_MONO_INCOMPLETE","Weakly Reject"
NA,"FNA2AA_filterlen33","Monocots/Eudicots","NOT_MONO",NA,"NOT_MONO","Strongly Reject"
NA,"FNA2AA_filterlen33","Monocots/Eudicots","NOT_MONO",NA,"CAN_MONO_INCOMPLETE","Weakly Reject"
NA,"FNA2AA_filterlen33","Monocots/Eudicots","NOT_MONO",NA,"CAN_MONO_INCOMPLETE","Weakly Reject"
NA,"FNA2AA_filterlen33","Monocots/Eudicots","NOT_MONO",NA,"CAN_MONO_INCOMPLETE","Weakly Reject"
NA,"FNA2AA_filterlen33","Monocots/Eudicots","NOT_MONO",NA,"NOT_MONO","Strongly Reject"
NA,"FNA2AA_filterlen33","Monocots/Eudicots","IS_MONO_INCOMPLETE",66,"CAN_MONO_INCOMPLETE","Weakly Supported"
NA,"FNA2AA_filterlen33","Monocots/Eudicots","NOT_MONO",NA,"NOT_MONO","Strongly Reject"
NA,"FNA2AA_filterlen33","Monocots/Eudicots","NOT_MONO",NA,"CAN_MONO_INCOMPLETE","Weakly Reject"
NA,"FNA2AA_filterlen33","Monocots/Eudicots","NOT_MONO",NA,"CAN_MONO_INCOMPLETE","Weakly Reject"
NA,"FNA2AA_filterlen33","Monocots/Eudicots","NOT_MONO",NA,"CAN_MONO_INCOMPLETE","Weakly Reject"
NA,"FNA2AA_filterlen33","Monocots/Eudicots","NOT_MONO",NA,"CAN_MONO_INCOMPLETE","Weakly Reject"
NA,"FNA2AA_filterlen33","Monocots/Eudicots","IS_MONO_INCOMPLETE",19,"CAN_MONO_INCOMPLETE","Weakly Supported"
NA,"FNA2AA_filterlen33","Monocots/Eudicots","NOT_MONO",NA,"CAN_MONO_INCOMPLETE","Weakly Reject"
NA,"FNA2AA_filterlen33","Monocots/Eudicots","IS_MONO_INCOMPLETE",65,"CAN_MONO_INCOMPLETE","Weakly Supported"
NA,"FNA2AA_filterlen33","Monocots/Eudicots","NOT_MONO",NA,"NOT_MONO","Strongly Reject"
NA,"FNA2AA_filterlen33","Monocots/Eudicots","NOT_MONO",NA,"CAN_MONO_INCOMPLETE","Weakly Reject"
NA,"FNA2AA_filterlen33","Monocots/Eudicots","NOT_MONO",NA,"NOT_MONO","Strongly Reject"
NA,"FNA2AA_filterlen33","Monocots/Eudicots","NOT_MONO",NA,"CAN_MONO_INCOMPLETE","Weakly Reject"
NA,"FNA2AA_filterlen33","Monocots/Eudicots","IS_MONO_INCOMPLETE",7,"CAN_MONO_INCOMPLETE","Weakly Supported"
NA,"FNA2AA_filterlen33","Monocots/Eudicots","IS_MONO_INCOMPLETE",96,"IS_MONO_INCOMPLETE","Strongly Supported"
NA,"FNA2AA_filterlen33","Monocots/Eudicots","NOT_MONO",NA,"NOT_MONO","Strongly Reject"
NA,"FNA2AA_filterlen33","Monocots/Eudicots","NOT_MONO",NA,"CAN_MONO_INCOMPLETE","Weakly Reject"
NA,"FNA2AA_filterlen33","Monocots/Eudicots","NOT_MONO",NA,"CAN_MONO_INCOMPLETE","Weakly Reject"
NA,"FNA2AA_filterlen33","Monocots/Eudicots","NOT_MONO",NA,"NOT_MONO","Strongly Reject"
NA,"FNA2AA_filterlen33","Monocots/Eudicots","NOT_MONO",NA,"CAN_MONO_INCOMPLETE","Weakly Reject"
NA,"FNA2AA_filterlen33","Monocots/Eudicots","NOT_MONO",NA,"CAN_MONO_INCOMPLETE","Weakly Reject"
NA,"FNA2AA_filterlen33","Monocots/Eudicots","NOT_MONO",NA,"CAN_MONO_INCOMPLETE","Weakly Reject"
NA,"FNA2AA_filterlen33","Monocots/Eudicots","NOT_MONO",NA,"NOT_MONO","Strongly Reject"
NA,"FNA2AA_filterlen33","Monocots/Eudicots","NOT_MONO",NA,"CAN_MONO_INCOMPLETE","Weakly Reject"
NA,"FNA2AA_filterlen33","Monocots/Eudicots","NOT_MONO",NA,"NOT_MONO","Strongly Reject"
NA,"FNA2AA_filterlen33","Monocots/Eudicots","NOT_MONO",NA,"CAN_MONO_INCOMPLETE","Weakly Reject"
NA,"FNA2AA_filterlen33","Monocots/Eudicots","NOT_MONO",NA,"NOT_MONO","Strongly Reject"
NA,"FNA2AA_filterlen33","Monocots/Eudicots","IS_MONO_INCOMPLETE",79,"IS_MONO_INCOMPLETE","Strongly Supported"
NA,"FNA2AA_filterlen33","Monocots/Eudicots","NOT_MONO",NA,"NOT_MONO","Strongly Reject"
NA,"FNA2AA_filterlen33","Monocots/Eudicots","NOT_MONO",NA,"CAN_MONO_INCOMPLETE","Weakly Reject"
NA,"FNA2AA_filterlen33","Monocots/Eudicots","NOT_MONO",NA,"CAN_MONO_INCOMPLETE","Weakly Reject"
NA,"FNA2AA_filterlen33","Monocots/Eudicots","NOT_MONO",NA,"CAN_MONO_INCOMPLETE","Weakly Reject"
NA,"FNA2AA_filterlen33","Monocots/Eudicots","NOT_MONO",NA,"NOT_MONO","Strongly Reject"
NA,"FNA2AA_filterlen33","Monocots/Eudicots","NOT_MONO",NA,"CAN_MONO_INCOMPLETE","Weakly Reject"
NA,"FNA2AA_filterlen33","Monocots/Eudicots","NOT_MONO",NA,"CAN_MONO_INCOMPLETE","Weakly Reject"
NA,"FNA2AA_filterlen33","Monocots/Eudicots","NOT_MONO",NA,"CAN_MONO_INCOMPLETE","Weakly Reject"
NA,"FNA2AA_filterlen33","Monocots/Eudicots","NOT_MONO",NA,"CAN_MONO_INCOMPLETE","Weakly Reject"
NA,"FNA2AA_filterlen33","Monocots/Eudicots","NOT_MONO",NA,"NOT_MONO","Strongly Reject"
NA,"FNA2AA_filterlen33","Monocots/Eudicots","NOT_MONO",NA,"CAN_MONO_INCOMPLETE","Weakly Reject"
NA,"FNA2AA_filterlen33","Monocots/Eudicots","NOT_MONO",NA,"NOT_MONO","Strongly Reject"
NA,"FNA2AA_filterlen33","Monocots/Eudicots","NOT_MONO",NA,"CAN_MONO_INCOMPLETE","Weakly Reject"
NA,"FNA2AA_filterlen33","Monocots/Eudicots","NOT_MONO",NA,"CAN_MONO_INCOMPLETE","Weakly Reject"
NA,"FNA2AA_filterlen33","Monocots/Eudicots","NOT_MONO",NA,"CAN_MONO_INCOMPLETE","Weakly Reject"
NA,"FNA2AA_filterlen33","Monocots/Eudicots","NOT_MONO",NA,"CAN_MONO_INCOMPLETE","Weakly Reject"
NA,"FNA2AA_filterlen33","Monocots/Eudicots","NOT_MONO",NA,"CAN_MONO_INCOMPLETE","Weakly Reject"
NA,"FNA2AA_filterlen33","Monocots/Eudicots","IS_MONO_INCOMPLETE",1,"IS_MONO_INCOMPLETE","Strongly Supported"
NA,"FNA2AA_filterlen33","Monocots/Eudicots","NOT_MONO",NA,"CAN_MONO_INCOMPLETE","Weakly Reject"
NA,"FNA2AA_filterlen33","Monocots/Eudicots","NOT_MONO",NA,"NOT_MONO","Strongly Reject"
NA,"FNA2AA_filterlen33","Monocots/Eudicots","NOT_MONO",NA,"CAN_MONO_INCOMPLETE","Weakly Reject"
NA,"FNA2AA_filterlen33","Monocots/Eudicots","NOT_MONO",NA,"CAN_MONO_INCOMPLETE","Weakly Reject"
NA,"FNA2AA_filterlen33","Monocots/Eudicots","NOT_MONO",NA,"CAN_MONO_INCOMPLETE","Weakly Reject"
NA,"FNA2AA_filterlen33","Monocots/Eudicots","NOT_MONO",NA,"NOT_MONO","Strongly Reject"
NA,"FNA2AA_filterlen33","Monocots/Eudicots","IS_MONO_INCOMPLETE",21,"CAN_MONO_INCOMPLETE","Weakly Supported"
NA,"FNA2AA_filterlen33","Monocots/Eudicots","NOT_MONO",NA,"CAN_MONO_INCOMPLETE","Weakly Reject"
NA,"FNA2AA_filterlen33","Monocots/Eudicots","NOT_MONO",NA,"CAN_MONO_INCOMPLETE","Weakly Reject"
NA,"FNA2AA_filterlen33","Monocots/Eudicots","IS_MONO_INCOMPLETE",97,"IS_MONO_INCOMPLETE","Strongly Supported"
NA,"FNA2AA_filterlen33","Monocots/Eudicots","NOT_MONO",NA,"CAN_MONO_INCOMPLETE","Weakly Reject"
NA,"FNA2AA_filterlen33","Monocots/Eudicots","NOT_MONO",NA,"CAN_MONO_INCOMPLETE","Weakly Reject"
NA,"FNA2AA_filterlen33","Monocots/Eudicots","NOT_MONO",NA,"NOT_MONO","Strongly Reject"
NA,"FNA2AA_filterlen33","Monocots/Eudicots","NOT_MONO",NA,"CAN_MONO_INCOMPLETE","Weakly Reject"
NA,"FNA2AA_filterlen33","Monocots/Eudicots","NOT_MONO",NA,"CAN_MONO_INCOMPLETE","Weakly Reject"
NA,"FNA2AA_filterlen33","Monocots/Eudicots","NOT_MONO",NA,"CAN_MONO_INCOMPLETE","Weakly Reject"
NA,"FNA2AA_filterlen33","Monocots/Eudicots","NOT_MONO",NA,"CAN_MONO_INCOMPLETE","Weakly Reject"
NA,"FNA2AA_filterlen33","Monocots/Eudicots","NOT_MONO",NA,"CAN_MONO_INCOMPLETE","Weakly Reject"
NA,"FNA2AA_filterlen33","Monocots/Eudicots","NOT_MONO",NA,"CAN_MONO_INCOMPLETE","Weakly Reject"
NA,"FNA2AA_filterlen33","Monocots/Eudicots","NOT_MONO",NA,"CAN_MONO_INCOMPLETE","Weakly Reject"
NA,"FNA2AA_filterlen33","Monocots/Eudicots","NOT_MONO",NA,"CAN_MONO_INCOMPLETE","Weakly Reject"
NA,"FNA2AA_filterlen33","Monocots/Eudicots","NOT_MONO",NA,"CAN_MONO_INCOMPLETE","Weakly Reject"
NA,"FNA2AA_filterlen33","Monocots/Eudicots","NOT_MONO",NA,"CAN_MONO_INCOMPLETE","Weakly Reject"
NA,"FNA2AA_filterlen33","Monocots/Eudicots","NOT_MONO",NA,"CAN_MONO_INCOMPLETE","Weakly Reject"
NA,"FNA2AA_filterlen33","Monocots/Eudicots","IS_MONO_INCOMPLETE",73,"CAN_MONO_INCOMPLETE","Weakly Supported"
NA,"FNA2AA_filterlen33","Monocots/Eudicots","IS_MONO_INCOMPLETE",86,"IS_MONO_INCOMPLETE","Strongly Supported"
NA,"FNA2AA_filterlen33","Monocots/Eudicots","NOT_MONO",NA,"NOT_MONO","Strongly Reject"
NA,"FNA2AA_filterlen33","Monocots/Eudicots","NOT_MONO",NA,"CAN_MONO_INCOMPLETE","Weakly Reject"
NA,"FNA2AA_filterlen33","Monocots/Eudicots","IS_MONO_INCOMPLETE",34,"CAN_MONO_INCOMPLETE","Weakly Supported"
NA,"FNA2AA_filterlen33","Monocots/Eudicots","NOT_MONO",NA,"CAN_MONO_INCOMPLETE","Weakly Reject"
NA,"FNA2AA_filterlen33","Monocots/Eudicots","NOT_MONO",NA,"NOT_MONO","Strongly Reject"
NA,"FNA2AA_filterlen33","Monocots/Eudicots","NOT_MONO",NA,"CAN_MONO_INCOMPLETE","Weakly Reject"
NA,"FNA2AA_filterlen33","Monocots/Eudicots","IS_MONO_INCOMPLETE",42,"CAN_MONO_INCOMPLETE","Weakly Supported"
NA,"FNA2AA_filterlen33","Monocots/Eudicots","IS_MONO_INCOMPLETE",13,"CAN_MONO_INCOMPLETE","Weakly Supported"
NA,"FNA2AA_filterlen33","Monocots/Eudicots","NOT_MONO",NA,"NOT_MONO","Strongly Reject"
NA,"FNA2AA_filterlen33","Monocots/Eudicots","NOT_MONO",NA,"CAN_MONO_INCOMPLETE","Weakly Reject"
NA,"FNA2AA_filterlen33","Monocots/Eudicots","NOT_MONO",NA,"NOT_MONO","Strongly Reject"
NA,"FNA2AA_filterlen33","Monocots/Eudicots","NOT_MONO",NA,"NOT_MONO","Strongly Reject"
NA,"FNA2AA_filterlen33","Monocots/Eudicots","NOT_MONO",NA,"CAN_MONO_INCOMPLETE","Weakly Reject"
NA,"FNA2AA_filterlen33","Monocots/Eudicots","IS_MONO_INCOMPLETE",1,"IS_MONO_INCOMPLETE","Strongly Supported"
NA,"FNA2AA_filterlen33","Monocots/Eudicots","IS_MONO_INCOMPLETE",31,"CAN_MONO_INCOMPLETE","Weakly Supported"
NA,"FNA2AA_filterlen33","Monocots/Eudicots","NOT_MONO",NA,"CAN_MONO_INCOMPLETE","Weakly Reject"
NA,"FNA2AA_filterlen33","Monocots/Eudicots","IS_MONO_INCOMPLETE",9,"CAN_MONO_INCOMPLETE","Weakly Supported"
NA,"FNA2AA_filterlen33","Monocots/Eudicots","NOT_MONO",NA,"CAN_MONO_INCOMPLETE","Weakly Reject"
NA,"FNA2AA_filterlen33","Monocots/Eudicots","IS_MONO_INCOMPLETE",28,"CAN_MONO_INCOMPLETE","Weakly Supported"
NA,"FNA2AA_filterlen33","Monocots/Eudicots","NOT_MONO",NA,"NOT_MONO","Strongly Reject"
NA,"FNA2AA_filterlen33","Monocots/Eudicots","NOT_MONO",NA,"NOT_MONO","Strongly Reject"
NA,"FNA2AA_filterlen33","Monocots/Eudicots","NOT_MONO",NA,"CAN_MONO_INCOMPLETE","Weakly Reject"
NA,"FNA2AA_filterlen33","Monocots/Eudicots","IS_MONO_INCOMPLETE",28,"CAN_MONO_INCOMPLETE","Weakly Supported"
NA,"FNA2AA_filterlen33","Monocots/Eudicots","NOT_MONO",NA,"CAN_MONO_INCOMPLETE","Weakly Reject"
NA,"FNA2AA_filterlen33","Monocots/Eudicots","NOT_MONO",NA,"CAN_MONO_INCOMPLETE","Weakly Reject"
NA,"FNA2AA_filterlen33","Monocots/Eudicots","NOT_MONO",NA,"CAN_MONO_INCOMPLETE","Weakly Reject"
NA,"FNA2AA_filterlen33","Monocots/Eudicots","NOT_MONO",NA,"CAN_MONO_INCOMPLETE","Weakly Reject"
NA,"FNA2AA_filterlen33","Monocots/Eudicots","NOT_MONO",NA,"CAN_MONO_INCOMPLETE","Weakly Reject"
NA,"FNA2AA_filterlen33","Monocots/Eudicots","NOT_MONO",NA,"CAN_MONO_INCOMPLETE","Weakly Reject"
NA,"FNA2AA_filterlen33","Monocots/Eudicots","NOT_MONO",NA,"CAN_MONO_INCOMPLETE","Weakly Reject"
NA,"FNA2AA_filterlen33","Monocots/Eudicots","NOT_MONO",NA,"CAN_MONO_INCOMPLETE","Weakly Reject"
NA,"FNA2AA_filterlen33","Monocots/Eudicots","NOT_MONO",NA,"CAN_MONO_INCOMPLETE","Weakly Reject"
NA,"FNA2AA_filterlen33","Monocots/Eudicots","NOT_MONO",NA,"NOT_MONO","Strongly Reject"
NA,"FNA2AA_filterlen33","Monocots/Eudicots","NOT_MONO",NA,"CAN_MONO_INCOMPLETE","Weakly Reject"
NA,"FNA2AA_filterlen33","Monocots/Eudicots","NOT_MONO",NA,"CAN_MONO_INCOMPLETE","Weakly Reject"
NA,"FNA2AA_filterlen33","Monocots/Eudicots","NOT_MONO",NA,"CAN_MONO_INCOMPLETE","Weakly Reject"
NA,"FNA2AA_filterlen33","Monocots/Eudicots","NOT_MONO",NA,"CAN_MONO_INCOMPLETE","Weakly Reject"
NA,"FNA2AA_filterlen33","Monocots/Eudicots","NOT_MONO",NA,"CAN_MONO_INCOMPLETE","Weakly Reject"
NA,"FNA2AA_filterlen33","Monocots/Eudicots","NOT_MONO",NA,"CAN_MONO_INCOMPLETE","Weakly Reject"
NA,"FNA2AA_filterlen33","Monocots/Eudicots","NOT_MONO",NA,"CAN_MONO_INCOMPLETE","Weakly Reject"
NA,"FNA2AA_filterlen33","Monocots/Eudicots","NOT_MONO",NA,"CAN_MONO_INCOMPLETE","Weakly Reject"
NA,"FNA2AA_filterlen33","Monocots/Eudicots","IS_MONO_INCOMPLETE",92,"IS_MONO_INCOMPLETE","Strongly Supported"
NA,"FNA2AA_filterlen33","Monocots/Eudicots","NOT_MONO",NA,"NOT_MONO","Strongly Reject"
NA,"FNA2AA_filterlen33","Monocots/Eudicots","NOT_MONO",NA,"NOT_MONO","Strongly Reject"
NA,"FNA2AA_filterlen33","Monocots/Eudicots","NOT_MONO",NA,"CAN_MONO_INCOMPLETE","Weakly Reject"
NA,"FNA2AA_filterlen33","Monocots/Eudicots","NOT_MONO",NA,"CAN_MONO_INCOMPLETE","Weakly Reject"
NA,"FNA2AA_filterlen33","Monocots/Eudicots","NOT_MONO",NA,"CAN_MONO_INCOMPLETE","Weakly Reject"
NA,"FNA2AA_filterlen33","Monocots/Eudicots","NOT_MONO",NA,"NOT_MONO","Strongly Reject"
NA,"FNA2AA_filterlen33","Monocots/Eudicots","NOT_MONO",NA,"NOT_MONO","Strongly Reject"
NA,"FNA2AA_filterlen33","Monocots/Eudicots","NOT_MONO",NA,"CAN_MONO_INCOMPLETE","Weakly Reject"
NA,"FNA2AA_filterlen33","Monocots/Eudicots","NOT_MONO",NA,"NOT_MONO","Strongly Reject"
NA,"FNA2AA_filterlen33","Monocots/Eudicots","NOT_MONO",NA,"CAN_MONO_INCOMPLETE","Weakly Reject"
NA,"FNA2AA_filterlen33","Monocots/Eudicots","COMP_MISSING",NA,"COMP_MISSING","Missing"
NA,"FNA2AA_filterlen33","Monocots/Eudicots","IS_MONO_INCOMPLETE",32,"CAN_MONO_INCOMPLETE","Weakly Supported"
NA,"FNA2AA_filterlen33","Monocots/Eudicots","IS_MONO_INCOMPLETE",35,"CAN_MONO_INCOMPLETE","Weakly Supported"
NA,"FNA2AA_filterlen33","Monocots/Eudicots","NOT_MONO",NA,"CAN_MONO_INCOMPLETE","Weakly Reject"
NA,"FNA2AA_filterlen33","Monocots/Eudicots","NOT_MONO",NA,"NOT_MONO","Strongly Reject"
NA,"FNA2AA_filterlen33","Monocots/Eudicots","NOT_MONO",NA,"NOT_MONO","Strongly Reject"
NA,"FNA2AA_filterlen33","Monocots/Eudicots","NOT_MONO",NA,"CAN_MONO_INCOMPLETE","Weakly Reject"
NA,"FNA2AA_filterlen33","Monocots/Eudicots","NOT_MONO",NA,"CAN_MONO_INCOMPLETE","Weakly Reject"
NA,"FNA2AA_filterlen33","Monocots/Eudicots","NOT_MONO",NA,"CAN_MONO_INCOMPLETE","Weakly Reject"
NA,"FNA2AA_filterlen33","Monocots/Eudicots","NOT_MONO",NA,"CAN_MONO_INCOMPLETE","Weakly Reject"
NA,"FNA2AA_filterlen33","Monocots/Eudicots","NOT_MONO",NA,"CAN_MONO_INCOMPLETE","Weakly Reject"
NA,"FNA2AA_filterlen33","Monocots/Eudicots","NOT_MONO",NA,"CAN_MONO_INCOMPLETE","Weakly Reject"
NA,"FNA2AA_filterlen33","Monocots/Eudicots","NOT_MONO",NA,"CAN_MONO_INCOMPLETE","Weakly Reject"
NA,"FNA2AA_filterlen33","Monocots/Eudicots","NOT_MONO",NA,"CAN_MONO_INCOMPLETE","Weakly Reject"
NA,"FNA2AA_filterlen33","Monocots/Eudicots","NOT_MONO",NA,"CAN_MONO_INCOMPLETE","Weakly Reject"
NA,"FNA2AA_filterlen33","Monocots/Eudicots","NOT_MONO",NA,"CAN_MONO_INCOMPLETE","Weakly Reject"
NA,"FNA2AA_filterlen33","Monocots/Eudicots","CAN_MONO_INCOMPLETE",NA,"CAN_MONO_INCOMPLETE","Weakly Reject"
NA,"FNA2AA_filterlen33","Monocots/Eudicots","NOT_MONO",NA,"CAN_MONO_INCOMPLETE","Weakly Reject"
NA,"FNA2AA_filterlen33","Monocots/Eudicots","NOT_MONO",NA,"NOT_MONO","Strongly Reject"
NA,"FNA2AA_filterlen33","Monocots/Eudicots","NOT_MONO",NA,"CAN_MONO_INCOMPLETE","Weakly Reject"
NA,"FNA2AA_filterlen33","Monocots/Eudicots","NOT_MONO",NA,"CAN_MONO_INCOMPLETE","Weakly Reject"
NA,"FNA2AA_filterlen33","Monocots/Eudicots","NOT_MONO",NA,"CAN_MONO_INCOMPLETE","Weakly Reject"
NA,"FNA2AA_filterlen33","Monocots/Eudicots","NOT_MONO",NA,"CAN_MONO_INCOMPLETE","Weakly Reject"
NA,"FNA2AA_filterlen33","Monocots/Eudicots","NOT_MONO",NA,"NOT_MONO","Strongly Reject"
NA,"FNA2AA_filterlen33","Monocots/Eudicots","IS_MONO_INCOMPLETE",100,"IS_MONO_INCOMPLETE","Strongly Supported"
NA,"FNA2AA_filterlen33","Monocots/Eudicots","IS_MONO_INCOMPLETE",36,"CAN_MONO_INCOMPLETE","Weakly Supported"
NA,"FNA2AA_filterlen33","Monocots/Eudicots","NOT_MONO",NA,"CAN_MONO_INCOMPLETE","Weakly Reject"
NA,"FNA2AA_filterlen33","Monocots/Eudicots","NOT_MONO",NA,"CAN_MONO_INCOMPLETE","Weakly Reject"
NA,"FNA2AA_filterlen33","Monocots/Eudicots","NOT_MONO",NA,"CAN_MONO_INCOMPLETE","Weakly Reject"
NA,"FNA2AA_filterlen33","Monocots/Eudicots","IS_MONO_INCOMPLETE",31,"CAN_MONO_INCOMPLETE","Weakly Supported"
NA,"FNA2AA_filterlen33","Monocots/Eudicots","IS_MONO_INCOMPLETE",64,"CAN_MONO_INCOMPLETE","Weakly Supported"
NA,"FNA2AA_filterlen33","Monocots/Eudicots","IS_MONO_INCOMPLETE",58,"CAN_MONO_INCOMPLETE","Weakly Supported"
NA,"FNA2AA_filterlen33","Monocots/Eudicots","IS_MONO_INCOMPLETE",39,"CAN_MONO_INCOMPLETE","Weakly Supported"
NA,"FNA2AA_filterlen33","Monocots/Eudicots","NOT_MONO",NA,"CAN_MONO_INCOMPLETE","Weakly Reject"
NA,"FNA2AA_filterlen33","Monocots/Eudicots","NOT_MONO",NA,"CAN_MONO_INCOMPLETE","Weakly Reject"
NA,"FNA2AA_filterlen33","Monocots/Eudicots","NOT_MONO",NA,"CAN_MONO_INCOMPLETE","Weakly Reject"
NA,"FNA2AA_filterlen33","Monocots/Eudicots","NOT_MONO",NA,"CAN_MONO_INCOMPLETE","Weakly Reject"
NA,"FNA2AA_filterlen33","Monocots/Eudicots","NOT_MONO",NA,"CAN_MONO_INCOMPLETE","Weakly Reject"
NA,"FNA2AA_filterlen33","Monocots/Eudicots","NOT_MONO",NA,"CAN_MONO_INCOMPLETE","Weakly Reject"
NA,"FNA2AA_filterlen33","Monocots/Eudicots","NOT_MONO",NA,"CAN_MONO_INCOMPLETE","Weakly Reject"
NA,"FNA2AA_filterlen33","Monocots/Eudicots","NOT_MONO",NA,"CAN_MONO_INCOMPLETE","Weakly Reject"
NA,"FNA2AA_filterlen33","Monocots/Eudicots","NOT_MONO",NA,"CAN_MONO_INCOMPLETE","Weakly Reject"
NA,"FNA2AA_filterlen33","Monocots/Eudicots","IS_MONO_INCOMPLETE",100,"IS_MONO_INCOMPLETE","Strongly Supported"
NA,"FNA2AA_filterlen33","Monocots/Eudicots","IS_MONO_INCOMPLETE",1,"IS_MONO_INCOMPLETE","Strongly Supported"
NA,"FNA2AA_filterlen33","Monocots/Eudicots","NOT_MONO",NA,"CAN_MONO_INCOMPLETE","Weakly Reject"
NA,"FNA2AA_filterlen33","Monocots/Eudicots","NOT_MONO",NA,"CAN_MONO_INCOMPLETE","Weakly Reject"
NA,"FNA2AA_filterlen33","Monocots/Eudicots","NOT_MONO",NA,"CAN_MONO_INCOMPLETE","Weakly Reject"
NA,"FNA2AA_filterlen33","Monocots/Eudicots","NOT_MONO",NA,"CAN_MONO_INCOMPLETE","Weakly Reject"
NA,"FNA2AA_filterlen33","Monocots/Eudicots","IS_MONO_INCOMPLETE",19,"CAN_MONO_INCOMPLETE","Weakly Supported"
NA,"FNA2AA_filterlen33","Monocots/Eudicots","NOT_MONO",NA,"CAN_MONO_INCOMPLETE","Weakly Reject"
NA,"FNA2AA_filterlen33","Monocots/Eudicots","NOT_MONO",NA,"CAN_MONO_INCOMPLETE","Weakly Reject"
NA,"FNA2AA_filterlen33","Monocots/Eudicots","IS_MONO_INCOMPLETE",44,"CAN_MONO_INCOMPLETE","Weakly Supported"
NA,"FNA2AA_filterlen33","Monocots/Eudicots","NOT_MONO",NA,"CAN_MONO_INCOMPLETE","Weakly Reject"
NA,"FNA2AA_filterlen33","Monocots/Eudicots","IS_MONO_INCOMPLETE",47,"CAN_MONO_INCOMPLETE","Weakly Supported"
NA,"FNA2AA_filterlen33","Monocots/Eudicots","NOT_MONO",NA,"CAN_MONO_INCOMPLETE","Weakly Reject"
NA,"FNA2AA_filterlen33","Monocots/Eudicots","NOT_MONO",NA,"NOT_MONO","Strongly Reject"
NA,"FNA2AA_filterlen33","Monocots/Eudicots","NOT_MONO",NA,"CAN_MONO_INCOMPLETE","Weakly Reject"
NA,"FNA2AA_filterlen33","Monocots/Eudicots","NOT_MONO",NA,"NOT_MONO","Strongly Reject"
NA,"FNA2AA_filterlen33","Monocots/Eudicots","NOT_MONO",NA,"NOT_MONO","Strongly Reject"
NA,"FNA2AA_filterlen33","Monocots/Eudicots","NOT_MONO",NA,"CAN_MONO_INCOMPLETE","Weakly Reject"
NA,"FNA2AA_filterlen33","Monocots/Eudicots","NOT_MONO",NA,"CAN_MONO_INCOMPLETE","Weakly Reject"
NA,"FNA2AA_filterlen33","Monocots/Eudicots","NOT_MONO",NA,"CAN_MONO_INCOMPLETE","Weakly Reject"
NA,"FNA2AA_filterlen33","Monocots/Eudicots","NOT_MONO",NA,"CAN_MONO_INCOMPLETE","Weakly Reject"
NA,"FNA2AA_filterlen33","Monocots/Eudicots","NOT_MONO",NA,"CAN_MONO_INCOMPLETE","Weakly Reject"
NA,"FNA2AA_filterlen33","Monocots/Eudicots","NOT_MONO",NA,"CAN_MONO_INCOMPLETE","Weakly Reject"
NA,"FNA2AA_filterlen33","Monocots/Eudicots","IS_MONO_INCOMPLETE",41,"CAN_MONO_INCOMPLETE","Weakly Supported"
NA,"FNA2AA_filterlen33","Monocots/Eudicots","NOT_MONO",NA,"CAN_MONO_INCOMPLETE","Weakly Reject"
NA,"FNA2AA_filterlen33","Monocots/Eudicots","NOT_MONO",NA,"CAN_MONO_INCOMPLETE","Weakly Reject"
NA,"FNA2AA_filterlen33","Monocots/Eudicots","NOT_MONO",NA,"CAN_MONO_INCOMPLETE","Weakly Reject"
NA,"FNA2AA_filterlen33","Monocots/Eudicots","NOT_MONO",NA,"CAN_MONO_INCOMPLETE","Weakly Reject"
NA,"FNA2AA_filterlen33","Monocots/Eudicots","NOT_MONO",NA,"CAN_MONO_INCOMPLETE","Weakly Reject"
NA,"FNA2AA_filterlen33","Monocots/Eudicots","NOT_MONO",NA,"CAN_MONO_INCOMPLETE","Weakly Reject"
NA,"FNA2AA_filterlen33","Monocots/Eudicots","IS_MONO_INCOMPLETE",66,"CAN_MONO_INCOMPLETE","Weakly Supported"
NA,"FNA2AA_filterlen33","Monocots/Eudicots","NOT_MONO",NA,"CAN_MONO_INCOMPLETE","Weakly Reject"
NA,"FNA2AA_filterlen33","Monocots/Eudicots","NOT_MONO",NA,"NOT_MONO","Strongly Reject"
NA,"FNA2AA_filterlen33","Monocots/Eudicots","NOT_MONO",NA,"CAN_MONO_INCOMPLETE","Weakly Reject"
NA,"FNA2AA_filterlen33","Monocots/Eudicots","NOT_MONO",NA,"CAN_MONO_INCOMPLETE","Weakly Reject"
NA,"FNA2AA_filterlen33","Monocots/Eudicots","NOT_MONO",NA,"CAN_MONO_INCOMPLETE","Weakly Reject"
NA,"FNA2AA_filterlen33","Monocots/Eudicots","NOT_MONO",NA,"CAN_MONO_INCOMPLETE","Weakly Reject"
NA,"FNA2AA_filterlen33","Monocots/Eudicots","NOT_MONO",NA,"CAN_MONO_INCOMPLETE","Weakly Reject"
NA,"FNA2AA_filterlen33","Monocots/Eudicots","NOT_MONO",NA,"CAN_MONO_INCOMPLETE","Weakly Reject"
NA,"FNA2AA_filterlen33","Monocots/Eudicots","NOT_MONO",NA,"CAN_MONO_INCOMPLETE","Weakly Reject"
NA,"FNA2AA_filterlen33","Monocots/Eudicots","NOT_MONO",NA,"CAN_MONO_INCOMPLETE","Weakly Reject"
NA,"FNA2AA_filterlen33","Monocots/Eudicots","NOT_MONO",NA,"CAN_MONO_INCOMPLETE","Weakly Reject"
NA,"FNA2AA_filterlen33","Monocots/Eudicots","NOT_MONO",NA,"CAN_MONO_INCOMPLETE","Weakly Reject"
NA,"FNA2AA_filterlen33","Monocots/Eudicots","NOT_MONO",NA,"CAN_MONO_INCOMPLETE","Weakly Reject"
NA,"FNA2AA_filterlen33","Monocots/Eudicots","NOT_MONO",NA,"CAN_MONO_INCOMPLETE","Weakly Reject"
NA,"FNA2AA_filterlen33","Monocots/Eudicots","NOT_MONO",NA,"CAN_MONO_INCOMPLETE","Weakly Reject"
NA,"FNA2AA_filterlen33","Monocots/Eudicots","NOT_MONO",NA,"CAN_MONO_INCOMPLETE","Weakly Reject"
NA,"FNA2AA_filterlen33","Monocots/Eudicots","NOT_MONO",NA,"CAN_MONO_INCOMPLETE","Weakly Reject"
NA,"FNA2AA_filterlen33","Monocots/Eudicots","IS_MONO_INCOMPLETE",27,"CAN_MONO_INCOMPLETE","Weakly Supported"
NA,"FNA2AA_filterlen33","Monocots/Eudicots","IS_MONO_INCOMPLETE",99,"IS_MONO_INCOMPLETE","Strongly Supported"
NA,"FNA2AA_filterlen33","Monocots/Eudicots","NOT_MONO",NA,"CAN_MONO_INCOMPLETE","Weakly Reject"
NA,"FNA2AA_filterlen33","Monocots/Eudicots","COMP_MISSING",NA,"COMP_MISSING","Missing"
NA,"FNA2AA_filterlen33","Monocots/Eudicots","NOT_MONO",NA,"CAN_MONO_INCOMPLETE","Weakly Reject"
NA,"FNA2AA_filterlen33","Monocots/Eudicots","NOT_MONO",NA,"NOT_MONO","Strongly Reject"
NA,"FNA2AA_filterlen33","Monocots/Eudicots","NOT_MONO",NA,"CAN_MONO_INCOMPLETE","Weakly Reject"
NA,"FNA2AA_filterlen33","Monocots/Eudicots","NOT_MONO",NA,"NOT_MONO","Strongly Reject"
NA,"FNA2AA_filterlen33","Monocots/Eudicots","NOT_MONO",NA,"CAN_MONO_INCOMPLETE","Weakly Reject"
NA,"FNA2AA_filterlen33","Monocots/Eudicots","NOT_MONO",NA,"NOT_MONO","Strongly Reject"
NA,"FNA2AA_filterlen33","Monocots/Eudicots","IS_MONO_INCOMPLETE",21,"CAN_MONO_INCOMPLETE","Weakly Supported"
NA,"FNA2AA_filterlen33","Monocots/Eudicots","IS_MONO_INCOMPLETE",100,"IS_MONO_INCOMPLETE","Strongly Supported"
NA,"FNA2AA_filterlen33","Monocots/Eudicots","NOT_MONO",NA,"NOT_MONO","Strongly Reject"
NA,"FNA2AA_filterlen33","Monocots/Eudicots","NOT_MONO",NA,"CAN_MONO_INCOMPLETE","Weakly Reject"
NA,"FNA2AA_filterlen33","Monocots/Eudicots","NOT_MONO",NA,"CAN_MONO_INCOMPLETE","Weakly Reject"
NA,"FNA2AA_filterlen33","Monocots/Eudicots","NOT_MONO",NA,"CAN_MONO_INCOMPLETE","Weakly Reject"
NA,"FNA2AA_filterlen33","Monocots/Eudicots","NOT_MONO",NA,"CAN_MONO_INCOMPLETE","Weakly Reject"
NA,"FNA2AA_filterlen33","Monocots/Eudicots","NOT_MONO",NA,"CAN_MONO_INCOMPLETE","Weakly Reject"
NA,"FNA2AA_filterlen33","Monocots/Eudicots","NOT_MONO",NA,"CAN_MONO_INCOMPLETE","Weakly Reject"
NA,"FNA2AA_filterlen33","Monocots/Eudicots","NOT_MONO",NA,"CAN_MONO_INCOMPLETE","Weakly Reject"
NA,"FNA2AA_filterlen33","Monocots/Eudicots","CAN_MONO_INCOMPLETE",NA,"CAN_MONO_INCOMPLETE","Weakly Reject"
NA,"FNA2AA_filterlen33","Monocots/Eudicots","NOT_MONO",NA,"CAN_MONO_INCOMPLETE","Weakly Reject"
NA,"FNA2AA_filterlen33","Monocots/Eudicots","IS_MONO_INCOMPLETE",12,"CAN_MONO_INCOMPLETE","Weakly Supported"
NA,"FNA2AA_filterlen33","Monocots/Eudicots","NOT_MONO",NA,"CAN_MONO_INCOMPLETE","Weakly Reject"
NA,"FNA2AA_filterlen33","Monocots/Eudicots","NOT_MONO",NA,"NOT_MONO","Strongly Reject"
NA,"FNA2AA_filterlen33","Monocots/Eudicots","CAN_MONO_INCOMPLETE",NA,"CAN_MONO_INCOMPLETE","Weakly Reject"
NA,"FNA2AA_filterlen33","Monocots/Eudicots","NOT_MONO",NA,"CAN_MONO_INCOMPLETE","Weakly Reject"
NA,"FNA2AA_filterlen33","Monocots/Eudicots","NOT_MONO",NA,"CAN_MONO_INCOMPLETE","Weakly Reject"
NA,"FNA2AA_filterlen33","Monocots/Eudicots","IS_MONO_INCOMPLETE",27,"CAN_MONO_INCOMPLETE","Weakly Supported"
NA,"FNA2AA_filterlen33","Monocots/Eudicots","NOT_MONO",NA,"NOT_MONO","Strongly Reject"
NA,"FNA2AA_filterlen33","Monocots/Eudicots","NOT_MONO",NA,"NOT_MONO","Strongly Reject"
NA,"FNA2AA_filterlen33","Monocots/Eudicots","NOT_MONO",NA,"CAN_MONO_INCOMPLETE","Weakly Reject"
NA,"FNA2AA_filterlen33","Monocots/Eudicots","NOT_MONO",NA,"CAN_MONO_INCOMPLETE","Weakly Reject"
NA,"FNA2AA_filterlen33","Monocots/Eudicots","NOT_MONO",NA,"CAN_MONO_INCOMPLETE","Weakly Reject"
NA,"FNA2AA_filterlen33","Monocots/Eudicots","NOT_MONO",NA,"CAN_MONO_INCOMPLETE","Weakly Reject"
NA,"FNA2AA_filterlen33","Monocots/Eudicots","NOT_MONO",NA,"CAN_MONO_INCOMPLETE","Weakly Reject"
NA,"FNA2AA_filterlen33","Monocots/Eudicots","NOT_MONO",NA,"CAN_MONO_INCOMPLETE","Weakly Reject"
NA,"FNA2AA_filterlen33","Monocots/Eudicots","NOT_MONO",NA,"CAN_MONO_INCOMPLETE","Weakly Reject"
NA,"FNA2AA_filterlen33","Monocots/Eudicots","IS_MONO_INCOMPLETE",94,"IS_MONO_INCOMPLETE","Strongly Supported"
NA,"FNA2AA_filterlen33","Monocots/Eudicots","NOT_MONO",NA,"CAN_MONO_INCOMPLETE","Weakly Reject"
NA,"FNA2AA_filterlen33","Monocots/Eudicots","NOT_MONO",NA,"NOT_MONO","Strongly Reject"
NA,"FNA2AA_filterlen33","Monocots/Eudicots","CAN_MONO_INCOMPLETE",NA,"CAN_MONO_INCOMPLETE","Weakly Reject"
NA,"FNA2AA_filterlen33","Monocots/Eudicots","NOT_MONO",NA,"CAN_MONO_INCOMPLETE","Weakly Reject"
NA,"FNA2AA_filterlen33","Monocots/Eudicots","NOT_MONO",NA,"NOT_MONO","Strongly Reject"
NA,"FNA2AA_filterlen33","Monocots/Eudicots","NOT_MONO",NA,"CAN_MONO_INCOMPLETE","Weakly Reject"
NA,"FNA2AA_filterlen33","Monocots/Eudicots","NOT_MONO",NA,"CAN_MONO_INCOMPLETE","Weakly Reject"
NA,"FNA2AA_filterlen33","Monocots/Eudicots","NOT_MONO",NA,"CAN_MONO_INCOMPLETE","Weakly Reject"
NA,"FNA2AA_filterlen33","Monocots/Eudicots","NOT_MONO",NA,"CAN_MONO_INCOMPLETE","Weakly Reject"
NA,"FNA2AA_filterlen33","Monocots/Eudicots","NOT_MONO",NA,"CAN_MONO_INCOMPLETE","Weakly Reject"
NA,"FNA2AA_filterlen33","Monocots/Eudicots","NOT_MONO",NA,"CAN_MONO_INCOMPLETE","Weakly Reject"
NA,"FNA2AA_filterlen33","Monocots/Eudicots","IS_MONO_INCOMPLETE",99,"IS_MONO_INCOMPLETE","Strongly Supported"
NA,"FNA2AA_filterlen33","Monocots/Eudicots","NOT_MONO",NA,"NOT_MONO","Strongly Reject"
NA,"FNA2AA_filterlen33","Monocots/Eudicots","NOT_MONO",NA,"CAN_MONO_INCOMPLETE","Weakly Reject"
NA,"FNA2AA_filterlen33","Monocots/Eudicots","NOT_MONO",NA,"CAN_MONO_INCOMPLETE","Weakly Reject"
NA,"FNA2AA_filterlen33","Monocots/Eudicots","NOT_MONO",NA,"CAN_MONO_INCOMPLETE","Weakly Reject"
NA,"FNA2AA_filterlen33","Monocots/Eudicots","NOT_MONO",NA,"CAN_MONO_INCOMPLETE","Weakly Reject"
NA,"FNA2AA_filterlen33","Monocots/Eudicots","NOT_MONO",NA,"CAN_MONO_INCOMPLETE","Weakly Reject"
NA,"FNA2AA_filterlen33","Monocots/Eudicots","NOT_MONO",NA,"CAN_MONO_INCOMPLETE","Weakly Reject"
NA,"FNA2AA_filterlen33","Monocots/Eudicots","IS_MONO_INCOMPLETE",1,"IS_MONO_INCOMPLETE","Strongly Supported"
NA,"FNA2AA_filterlen33","Monocots/Eudicots","NOT_MONO",NA,"CAN_MONO_INCOMPLETE","Weakly Reject"
NA,"FNA2AA_filterlen33","Monocots/Eudicots","NOT_MONO",NA,"CAN_MONO_INCOMPLETE","Weakly Reject"
NA,"FNA2AA_filterlen33","Monocots/Eudicots","NOT_MONO",NA,"CAN_MONO_INCOMPLETE","Weakly Reject"
NA,"FNA2AA_filterlen33","Monocots/Eudicots","IS_MONO_INCOMPLETE",51,"CAN_MONO_INCOMPLETE","Weakly Supported"
NA,"FNA2AA_filterlen33","Monocots/Eudicots","CAN_MONO_INCOMPLETE",NA,"CAN_MONO_INCOMPLETE","Weakly Reject"
NA,"FNA2AA_filterlen33","Monocots/Eudicots","NOT_MONO",NA,"CAN_MONO_INCOMPLETE","Weakly Reject"
NA,"FNA2AA_filterlen33","Monocots/Eudicots","IS_MONO_INCOMPLETE",12,"CAN_MONO_INCOMPLETE","Weakly Supported"
NA,"FNA2AA_filterlen33","Monocots/Eudicots","NOT_MONO",NA,"NOT_MONO","Strongly Reject"
NA,"FNA2AA_filterlen33","Monocots/Eudicots","IS_MONO_INCOMPLETE",100,"IS_MONO_INCOMPLETE","Strongly Supported"
NA,"FNA2AA_filterlen33","Monocots/Eudicots","NOT_MONO",NA,"CAN_MONO_INCOMPLETE","Weakly Reject"
NA,"FNA2AA_filterlen33","Monocots/Eudicots","NOT_MONO",NA,"CAN_MONO_INCOMPLETE","Weakly Reject"
NA,"FNA2AA_filterlen33","Monocots/Eudicots","NOT_MONO",NA,"CAN_MONO_INCOMPLETE","Weakly Reject"
NA,"FNA2AA_filterlen33","Monocots/Eudicots","IS_MONO_INCOMPLETE",34,"CAN_MONO_INCOMPLETE","Weakly Supported"
NA,"FNA2AA_filterlen33","Monocots/Eudicots","NOT_MONO",NA,"NOT_MONO","Strongly Reject"
NA,"FNA2AA_filterlen33","Monocots/Eudicots","NOT_MONO",NA,"CAN_MONO_INCOMPLETE","Weakly Reject"
NA,"FNA2AA_filterlen33","Monocots/Eudicots","NOT_MONO",NA,"NOT_MONO","Strongly Reject"
NA,"FNA2AA_filterlen33","Monocots/Eudicots","NOT_MONO",NA,"CAN_MONO_INCOMPLETE","Weakly Reject"
NA,"FNA2AA_filterlen33","Monocots/Eudicots","NOT_MONO",NA,"CAN_MONO_INCOMPLETE","Weakly Reject"
NA,"FNA2AA_filterlen33","Monocots/Eudicots","NOT_MONO",NA,"CAN_MONO_INCOMPLETE","Weakly Reject"
NA,"FNA2AA_filterlen33","Monocots/Eudicots","NOT_MONO",NA,"CAN_MONO_INCOMPLETE","Weakly Reject"
NA,"FNA2AA_filterlen33","Monocots/Eudicots","NOT_MONO",NA,"CAN_MONO_INCOMPLETE","Weakly Reject"
NA,"FNA2AA_filterlen33","Monocots/Eudicots","NOT_MONO",NA,"CAN_MONO_INCOMPLETE","Weakly Reject"
NA,"FNA2AA_filterlen33","Monocots/Eudicots","IS_MONO_INCOMPLETE",1,"IS_MONO_INCOMPLETE","Strongly Supported"
NA,"FNA2AA_filterlen33","Monocots/Eudicots","IS_MONO_INCOMPLETE",1,"IS_MONO_INCOMPLETE","Strongly Supported"
NA,"FNA2AA_filterlen33","Monocots/Eudicots","NOT_MONO",NA,"CAN_MONO_INCOMPLETE","Weakly Reject"
NA,"FNA2AA_filterlen33","Monocots/Eudicots","NOT_MONO",NA,"CAN_MONO_INCOMPLETE","Weakly Reject"
NA,"FNA2AA_filterlen33","Monocots/Eudicots","NOT_MONO",NA,"CAN_MONO_INCOMPLETE","Weakly Reject"
NA,"FNA2AA_filterlen33","Monocots/Eudicots","NOT_MONO",NA,"NOT_MONO","Strongly Reject"
NA,"FNA2AA_filterlen33","Monocots/Eudicots","IS_MONO_INCOMPLETE",100,"IS_MONO_INCOMPLETE","Strongly Supported"
NA,"FNA2AA_filterlen33","Monocots/Eudicots","NOT_MONO",NA,"CAN_MONO_INCOMPLETE","Weakly Reject"
NA,"FNA2AA_filterlen33","Monocots/Eudicots","NOT_MONO",NA,"CAN_MONO_INCOMPLETE","Weakly Reject"
NA,"FNA2AA_filterlen33","Monocots/Eudicots","IS_MONO_INCOMPLETE",23,"CAN_MONO_INCOMPLETE","Weakly Supported"
NA,"FNA2AA_filterlen33","Monocots/Eudicots","NOT_MONO",NA,"CAN_MONO_INCOMPLETE","Weakly Reject"
NA,"FNA2AA_filterlen33","Monocots/Eudicots","NOT_MONO",NA,"CAN_MONO_INCOMPLETE","Weakly Reject"
NA,"FNA2AA_filterlen33","Monocots/Eudicots","COMP_MISSING",NA,"COMP_MISSING","Missing"
NA,"FNA2AA_filterlen33","Monocots/Eudicots","IS_MONO_INCOMPLETE",49,"CAN_MONO_INCOMPLETE","Weakly Supported"
NA,"FNA2AA_filterlen33","Monocots/Eudicots","IS_MONO_INCOMPLETE",36,"CAN_MONO_INCOMPLETE","Weakly Supported"
NA,"FNA2AA_filterlen33","Monocots/Eudicots","NOT_MONO",NA,"NOT_MONO","Strongly Reject"
NA,"FNA2AA_filterlen33","Monocots/Eudicots","IS_MONO_INCOMPLETE",51,"CAN_MONO_INCOMPLETE","Weakly Supported"
NA,"FNA2AA_filterlen33","Monocots/Eudicots","NOT_MONO",NA,"CAN_MONO_INCOMPLETE","Weakly Reject"
NA,"FNA2AA_filterlen33","Monocots/Eudicots","NOT_MONO",NA,"CAN_MONO_INCOMPLETE","Weakly Reject"
NA,"FNA2AA_filterlen33","Monocots/Eudicots","CAN_MONO_INCOMPLETE",NA,"CAN_MONO_INCOMPLETE","Weakly Reject"
NA,"FNA2AA_filterlen33","Monocots/Eudicots","NOT_MONO",NA,"CAN_MONO_INCOMPLETE","Weakly Reject"
NA,"FNA2AA_filterlen33","Monocots/Eudicots","NOT_MONO",NA,"CAN_MONO_INCOMPLETE","Weakly Reject"
NA,"FNA2AA_filterlen33","Monocots/Eudicots","CAN_MONO_INCOMPLETE",NA,"CAN_MONO_INCOMPLETE","Weakly Reject"
NA,"FNA2AA_filterlen33","Monocots/Eudicots","NOT_MONO",NA,"CAN_MONO_INCOMPLETE","Weakly Reject"
NA,"FNA2AA_filterlen33","Monocots/Eudicots","NOT_MONO",NA,"CAN_MONO_INCOMPLETE","Weakly Reject"
NA,"FNA2AA_filterlen33","Monocots/Eudicots","NOT_MONO",NA,"CAN_MONO_INCOMPLETE","Weakly Reject"
NA,"FNA2AA_filterlen33","Monocots/Eudicots","NOT_MONO",NA,"CAN_MONO_INCOMPLETE","Weakly Reject"
NA,"FNA2AA_filterlen33","Monocots/Eudicots","CAN_MONO_INCOMPLETE",NA,"CAN_MONO_INCOMPLETE","Weakly Reject"
NA,"FNA2AA_filterlen33","Monocots/Eudicots","NOT_MONO",NA,"CAN_MONO_INCOMPLETE","Weakly Reject"
NA,"FNA2AA_filterlen33","Monocots/Eudicots","NOT_MONO",NA,"CAN_MONO_INCOMPLETE","Weakly Reject"
NA,"FNA2AA_filterlen33","Monocots/Eudicots","NOT_MONO",NA,"CAN_MONO_INCOMPLETE","Weakly Reject"
NA,"FNA2AA_filterlen33","Monocots/Eudicots","NOT_MONO",NA,"NOT_MONO","Strongly Reject"
NA,"FNA2AA_filterlen33","Monocots/Eudicots","NOT_MONO",NA,"CAN_MONO_INCOMPLETE","Weakly Reject"
NA,"FNA2AA_filterlen33","Monocots/Eudicots","NOT_MONO",NA,"NOT_MONO","Strongly Reject"
NA,"FNA2AA_filterlen33","Monocots/Eudicots","IS_MONO_INCOMPLETE",13,"CAN_MONO_INCOMPLETE","Weakly Supported"
NA,"FNA2AA_filterlen33","Monocots/Eudicots","NOT_MONO",NA,"CAN_MONO_INCOMPLETE","Weakly Reject"
NA,"FNA2AA_filterlen33","Monocots/Eudicots","NOT_MONO",NA,"CAN_MONO_INCOMPLETE","Weakly Reject"
NA,"FNA2AA_filterlen33","Monocots/Eudicots","COMP_MISSING",NA,"COMP_MISSING","Missing"
NA,"FNA2AA_filterlen33","Monocots/Eudicots","NOT_MONO",NA,"CAN_MONO_INCOMPLETE","Weakly Reject"
NA,"FNA2AA_filterlen33","Monocots/Eudicots","NOT_MONO",NA,"CAN_MONO_INCOMPLETE","Weakly Reject"
NA,"FNA2AA_filterlen33","Monocots/Eudicots","IS_MONO_INCOMPLETE",43,"CAN_MONO_INCOMPLETE","Weakly Supported"
NA,"FNA2AA_filterlen33","Monocots/Eudicots","IS_MONO_INCOMPLETE",1,"IS_MONO_INCOMPLETE","Strongly Supported"
NA,"FNA2AA_filterlen33","Monocots/Eudicots","IS_MONO_INCOMPLETE",18,"CAN_MONO_INCOMPLETE","Weakly Supported"
NA,"FNA2AA_filterlen33","Monocots/Eudicots","NOT_MONO",NA,"CAN_MONO_INCOMPLETE","Weakly Reject"
NA,"FNA2AA_filterlen33","Monocots/Eudicots","NOT_MONO",NA,"CAN_MONO_INCOMPLETE","Weakly Reject"
NA,"FNA2AA_filterlen33","Monocots/Eudicots","NOT_MONO",NA,"NOT_MONO","Strongly Reject"
NA,"FNA2AA_filterlen33","Monocots/Eudicots","NOT_MONO",NA,"NOT_MONO","Strongly Reject"
NA,"FNA2AA_filterlen33","Monocots/Eudicots","NOT_MONO",NA,"CAN_MONO_INCOMPLETE","Weakly Reject"
NA,"FNA2AA_filterlen33","Monocots/Eudicots","NOT_MONO",NA,"CAN_MONO_INCOMPLETE","Weakly Reject"
NA,"FNA2AA_filterlen33","Monocots/Eudicots","NOT_MONO",NA,"CAN_MONO_INCOMPLETE","Weakly Reject"
NA,"FNA2AA_filterlen33","Monocots/Eudicots","NOT_MONO",NA,"CAN_MONO_INCOMPLETE","Weakly Reject"
NA,"FNA2AA_filterlen33","Monocots/Eudicots","NOT_MONO",NA,"CAN_MONO_INCOMPLETE","Weakly Reject"
NA,"FNA2AA_filterlen33","Monocots/Eudicots","NOT_MONO",NA,"CAN_MONO_INCOMPLETE","Weakly Reject"
NA,"FNA2AA_filterlen33","Monocots/Eudicots","NOT_MONO",NA,"CAN_MONO_INCOMPLETE","Weakly Reject"
NA,"FNA2AA_filterlen33","Monocots/Eudicots","NOT_MONO",NA,"CAN_MONO_INCOMPLETE","Weakly Reject"
NA,"FNA2AA_filterlen33","Monocots/Eudicots","NOT_MONO",NA,"CAN_MONO_INCOMPLETE","Weakly Reject"
NA,"FNA2AA_filterlen33","Monocots/Eudicots","IS_MONO_INCOMPLETE",24,"CAN_MONO_INCOMPLETE","Weakly Supported"
NA,"FNA2AA_filterlen33","Monocots/Eudicots","NOT_MONO",NA,"CAN_MONO_INCOMPLETE","Weakly Reject"
NA,"FNA2AA_filterlen33","Monocots/Eudicots","NOT_MONO",NA,"CAN_MONO_INCOMPLETE","Weakly Reject"
NA,"FNA2AA_filterlen33","Monocots/Eudicots","IS_MONO_INCOMPLETE",99,"IS_MONO_INCOMPLETE","Strongly Supported"
NA,"FNA2AA_filterlen33","Monocots/Eudicots","NOT_MONO",NA,"NOT_MONO","Strongly Reject"
NA,"FNA2AA_filterlen33","Monocots/Eudicots","NOT_MONO",NA,"CAN_MONO_INCOMPLETE","Weakly Reject"
NA,"FNA2AA_filterlen33","Monocots/Eudicots","NOT_MONO",NA,"CAN_MONO_INCOMPLETE","Weakly Reject"
NA,"FNA2AA_filterlen33","Monocots/Eudicots","NOT_MONO",NA,"NOT_MONO","Strongly Reject"
NA,"FNA2AA_filterlen33","Monocots/Eudicots","NOT_MONO",NA,"CAN_MONO_INCOMPLETE","Weakly Reject"
NA,"FNA2AA_filterlen33","Monocots/Eudicots","NOT_MONO",NA,"CAN_MONO_INCOMPLETE","Weakly Reject"
NA,"FNA2AA_filterlen33","Monocots/Eudicots","NOT_MONO",NA,"CAN_MONO_INCOMPLETE","Weakly Reject"
NA,"FNA2AA_filterlen33","Monocots/Eudicots","NOT_MONO",NA,"CAN_MONO_INCOMPLETE","Weakly Reject"
NA,"FNA2AA_filterlen33","Monocots/Eudicots","NOT_MONO",NA,"CAN_MONO_INCOMPLETE","Weakly Reject"
NA,"FNA2AA_filterlen33","Monocots/Eudicots","NOT_MONO",NA,"CAN_MONO_INCOMPLETE","Weakly Reject"
NA,"FNA2AA_filterlen33","Monocots/Eudicots","NOT_MONO",NA,"CAN_MONO_INCOMPLETE","Weakly Reject"
NA,"FNA2AA_filterlen33","Monocots/Eudicots","IS_MONO_INCOMPLETE",80,"IS_MONO_INCOMPLETE","Strongly Supported"
NA,"FNA2AA_filterlen33","Monocots/Eudicots","NOT_MONO",NA,"CAN_MONO_INCOMPLETE","Weakly Reject"
NA,"FNA2AA_filterlen33","Monocots/Eudicots","NOT_MONO",NA,"NOT_MONO","Strongly Reject"
NA,"FNA2AA_filterlen33","Monocots/Eudicots","NOT_MONO",NA,"CAN_MONO_INCOMPLETE","Weakly Reject"
NA,"FNA2AA_filterlen33","Monocots/Eudicots","NOT_MONO",NA,"CAN_MONO_INCOMPLETE","Weakly Reject"
NA,"FNA2AA_filterlen33","Monocots/Eudicots","NOT_MONO",NA,"NOT_MONO","Strongly Reject"
NA,"FNA2AA_filterlen33","Monocots/Eudicots","NOT_MONO",NA,"CAN_MONO_INCOMPLETE","Weakly Reject"
NA,"FNA2AA_filterlen33","Monocots/Eudicots","IS_MONO_INCOMPLETE",13,"CAN_MONO_INCOMPLETE","Weakly Supported"
NA,"FNA2AA_filterlen33","Monocots/Eudicots","NOT_MONO",NA,"CAN_MONO_INCOMPLETE","Weakly Reject"
NA,"FNA2AA_filterlen33","Monocots/Eudicots","NOT_MONO",NA,"CAN_MONO_INCOMPLETE","Weakly Reject"
NA,"FNA2AA_filterlen33","Monocots/Eudicots","NOT_MONO",NA,"CAN_MONO_INCOMPLETE","Weakly Reject"
NA,"FNA2AA_filterlen33","Monocots/Eudicots","NOT_MONO",NA,"CAN_MONO_INCOMPLETE","Weakly Reject"
NA,"FNA2AA_filterlen33","Monocots/Eudicots","NOT_MONO",NA,"CAN_MONO_INCOMPLETE","Weakly Reject"
NA,"FNA2AA_filterlen33","Monocots/Eudicots","NOT_MONO",NA,"NOT_MONO","Strongly Reject"
NA,"FNA2AA_filterlen33","Monocots/Eudicots","IS_MONO_INCOMPLETE",1,"IS_MONO_INCOMPLETE","Strongly Supported"
NA,"FNA2AA_filterlen33","Monocots/Eudicots","NOT_MONO",NA,"CAN_MONO_INCOMPLETE","Weakly Reject"
NA,"FNA2AA_filterlen33","Monocots/Eudicots","NOT_MONO",NA,"CAN_MONO_INCOMPLETE","Weakly Reject"
NA,"FNA2AA_filterlen33","Monocots/Eudicots","NOT_MONO",NA,"NOT_MONO","Strongly Reject"
NA,"FNA2AA_filterlen33","Monocots/Eudicots","NOT_MONO",NA,"CAN_MONO_INCOMPLETE","Weakly Reject"
NA,"FNA2AA_filterlen33","Monocots/Eudicots","NOT_MONO",NA,"CAN_MONO_INCOMPLETE","Weakly Reject"
NA,"FNA2AA_filterlen33","Monocots/Eudicots","NOT_MONO",NA,"CAN_MONO_INCOMPLETE","Weakly Reject"
NA,"FNA2AA_filterlen33","Monocots/Eudicots","NOT_MONO",NA,"CAN_MONO_INCOMPLETE","Weakly Reject"
NA,"FNA2AA_filterlen33","Monocots/Eudicots","NOT_MONO",NA,"CAN_MONO_INCOMPLETE","Weakly Reject"
NA,"FNA2AA_filterlen33","Monocots/Eudicots","NOT_MONO",NA,"CAN_MONO_INCOMPLETE","Weakly Reject"
NA,"FNA2AA_filterlen33","Monocots/Eudicots","NOT_MONO",NA,"CAN_MONO_INCOMPLETE","Weakly Reject"
NA,"FNA2AA_filterlen33","Monocots/Eudicots","NOT_MONO",NA,"CAN_MONO_INCOMPLETE","Weakly Reject"
NA,"FNA2AA_filterlen33","Monocots/Eudicots","NOT_MONO",NA,"CAN_MONO_INCOMPLETE","Weakly Reject"
NA,"FNA2AA_filterlen33","Monocots/Eudicots","NOT_MONO",NA,"CAN_MONO_INCOMPLETE","Weakly Reject"
NA,"FNA2AA_filterlen33","Monocots/Eudicots","NOT_MONO",NA,"CAN_MONO_INCOMPLETE","Weakly Reject"
NA,"FNA2AA_filterlen33","Monocots/Eudicots","IS_MONO_INCOMPLETE",100,"IS_MONO_INCOMPLETE","Strongly Supported"
NA,"FNA2AA_filterlen33","Monocots/Eudicots","NOT_MONO",NA,"CAN_MONO_INCOMPLETE","Weakly Reject"
NA,"FNA2AA_filterlen33","Monocots/Eudicots","NOT_MONO",NA,"CAN_MONO_INCOMPLETE","Weakly Reject"
NA,"FNA2AA_filterlen33","Monocots/Eudicots","NOT_MONO",NA,"NOT_MONO","Strongly Reject"
NA,"FNA2AA_filterlen33","Monocots/Eudicots","COMP_MISSING",NA,"COMP_MISSING","Missing"
NA,"FNA2AA_filterlen33","Monocots/Eudicots","IS_MONO_INCOMPLETE",40,"CAN_MONO_INCOMPLETE","Weakly Supported"
NA,"FNA2AA_filterlen33","Monocots/Eudicots","NOT_MONO",NA,"CAN_MONO_INCOMPLETE","Weakly Reject"
NA,"FNA2AA_filterlen33","Monocots/Eudicots","NOT_MONO",NA,"CAN_MONO_INCOMPLETE","Weakly Reject"
NA,"FNA2AA_filterlen33","Monocots/Eudicots","NOT_MONO",NA,"NOT_MONO","Strongly Reject"
NA,"FNA2AA_filterlen33","Monocots/Eudicots","IS_MONO_INCOMPLETE",20,"CAN_MONO_INCOMPLETE","Weakly Supported"
NA,"FNA2AA_filterlen33","Monocots/Eudicots","NOT_MONO",NA,"NOT_MONO","Strongly Reject"
NA,"FNA2AA_filterlen33","Monocots/Eudicots","NOT_MONO",NA,"CAN_MONO_INCOMPLETE","Weakly Reject"
NA,"FNA2AA_filterlen33","Monocots/Eudicots","IS_MONO_INCOMPLETE",1,"IS_MONO_INCOMPLETE","Strongly Supported"
NA,"FNA2AA_filterlen33","Monocots/Eudicots","NOT_MONO",NA,"NOT_MONO","Strongly Reject"
NA,"FNA2AA_filterlen33","Monocots/Eudicots","NOT_MONO",NA,"CAN_MONO_INCOMPLETE","Weakly Reject"
NA,"FNA2AA_filterlen33","Monocots/Eudicots","NOT_MONO",NA,"CAN_MONO_INCOMPLETE","Weakly Reject"
NA,"FNA2AA_filterlen33","Monocots/Eudicots","NOT_MONO",NA,"NOT_MONO","Strongly Reject"
NA,"FNA2AA_filterlen33","Monocots/Eudicots","NOT_MONO",NA,"CAN_MONO_INCOMPLETE","Weakly Reject"
NA,"FNA2AA_filterlen33","Monocots/Eudicots","NOT_MONO",NA,"CAN_MONO_INCOMPLETE","Weakly Reject"
NA,"FNA2AA_filterlen33","Monocots/Eudicots","IS_MONO_INCOMPLETE",57,"CAN_MONO_INCOMPLETE","Weakly Supported"
NA,"FNA2AA_filterlen33","Monocots/Eudicots","NOT_MONO",NA,"CAN_MONO_INCOMPLETE","Weakly Reject"
NA,"FNA2AA_filterlen33","Monocots/Eudicots","NOT_MONO",NA,"CAN_MONO_INCOMPLETE","Weakly Reject"
