"ID","DS","CLADE","MONO","BOOT","MONO.75","Classification"
NA,"FAA_filterlen33","Gnetales","NO_CLADE",NA,"NO_CLADE","Missing"
NA,"FAA_filterlen33","Gnetales","NO_CLADE",NA,"NO_CLADE","Missing"
NA,"FAA_filterlen33","Gnetales","IS_MONO_INCOMPLETE",94,"IS_MONO_INCOMPLETE","Strongly Supported"
NA,"FAA_filterlen33","Gnetales","IS_MONO_INCOMPLETE",96,"IS_MONO_INCOMPLETE","Strongly Supported"
NA,"FAA_filterlen33","Gnetales","IS_MONO_INCOMPLETE",98,"IS_MONO_INCOMPLETE","Strongly Supported"
NA,"FAA_filterlen33","Gnetales","IS_MONO_INCOMPLETE",90,"IS_MONO_INCOMPLETE","Strongly Supported"
NA,"FAA_filterlen33","Gnetales","IS_MONO_INCOMPLETE",100,"IS_MONO_INCOMPLETE","Strongly Supported"
NA,"FAA_filterlen33","Gnetales","IS_MONO_INCOMPLETE",89,"IS_MONO_INCOMPLETE","Strongly Supported"
NA,"FAA_filterlen33","Gnetales","NOT_MONO",NA,"CAN_MONO","Weakly Reject"
NA,"FAA_filterlen33","Gnetales","NO_CLADE",NA,"NO_CLADE","Missing"
NA,"FAA_filterlen33","Gnetales","IS_MONO_INCOMPLETE",100,"IS_MONO_INCOMPLETE","Strongly Supported"
NA,"FAA_filterlen33","Gnetales","IS_MONO_INCOMPLETE",91,"IS_MONO_INCOMPLETE","Strongly Supported"
NA,"FAA_filterlen33","Gnetales","IS_MONO_INCOMPLETE",95,"IS_MONO_INCOMPLETE","Strongly Supported"
NA,"FAA_filterlen33","Gnetales","NO_CLADE",NA,"NO_CLADE","Missing"
NA,"FAA_filterlen33","Gnetales","NO_CLADE",NA,"NO_CLADE","Missing"
NA,"FAA_filterlen33","Gnetales","NO_CLADE",NA,"NO_CLADE","Missing"
NA,"FAA_filterlen33","Gnetales","NO_CLADE",NA,"NO_CLADE","Missing"
NA,"FAA_filterlen33","Gnetales","IS_MONO",95,"IS_MONO","Strongly Supported"
NA,"FAA_filterlen33","Gnetales","NOT_MONO",NA,"CAN_MONO_INCOMPLETE","Weakly Reject"
NA,"FAA_filterlen33","Gnetales","NO_CLADE",NA,"NO_CLADE","Missing"
NA,"FAA_filterlen33","Gnetales","NO_CLADE",NA,"NO_CLADE","Missing"
NA,"FAA_filterlen33","Gnetales","NO_CLADE",NA,"NO_CLADE","Missing"
NA,"FAA_filterlen33","Gnetales","NO_CLADE",NA,"NO_CLADE","Missing"
NA,"FAA_filterlen33","Gnetales","NO_CLADE",NA,"NO_CLADE","Missing"
NA,"FAA_filterlen33","Gnetales","NO_CLADE",NA,"NO_CLADE","Missing"
NA,"FAA_filterlen33","Gnetales","IS_MONO_INCOMPLETE",89,"IS_MONO_INCOMPLETE","Strongly Supported"
NA,"FAA_filterlen33","Gnetales","NO_CLADE",NA,"NO_CLADE","Missing"
NA,"FAA_filterlen33","Gnetales","NO_CLADE",NA,"NO_CLADE","Missing"
NA,"FAA_filterlen33","Gnetales","IS_MONO",96,"IS_MONO","Strongly Supported"
NA,"FAA_filterlen33","Gnetales","NO_CLADE",NA,"NO_CLADE","Missing"
NA,"FAA_filterlen33","Gnetales","IS_MONO_INCOMPLETE",62,"CAN_MONO_INCOMPLETE","Weakly Supported"
NA,"FAA_filterlen33","Gnetales","NO_CLADE",NA,"NO_CLADE","Missing"
NA,"FAA_filterlen33","Gnetales","IS_MONO_INCOMPLETE",100,"IS_MONO_INCOMPLETE","Strongly Supported"
NA,"FAA_filterlen33","Gnetales","NO_CLADE",NA,"NO_CLADE","Missing"
NA,"FAA_filterlen33","Gnetales","NO_CLADE",NA,"NO_CLADE","Missing"
NA,"FAA_filterlen33","Gnetales","NO_CLADE",NA,"NO_CLADE","Missing"
NA,"FAA_filterlen33","Gnetales","NO_CLADE",NA,"NO_CLADE","Missing"
NA,"FAA_filterlen33","Gnetales","NO_CLADE",NA,"NO_CLADE","Missing"
NA,"FAA_filterlen33","Gnetales","IS_MONO_INCOMPLETE",52,"CAN_MONO_INCOMPLETE","Weakly Supported"
NA,"FAA_filterlen33","Gnetales","IS_MONO",96,"IS_MONO","Strongly Supported"
NA,"FAA_filterlen33","Gnetales","NO_CLADE",NA,"NO_CLADE","Missing"
NA,"FAA_filterlen33","Gnetales","NO_CLADE",NA,"NO_CLADE","Missing"
NA,"FAA_filterlen33","Gnetales","IS_MONO_INCOMPLETE",91,"IS_MONO_INCOMPLETE","Strongly Supported"
NA,"FAA_filterlen33","Gnetales","NO_CLADE",NA,"NO_CLADE","Missing"
NA,"FAA_filterlen33","Gnetales","NO_CLADE",NA,"NO_CLADE","Missing"
NA,"FAA_filterlen33","Gnetales","IS_MONO_INCOMPLETE",84,"IS_MONO_INCOMPLETE","Strongly Supported"
NA,"FAA_filterlen33","Gnetales","IS_MONO_INCOMPLETE",43,"CAN_MONO_INCOMPLETE","Weakly Supported"
NA,"FAA_filterlen33","Gnetales","IS_MONO_INCOMPLETE",43,"CAN_MONO_INCOMPLETE","Weakly Supported"
NA,"FAA_filterlen33","Gnetales","NO_CLADE",NA,"NO_CLADE","Missing"
NA,"FAA_filterlen33","Gnetales","IS_MONO_INCOMPLETE",99,"IS_MONO_INCOMPLETE","Strongly Supported"
NA,"FAA_filterlen33","Gnetales","NO_CLADE",NA,"NO_CLADE","Missing"
NA,"FAA_filterlen33","Gnetales","NO_CLADE",NA,"NO_CLADE","Missing"
NA,"FAA_filterlen33","Gnetales","NO_CLADE",NA,"NO_CLADE","Missing"
NA,"FAA_filterlen33","Gnetales","IS_MONO_INCOMPLETE",100,"IS_MONO_INCOMPLETE","Strongly Supported"
NA,"FAA_filterlen33","Gnetales","NO_CLADE",NA,"NO_CLADE","Missing"
NA,"FAA_filterlen33","Gnetales","NO_CLADE",NA,"NO_CLADE","Missing"
NA,"FAA_filterlen33","Gnetales","IS_MONO",61,"CAN_MONO","Weakly Supported"
NA,"FAA_filterlen33","Gnetales","NO_CLADE",NA,"NO_CLADE","Missing"
NA,"FAA_filterlen33","Gnetales","IS_MONO_INCOMPLETE",100,"IS_MONO_INCOMPLETE","Strongly Supported"
NA,"FAA_filterlen33","Gnetales","NO_CLADE",NA,"NO_CLADE","Missing"
NA,"FAA_filterlen33","Gnetales","NO_CLADE",NA,"NO_CLADE","Missing"
NA,"FAA_filterlen33","Gnetales","NO_CLADE",NA,"NO_CLADE","Missing"
NA,"FAA_filterlen33","Gnetales","NO_CLADE",NA,"NO_CLADE","Missing"
NA,"FAA_filterlen33","Gnetales","IS_MONO",100,"IS_MONO","Strongly Supported"
NA,"FAA_filterlen33","Gnetales","NOT_MONO",NA,"NOT_MONO","Strongly Reject"
NA,"FAA_filterlen33","Gnetales","NO_CLADE",NA,"NO_CLADE","Missing"
NA,"FAA_filterlen33","Gnetales","NO_CLADE",NA,"NO_CLADE","Missing"
NA,"FAA_filterlen33","Gnetales","NO_CLADE",NA,"NO_CLADE","Missing"
NA,"FAA_filterlen33","Gnetales","NO_CLADE",NA,"NO_CLADE","Missing"
NA,"FAA_filterlen33","Gnetales","NO_CLADE",NA,"NO_CLADE","Missing"
NA,"FAA_filterlen33","Gnetales","NOT_MONO",NA,"CAN_MONO_INCOMPLETE","Weakly Reject"
NA,"FAA_filterlen33","Gnetales","NO_CLADE",NA,"NO_CLADE","Missing"
NA,"FAA_filterlen33","Gnetales","NO_CLADE",NA,"NO_CLADE","Missing"
NA,"FAA_filterlen33","Gnetales","NO_CLADE",NA,"NO_CLADE","Missing"
NA,"FAA_filterlen33","Gnetales","IS_MONO",66,"CAN_MONO","Weakly Supported"
NA,"FAA_filterlen33","Gnetales","NO_CLADE",NA,"NO_CLADE","Missing"
NA,"FAA_filterlen33","Gnetales","NO_CLADE",NA,"NO_CLADE","Missing"
NA,"FAA_filterlen33","Gnetales","NO_CLADE",NA,"NO_CLADE","Missing"
NA,"FAA_filterlen33","Gnetales","IS_MONO",39,"CAN_MONO","Weakly Supported"
NA,"FAA_filterlen33","Gnetales","NO_CLADE",NA,"NO_CLADE","Missing"
NA,"FAA_filterlen33","Gnetales","NOT_MONO",NA,"CAN_MONO_INCOMPLETE","Weakly Reject"
NA,"FAA_filterlen33","Gnetales","NO_CLADE",NA,"NO_CLADE","Missing"
NA,"FAA_filterlen33","Gnetales","NO_CLADE",NA,"NO_CLADE","Missing"
NA,"FAA_filterlen33","Gnetales","NO_CLADE",NA,"NO_CLADE","Missing"
NA,"FAA_filterlen33","Gnetales","NO_CLADE",NA,"NO_CLADE","Missing"
NA,"FAA_filterlen33","Gnetales","NO_CLADE",NA,"NO_CLADE","Missing"
NA,"FAA_filterlen33","Gnetales","NO_CLADE",NA,"NO_CLADE","Missing"
NA,"FAA_filterlen33","Gnetales","NO_CLADE",NA,"NO_CLADE","Missing"
NA,"FAA_filterlen33","Gnetales","NO_CLADE",NA,"NO_CLADE","Missing"
NA,"FAA_filterlen33","Gnetales","NO_CLADE",NA,"NO_CLADE","Missing"
NA,"FAA_filterlen33","Gnetales","IS_MONO_INCOMPLETE",70,"CAN_MONO_INCOMPLETE","Weakly Supported"
NA,"FAA_filterlen33","Gnetales","NO_CLADE",NA,"NO_CLADE","Missing"
NA,"FAA_filterlen33","Gnetales","NO_CLADE",NA,"NO_CLADE","Missing"
NA,"FAA_filterlen33","Gnetales","NO_CLADE",NA,"NO_CLADE","Missing"
NA,"FAA_filterlen33","Gnetales","IS_MONO_INCOMPLETE",72,"CAN_MONO_INCOMPLETE","Weakly Supported"
NA,"FAA_filterlen33","Gnetales","NO_CLADE",NA,"NO_CLADE","Missing"
NA,"FAA_filterlen33","Gnetales","NO_CLADE",NA,"NO_CLADE","Missing"
NA,"FAA_filterlen33","Gnetales","NO_CLADE",NA,"NO_CLADE","Missing"
NA,"FAA_filterlen33","Gnetales","IS_MONO_INCOMPLETE",100,"IS_MONO_INCOMPLETE","Strongly Supported"
NA,"FAA_filterlen33","Gnetales","NO_CLADE",NA,"NO_CLADE","Missing"
NA,"FAA_filterlen33","Gnetales","NOT_MONO",NA,"CAN_MONO_INCOMPLETE","Weakly Reject"
NA,"FAA_filterlen33","Gnetales","NO_CLADE",NA,"NO_CLADE","Missing"
NA,"FAA_filterlen33","Gnetales","NO_CLADE",NA,"NO_CLADE","Missing"
NA,"FAA_filterlen33","Gnetales","NO_CLADE",NA,"NO_CLADE","Missing"
NA,"FAA_filterlen33","Gnetales","IS_MONO_INCOMPLETE",99,"IS_MONO_INCOMPLETE","Strongly Supported"
NA,"FAA_filterlen33","Gnetales","NO_CLADE",NA,"NO_CLADE","Missing"
NA,"FAA_filterlen33","Gnetales","NO_CLADE",NA,"NO_CLADE","Missing"
NA,"FAA_filterlen33","Gnetales","IS_MONO",22,"CAN_MONO","Weakly Supported"
NA,"FAA_filterlen33","Gnetales","NO_CLADE",NA,"NO_CLADE","Missing"
NA,"FAA_filterlen33","Gnetales","NO_CLADE",NA,"NO_CLADE","Missing"
NA,"FAA_filterlen33","Gnetales","NO_CLADE",NA,"NO_CLADE","Missing"
NA,"FAA_filterlen33","Gnetales","NO_CLADE",NA,"NO_CLADE","Missing"
NA,"FAA_filterlen33","Gnetales","NOT_MONO",NA,"CAN_MONO_INCOMPLETE","Weakly Reject"
NA,"FAA_filterlen33","Gnetales","NO_CLADE",NA,"NO_CLADE","Missing"
NA,"FAA_filterlen33","Gnetales","NO_CLADE",NA,"NO_CLADE","Missing"
NA,"FAA_filterlen33","Gnetales","NO_CLADE",NA,"NO_CLADE","Missing"
NA,"FAA_filterlen33","Gnetales","NO_CLADE",NA,"NO_CLADE","Missing"
NA,"FAA_filterlen33","Gnetales","NO_CLADE",NA,"NO_CLADE","Missing"
NA,"FAA_filterlen33","Gnetales","NO_CLADE",NA,"NO_CLADE","Missing"
NA,"FAA_filterlen33","Gnetales","NO_CLADE",NA,"NO_CLADE","Missing"
NA,"FAA_filterlen33","Gnetales","NO_CLADE",NA,"NO_CLADE","Missing"
NA,"FAA_filterlen33","Gnetales","NO_CLADE",NA,"NO_CLADE","Missing"
NA,"FAA_filterlen33","Gnetales","NO_CLADE",NA,"NO_CLADE","Missing"
NA,"FAA_filterlen33","Gnetales","NO_CLADE",NA,"NO_CLADE","Missing"
NA,"FAA_filterlen33","Gnetales","NO_CLADE",NA,"NO_CLADE","Missing"
NA,"FAA_filterlen33","Gnetales","NO_CLADE",NA,"NO_CLADE","Missing"
NA,"FAA_filterlen33","Gnetales","NO_CLADE",NA,"NO_CLADE","Missing"
NA,"FAA_filterlen33","Gnetales","NO_CLADE",NA,"NO_CLADE","Missing"
NA,"FAA_filterlen33","Gnetales","NO_CLADE",NA,"NO_CLADE","Missing"
NA,"FAA_filterlen33","Gnetales","NO_CLADE",NA,"NO_CLADE","Missing"
NA,"FAA_filterlen33","Gnetales","NO_CLADE",NA,"NO_CLADE","Missing"
NA,"FAA_filterlen33","Gnetales","NO_CLADE",NA,"NO_CLADE","Missing"
NA,"FAA_filterlen33","Gnetales","NO_CLADE",NA,"NO_CLADE","Missing"
NA,"FAA_filterlen33","Gnetales","IS_MONO_INCOMPLETE",99,"IS_MONO_INCOMPLETE","Strongly Supported"
NA,"FAA_filterlen33","Gnetales","NO_CLADE",NA,"NO_CLADE","Missing"
NA,"FAA_filterlen33","Gnetales","NO_CLADE",NA,"NO_CLADE","Missing"
NA,"FAA_filterlen33","Gnetales","NO_CLADE",NA,"NO_CLADE","Missing"
NA,"FAA_filterlen33","Gnetales","IS_MONO_INCOMPLETE",94,"IS_MONO_INCOMPLETE","Strongly Supported"
NA,"FAA_filterlen33","Gnetales","IS_MONO",36,"CAN_MONO","Weakly Supported"
NA,"FAA_filterlen33","Gnetales","NO_CLADE",NA,"NO_CLADE","Missing"
NA,"FAA_filterlen33","Gnetales","NO_CLADE",NA,"NO_CLADE","Missing"
NA,"FAA_filterlen33","Gnetales","NO_CLADE",NA,"NO_CLADE","Missing"
NA,"FAA_filterlen33","Gnetales","NO_CLADE",NA,"NO_CLADE","Missing"
NA,"FAA_filterlen33","Gnetales","NO_CLADE",NA,"NO_CLADE","Missing"
NA,"FAA_filterlen33","Gnetales","NO_CLADE",NA,"NO_CLADE","Missing"
NA,"FAA_filterlen33","Gnetales","NO_CLADE",NA,"NO_CLADE","Missing"
NA,"FAA_filterlen33","Gnetales","NO_CLADE",NA,"NO_CLADE","Missing"
NA,"FAA_filterlen33","Gnetales","NO_CLADE",NA,"NO_CLADE","Missing"
NA,"FAA_filterlen33","Gnetales","NO_CLADE",NA,"NO_CLADE","Missing"
NA,"FAA_filterlen33","Gnetales","IS_MONO_INCOMPLETE",100,"IS_MONO_INCOMPLETE","Strongly Supported"
NA,"FAA_filterlen33","Gnetales","NO_CLADE",NA,"NO_CLADE","Missing"
NA,"FAA_filterlen33","Gnetales","NO_CLADE",NA,"NO_CLADE","Missing"
NA,"FAA_filterlen33","Gnetales","NO_CLADE",NA,"NO_CLADE","Missing"
NA,"FAA_filterlen33","Gnetales","IS_MONO",77,"IS_MONO","Strongly Supported"
NA,"FAA_filterlen33","Gnetales","IS_MONO_INCOMPLETE",90,"IS_MONO_INCOMPLETE","Strongly Supported"
NA,"FAA_filterlen33","Gnetales","NO_CLADE",NA,"NO_CLADE","Missing"
NA,"FAA_filterlen33","Gnetales","NOT_MONO",NA,"CAN_MONO_INCOMPLETE","Weakly Reject"
NA,"FAA_filterlen33","Gnetales","NO_CLADE",NA,"NO_CLADE","Missing"
NA,"FAA_filterlen33","Gnetales","IS_MONO_INCOMPLETE",52,"CAN_MONO_INCOMPLETE","Weakly Supported"
NA,"FAA_filterlen33","Gnetales","NO_CLADE",NA,"NO_CLADE","Missing"
NA,"FAA_filterlen33","Gnetales","NO_CLADE",NA,"NO_CLADE","Missing"
NA,"FAA_filterlen33","Gnetales","NO_CLADE",NA,"NO_CLADE","Missing"
NA,"FAA_filterlen33","Gnetales","NO_CLADE",NA,"NO_CLADE","Missing"
NA,"FAA_filterlen33","Gnetales","NO_CLADE",NA,"NO_CLADE","Missing"
NA,"FAA_filterlen33","Gnetales","NO_CLADE",NA,"NO_CLADE","Missing"
NA,"FAA_filterlen33","Gnetales","IS_MONO_INCOMPLETE",98,"IS_MONO_INCOMPLETE","Strongly Supported"
NA,"FAA_filterlen33","Gnetales","IS_MONO",98,"IS_MONO","Strongly Supported"
NA,"FAA_filterlen33","Gnetales","NO_CLADE",NA,"NO_CLADE","Missing"
NA,"FAA_filterlen33","Gnetales","NO_CLADE",NA,"NO_CLADE","Missing"
NA,"FAA_filterlen33","Gnetales","NO_CLADE",NA,"NO_CLADE","Missing"
NA,"FAA_filterlen33","Gnetales","NO_CLADE",NA,"NO_CLADE","Missing"
NA,"FAA_filterlen33","Gnetales","NO_CLADE",NA,"NO_CLADE","Missing"
NA,"FAA_filterlen33","Gnetales","NO_CLADE",NA,"NO_CLADE","Missing"
NA,"FAA_filterlen33","Gnetales","NO_CLADE",NA,"NO_CLADE","Missing"
NA,"FAA_filterlen33","Gnetales","NO_CLADE",NA,"NO_CLADE","Missing"
NA,"FAA_filterlen33","Gnetales","NO_CLADE",NA,"NO_CLADE","Missing"
NA,"FAA_filterlen33","Gnetales","NO_CLADE",NA,"NO_CLADE","Missing"
NA,"FAA_filterlen33","Gnetales","IS_MONO",99,"IS_MONO","Strongly Supported"
NA,"FAA_filterlen33","Gnetales","NO_CLADE",NA,"NO_CLADE","Missing"
NA,"FAA_filterlen33","Gnetales","NO_CLADE",NA,"NO_CLADE","Missing"
NA,"FAA_filterlen33","Gnetales","IS_MONO_INCOMPLETE",93,"IS_MONO_INCOMPLETE","Strongly Supported"
NA,"FAA_filterlen33","Gnetales","IS_MONO_INCOMPLETE",81,"IS_MONO_INCOMPLETE","Strongly Supported"
NA,"FAA_filterlen33","Gnetales","NO_CLADE",NA,"NO_CLADE","Missing"
NA,"FAA_filterlen33","Gnetales","IS_MONO_INCOMPLETE",89,"IS_MONO_INCOMPLETE","Strongly Supported"
NA,"FAA_filterlen33","Gnetales","IS_MONO",88,"IS_MONO","Strongly Supported"
NA,"FAA_filterlen33","Gnetales","NO_CLADE",NA,"NO_CLADE","Missing"
NA,"FAA_filterlen33","Gnetales","NO_CLADE",NA,"NO_CLADE","Missing"
NA,"FAA_filterlen33","Gnetales","NO_CLADE",NA,"NO_CLADE","Missing"
NA,"FAA_filterlen33","Gnetales","NO_CLADE",NA,"NO_CLADE","Missing"
NA,"FAA_filterlen33","Gnetales","NO_CLADE",NA,"NO_CLADE","Missing"
NA,"FAA_filterlen33","Gnetales","NO_CLADE",NA,"NO_CLADE","Missing"
NA,"FAA_filterlen33","Gnetales","NO_CLADE",NA,"NO_CLADE","Missing"
NA,"FAA_filterlen33","Gnetales","IS_MONO_INCOMPLETE",100,"IS_MONO_INCOMPLETE","Strongly Supported"
NA,"FAA_filterlen33","Gnetales","NO_CLADE",NA,"NO_CLADE","Missing"
NA,"FAA_filterlen33","Gnetales","NO_CLADE",NA,"NO_CLADE","Missing"
NA,"FAA_filterlen33","Gnetales","NO_CLADE",NA,"NO_CLADE","Missing"
NA,"FAA_filterlen33","Gnetales","IS_MONO",99,"IS_MONO","Strongly Supported"
NA,"FAA_filterlen33","Gnetales","NO_CLADE",NA,"NO_CLADE","Missing"
NA,"FAA_filterlen33","Gnetales","NO_CLADE",NA,"NO_CLADE","Missing"
NA,"FAA_filterlen33","Gnetales","NO_CLADE",NA,"NO_CLADE","Missing"
NA,"FAA_filterlen33","Gnetales","IS_MONO_INCOMPLETE",49,"CAN_MONO_INCOMPLETE","Weakly Supported"
NA,"FAA_filterlen33","Gnetales","NOT_MONO",NA,"NOT_MONO","Strongly Reject"
NA,"FAA_filterlen33","Gnetales","NO_CLADE",NA,"NO_CLADE","Missing"
NA,"FAA_filterlen33","Gnetales","IS_MONO_INCOMPLETE",78,"IS_MONO_INCOMPLETE","Strongly Supported"
NA,"FAA_filterlen33","Gnetales","NO_CLADE",NA,"NO_CLADE","Missing"
NA,"FAA_filterlen33","Gnetales","NO_CLADE",NA,"NO_CLADE","Missing"
NA,"FAA_filterlen33","Gnetales","NO_CLADE",NA,"NO_CLADE","Missing"
NA,"FAA_filterlen33","Gnetales","NO_CLADE",NA,"NO_CLADE","Missing"
NA,"FAA_filterlen33","Gnetales","NO_CLADE",NA,"NO_CLADE","Missing"
NA,"FAA_filterlen33","Gnetales","IS_MONO_INCOMPLETE",24,"CAN_MONO_INCOMPLETE","Weakly Supported"
NA,"FAA_filterlen33","Gnetales","NO_CLADE",NA,"NO_CLADE","Missing"
NA,"FAA_filterlen33","Gnetales","NOT_MONO",NA,"CAN_MONO_INCOMPLETE","Weakly Reject"
NA,"FAA_filterlen33","Gnetales","NO_CLADE",NA,"NO_CLADE","Missing"
NA,"FAA_filterlen33","Gnetales","NO_CLADE",NA,"NO_CLADE","Missing"
NA,"FAA_filterlen33","Gnetales","NO_CLADE",NA,"NO_CLADE","Missing"
NA,"FAA_filterlen33","Gnetales","NO_CLADE",NA,"NO_CLADE","Missing"
NA,"FAA_filterlen33","Gnetales","NO_CLADE",NA,"NO_CLADE","Missing"
NA,"FAA_filterlen33","Gnetales","NO_CLADE",NA,"NO_CLADE","Missing"
NA,"FAA_filterlen33","Gnetales","NO_CLADE",NA,"NO_CLADE","Missing"
NA,"FAA_filterlen33","Gnetales","NO_CLADE",NA,"NO_CLADE","Missing"
NA,"FAA_filterlen33","Gnetales","IS_MONO_INCOMPLETE",97,"IS_MONO_INCOMPLETE","Strongly Supported"
NA,"FAA_filterlen33","Gnetales","IS_MONO_INCOMPLETE",80,"IS_MONO_INCOMPLETE","Strongly Supported"
NA,"FAA_filterlen33","Gnetales","NO_CLADE",NA,"NO_CLADE","Missing"
NA,"FAA_filterlen33","Gnetales","NO_CLADE",NA,"NO_CLADE","Missing"
NA,"FAA_filterlen33","Gnetales","NO_CLADE",NA,"NO_CLADE","Missing"
NA,"FAA_filterlen33","Gnetales","NO_CLADE",NA,"NO_CLADE","Missing"
NA,"FAA_filterlen33","Gnetales","NO_CLADE",NA,"NO_CLADE","Missing"
NA,"FAA_filterlen33","Gnetales","NO_CLADE",NA,"NO_CLADE","Missing"
NA,"FAA_filterlen33","Gnetales","NO_CLADE",NA,"NO_CLADE","Missing"
NA,"FAA_filterlen33","Gnetales","NO_CLADE",NA,"NO_CLADE","Missing"
NA,"FAA_filterlen33","Gnetales","NO_CLADE",NA,"NO_CLADE","Missing"
NA,"FAA_filterlen33","Gnetales","NO_CLADE",NA,"NO_CLADE","Missing"
NA,"FAA_filterlen33","Gnetales","NO_CLADE",NA,"NO_CLADE","Missing"
NA,"FAA_filterlen33","Gnetales","NO_CLADE",NA,"NO_CLADE","Missing"
NA,"FAA_filterlen33","Gnetales","IS_MONO_INCOMPLETE",47,"CAN_MONO_INCOMPLETE","Weakly Supported"
NA,"FAA_filterlen33","Gnetales","CAN_MONO",NA,"CAN_MONO","Weakly Reject"
NA,"FAA_filterlen33","Gnetales","NO_CLADE",NA,"NO_CLADE","Missing"
NA,"FAA_filterlen33","Gnetales","NO_CLADE",NA,"NO_CLADE","Missing"
NA,"FAA_filterlen33","Gnetales","NO_CLADE",NA,"NO_CLADE","Missing"
NA,"FAA_filterlen33","Gnetales","IS_MONO_INCOMPLETE",100,"IS_MONO_INCOMPLETE","Strongly Supported"
NA,"FAA_filterlen33","Gnetales","NO_CLADE",NA,"NO_CLADE","Missing"
NA,"FAA_filterlen33","Gnetales","NO_CLADE",NA,"NO_CLADE","Missing"
NA,"FAA_filterlen33","Gnetales","NO_CLADE",NA,"NO_CLADE","Missing"
NA,"FAA_filterlen33","Gnetales","NO_CLADE",NA,"NO_CLADE","Missing"
NA,"FAA_filterlen33","Gnetales","NO_CLADE",NA,"NO_CLADE","Missing"
NA,"FAA_filterlen33","Gnetales","NO_CLADE",NA,"NO_CLADE","Missing"
NA,"FAA_filterlen33","Gnetales","IS_MONO_INCOMPLETE",92,"IS_MONO_INCOMPLETE","Strongly Supported"
NA,"FAA_filterlen33","Gnetales","NO_CLADE",NA,"NO_CLADE","Missing"
NA,"FAA_filterlen33","Gnetales","NO_CLADE",NA,"NO_CLADE","Missing"
NA,"FAA_filterlen33","Gnetales","IS_MONO_INCOMPLETE",68,"CAN_MONO_INCOMPLETE","Weakly Supported"
NA,"FAA_filterlen33","Gnetales","NOT_MONO",NA,"CAN_MONO_INCOMPLETE","Weakly Reject"
NA,"FAA_filterlen33","Gnetales","IS_MONO_INCOMPLETE",97,"IS_MONO_INCOMPLETE","Strongly Supported"
NA,"FAA_filterlen33","Gnetales","NO_CLADE",NA,"NO_CLADE","Missing"
NA,"FAA_filterlen33","Gnetales","NO_CLADE",NA,"NO_CLADE","Missing"
NA,"FAA_filterlen33","Gnetales","NO_CLADE",NA,"NO_CLADE","Missing"
NA,"FAA_filterlen33","Gnetales","IS_MONO_INCOMPLETE",46,"CAN_MONO_INCOMPLETE","Weakly Supported"
NA,"FAA_filterlen33","Gnetales","NO_CLADE",NA,"NO_CLADE","Missing"
NA,"FAA_filterlen33","Gnetales","IS_MONO_INCOMPLETE",100,"IS_MONO_INCOMPLETE","Strongly Supported"
NA,"FAA_filterlen33","Gnetales","NO_CLADE",NA,"NO_CLADE","Missing"
NA,"FAA_filterlen33","Gnetales","NO_CLADE",NA,"NO_CLADE","Missing"
NA,"FAA_filterlen33","Gnetales","NO_CLADE",NA,"NO_CLADE","Missing"
NA,"FAA_filterlen33","Gnetales","IS_MONO_INCOMPLETE",46,"CAN_MONO_INCOMPLETE","Weakly Supported"
NA,"FAA_filterlen33","Gnetales","NO_CLADE",NA,"NO_CLADE","Missing"
NA,"FAA_filterlen33","Gnetales","IS_MONO_INCOMPLETE",36,"CAN_MONO_INCOMPLETE","Weakly Supported"
NA,"FAA_filterlen33","Gnetales","NO_CLADE",NA,"NO_CLADE","Missing"
NA,"FAA_filterlen33","Gnetales","IS_MONO_INCOMPLETE",38,"CAN_MONO_INCOMPLETE","Weakly Supported"
NA,"FAA_filterlen33","Gnetales","NO_CLADE",NA,"NO_CLADE","Missing"
NA,"FAA_filterlen33","Gnetales","IS_MONO_INCOMPLETE",100,"IS_MONO_INCOMPLETE","Strongly Supported"
NA,"FAA_filterlen33","Gnetales","IS_MONO_INCOMPLETE",77,"IS_MONO_INCOMPLETE","Strongly Supported"
NA,"FAA_filterlen33","Gnetales","NO_CLADE",NA,"NO_CLADE","Missing"
NA,"FAA_filterlen33","Gnetales","NO_CLADE",NA,"NO_CLADE","Missing"
NA,"FAA_filterlen33","Gnetales","NO_CLADE",NA,"NO_CLADE","Missing"
NA,"FAA_filterlen33","Gnetales","NO_CLADE",NA,"NO_CLADE","Missing"
NA,"FAA_filterlen33","Gnetales","NO_CLADE",NA,"NO_CLADE","Missing"
NA,"FAA_filterlen33","Gnetales","NO_CLADE",NA,"NO_CLADE","Missing"
NA,"FAA_filterlen33","Gnetales","NO_CLADE",NA,"NO_CLADE","Missing"
NA,"FAA_filterlen33","Gnetales","NO_CLADE",NA,"NO_CLADE","Missing"
NA,"FAA_filterlen33","Gnetales","NO_CLADE",NA,"NO_CLADE","Missing"
NA,"FAA_filterlen33","Gnetales","NO_CLADE",NA,"NO_CLADE","Missing"
NA,"FAA_filterlen33","Gnetales","NO_CLADE",NA,"NO_CLADE","Missing"
NA,"FAA_filterlen33","Gnetales","NO_CLADE",NA,"NO_CLADE","Missing"
NA,"FAA_filterlen33","Gnetales","NO_CLADE",NA,"NO_CLADE","Missing"
NA,"FAA_filterlen33","Gnetales","NO_CLADE",NA,"NO_CLADE","Missing"
NA,"FAA_filterlen33","Gnetales","NO_CLADE",NA,"NO_CLADE","Missing"
NA,"FAA_filterlen33","Gnetales","NO_CLADE",NA,"NO_CLADE","Missing"
NA,"FAA_filterlen33","Gnetales","NO_CLADE",NA,"NO_CLADE","Missing"
NA,"FAA_filterlen33","Gnetales","NO_CLADE",NA,"NO_CLADE","Missing"
NA,"FAA_filterlen33","Gnetales","IS_MONO_INCOMPLETE",100,"IS_MONO_INCOMPLETE","Strongly Supported"
NA,"FAA_filterlen33","Gnetales","NO_CLADE",NA,"NO_CLADE","Missing"
NA,"FAA_filterlen33","Gnetales","NO_CLADE",NA,"NO_CLADE","Missing"
NA,"FAA_filterlen33","Gnetales","IS_MONO_INCOMPLETE",87,"IS_MONO_INCOMPLETE","Strongly Supported"
NA,"FAA_filterlen33","Gnetales","IS_MONO_INCOMPLETE",96,"IS_MONO_INCOMPLETE","Strongly Supported"
NA,"FAA_filterlen33","Gnetales","NO_CLADE",NA,"NO_CLADE","Missing"
NA,"FAA_filterlen33","Gnetales","IS_MONO_INCOMPLETE",95,"IS_MONO_INCOMPLETE","Strongly Supported"
NA,"FAA_filterlen33","Gnetales","NO_CLADE",NA,"NO_CLADE","Missing"
NA,"FAA_filterlen33","Gnetales","NO_CLADE",NA,"NO_CLADE","Missing"
NA,"FAA_filterlen33","Gnetales","NO_CLADE",NA,"NO_CLADE","Missing"
NA,"FAA_filterlen33","Gnetales","NO_CLADE",NA,"NO_CLADE","Missing"
NA,"FAA_filterlen33","Gnetales","NO_CLADE",NA,"NO_CLADE","Missing"
NA,"FAA_filterlen33","Gnetales","NO_CLADE",NA,"NO_CLADE","Missing"
NA,"FAA_filterlen33","Gnetales","NO_CLADE",NA,"NO_CLADE","Missing"
NA,"FAA_filterlen33","Gnetales","NO_CLADE",NA,"NO_CLADE","Missing"
NA,"FAA_filterlen33","Gnetales","IS_MONO_INCOMPLETE",73,"CAN_MONO_INCOMPLETE","Weakly Supported"
NA,"FAA_filterlen33","Gnetales","NO_CLADE",NA,"NO_CLADE","Missing"
NA,"FAA_filterlen33","Gnetales","NO_CLADE",NA,"NO_CLADE","Missing"
NA,"FAA_filterlen33","Gnetales","NO_CLADE",NA,"NO_CLADE","Missing"
NA,"FAA_filterlen33","Gnetales","NO_CLADE",NA,"NO_CLADE","Missing"
NA,"FAA_filterlen33","Gnetales","IS_MONO_INCOMPLETE",97,"IS_MONO_INCOMPLETE","Strongly Supported"
NA,"FAA_filterlen33","Gnetales","NO_CLADE",NA,"NO_CLADE","Missing"
NA,"FAA_filterlen33","Gnetales","NO_CLADE",NA,"NO_CLADE","Missing"
NA,"FAA_filterlen33","Gnetales","NO_CLADE",NA,"NO_CLADE","Missing"
NA,"FAA_filterlen33","Gnetales","IS_MONO",91,"IS_MONO","Strongly Supported"
NA,"FAA_filterlen33","Gnetales","NO_CLADE",NA,"NO_CLADE","Missing"
NA,"FAA_filterlen33","Gnetales","NO_CLADE",NA,"NO_CLADE","Missing"
NA,"FAA_filterlen33","Gnetales","NO_CLADE",NA,"NO_CLADE","Missing"
NA,"FAA_filterlen33","Gnetales","NO_CLADE",NA,"NO_CLADE","Missing"
NA,"FAA_filterlen33","Gnetales","IS_MONO",100,"IS_MONO","Strongly Supported"
NA,"FAA_filterlen33","Gnetales","NO_CLADE",NA,"NO_CLADE","Missing"
NA,"FAA_filterlen33","Gnetales","NO_CLADE",NA,"NO_CLADE","Missing"
NA,"FAA_filterlen33","Gnetales","NO_CLADE",NA,"NO_CLADE","Missing"
NA,"FAA_filterlen33","Gnetales","NO_CLADE",NA,"NO_CLADE","Missing"
NA,"FAA_filterlen33","Gnetales","NO_CLADE",NA,"NO_CLADE","Missing"
NA,"FAA_filterlen33","Gnetales","IS_MONO_INCOMPLETE",100,"IS_MONO_INCOMPLETE","Strongly Supported"
NA,"FAA_filterlen33","Gnetales","NO_CLADE",NA,"NO_CLADE","Missing"
NA,"FAA_filterlen33","Gnetales","IS_MONO_INCOMPLETE",100,"IS_MONO_INCOMPLETE","Strongly Supported"
NA,"FAA_filterlen33","Gnetales","IS_MONO_INCOMPLETE",87,"IS_MONO_INCOMPLETE","Strongly Supported"
NA,"FAA_filterlen33","Gnetales","IS_MONO_INCOMPLETE",86,"IS_MONO_INCOMPLETE","Strongly Supported"
NA,"FAA_filterlen33","Gnetales","NO_CLADE",NA,"NO_CLADE","Missing"
NA,"FAA_filterlen33","Gnetales","NO_CLADE",NA,"NO_CLADE","Missing"
NA,"FAA_filterlen33","Gnetales","NO_CLADE",NA,"NO_CLADE","Missing"
NA,"FAA_filterlen33","Gnetales","IS_MONO_INCOMPLETE",79,"IS_MONO_INCOMPLETE","Strongly Supported"
NA,"FAA_filterlen33","Gnetales","NO_CLADE",NA,"NO_CLADE","Missing"
NA,"FAA_filterlen33","Gnetales","NO_CLADE",NA,"NO_CLADE","Missing"
NA,"FAA_filterlen33","Gnetales","NO_CLADE",NA,"NO_CLADE","Missing"
NA,"FAA_filterlen33","Gnetales","NO_CLADE",NA,"NO_CLADE","Missing"
NA,"FAA_filterlen33","Gnetales","NO_CLADE",NA,"NO_CLADE","Missing"
NA,"FAA_filterlen33","Gnetales","NO_CLADE",NA,"NO_CLADE","Missing"
NA,"FAA_filterlen33","Gnetales","NO_CLADE",NA,"NO_CLADE","Missing"
NA,"FAA_filterlen33","Gnetales","NO_CLADE",NA,"NO_CLADE","Missing"
NA,"FAA_filterlen33","Gnetales","NO_CLADE",NA,"NO_CLADE","Missing"
NA,"FAA_filterlen33","Gnetales","NO_CLADE",NA,"NO_CLADE","Missing"
NA,"FAA_filterlen33","Gnetales","NO_CLADE",NA,"NO_CLADE","Missing"
NA,"FAA_filterlen33","Gnetales","NO_CLADE",NA,"NO_CLADE","Missing"
NA,"FAA_filterlen33","Gnetales","IS_MONO_INCOMPLETE",20,"CAN_MONO_INCOMPLETE","Weakly Supported"
NA,"FAA_filterlen33","Gnetales","NO_CLADE",NA,"NO_CLADE","Missing"
NA,"FAA_filterlen33","Gnetales","NO_CLADE",NA,"NO_CLADE","Missing"
NA,"FAA_filterlen33","Gnetales","NO_CLADE",NA,"NO_CLADE","Missing"
NA,"FAA_filterlen33","Gnetales","NO_CLADE",NA,"NO_CLADE","Missing"
NA,"FAA_filterlen33","Gnetales","NO_CLADE",NA,"NO_CLADE","Missing"
NA,"FAA_filterlen33","Gnetales","NO_CLADE",NA,"NO_CLADE","Missing"
NA,"FAA_filterlen33","Gnetales","NO_CLADE",NA,"NO_CLADE","Missing"
NA,"FAA_filterlen33","Gnetales","NO_CLADE",NA,"NO_CLADE","Missing"
NA,"FAA_filterlen33","Gnetales","IS_MONO",41,"CAN_MONO","Weakly Supported"
NA,"FAA_filterlen33","Gnetales","NO_CLADE",NA,"NO_CLADE","Missing"
NA,"FAA_filterlen33","Gnetales","NO_CLADE",NA,"NO_CLADE","Missing"
NA,"FAA_filterlen33","Gnetales","NO_CLADE",NA,"NO_CLADE","Missing"
NA,"FAA_filterlen33","Gnetales","NO_CLADE",NA,"NO_CLADE","Missing"
NA,"FAA_filterlen33","Gnetales","NO_CLADE",NA,"NO_CLADE","Missing"
NA,"FAA_filterlen33","Gnetales","NO_CLADE",NA,"NO_CLADE","Missing"
NA,"FAA_filterlen33","Gnetales","IS_MONO_INCOMPLETE",90,"IS_MONO_INCOMPLETE","Strongly Supported"
NA,"FAA_filterlen33","Gnetales","NO_CLADE",NA,"NO_CLADE","Missing"
NA,"FAA_filterlen33","Gnetales","IS_MONO_INCOMPLETE",39,"CAN_MONO_INCOMPLETE","Weakly Supported"
NA,"FAA_filterlen33","Gnetales","IS_MONO_INCOMPLETE",95,"IS_MONO_INCOMPLETE","Strongly Supported"
NA,"FAA_filterlen33","Gnetales","IS_MONO_INCOMPLETE",69,"CAN_MONO_INCOMPLETE","Weakly Supported"
NA,"FAA_filterlen33","Gnetales","IS_MONO_INCOMPLETE",44,"CAN_MONO_INCOMPLETE","Weakly Supported"
NA,"FAA_filterlen33","Gnetales","NO_CLADE",NA,"NO_CLADE","Missing"
NA,"FAA_filterlen33","Gnetales","IS_MONO_INCOMPLETE",58,"CAN_MONO_INCOMPLETE","Weakly Supported"
NA,"FAA_filterlen33","Gnetales","NO_CLADE",NA,"NO_CLADE","Missing"
NA,"FAA_filterlen33","Gnetales","IS_MONO_INCOMPLETE",100,"IS_MONO_INCOMPLETE","Strongly Supported"
NA,"FAA_filterlen33","Gnetales","NO_CLADE",NA,"NO_CLADE","Missing"
NA,"FAA_filterlen33","Gnetales","IS_MONO_INCOMPLETE",86,"IS_MONO_INCOMPLETE","Strongly Supported"
NA,"FAA_filterlen33","Gnetales","NO_CLADE",NA,"NO_CLADE","Missing"
NA,"FAA_filterlen33","Gnetales","NO_CLADE",NA,"NO_CLADE","Missing"
NA,"FAA_filterlen33","Gnetales","NO_CLADE",NA,"NO_CLADE","Missing"
NA,"FAA_filterlen33","Gnetales","NO_CLADE",NA,"NO_CLADE","Missing"
NA,"FAA_filterlen33","Gnetales","NO_CLADE",NA,"NO_CLADE","Missing"
NA,"FAA_filterlen33","Gnetales","NO_CLADE",NA,"NO_CLADE","Missing"
NA,"FAA_filterlen33","Gnetales","NO_CLADE",NA,"NO_CLADE","Missing"
NA,"FAA_filterlen33","Gnetales","NO_CLADE",NA,"NO_CLADE","Missing"
NA,"FAA_filterlen33","Gnetales","IS_MONO_INCOMPLETE",93,"IS_MONO_INCOMPLETE","Strongly Supported"
NA,"FAA_filterlen33","Gnetales","CAN_MONO",NA,"CAN_MONO","Weakly Reject"
NA,"FAA_filterlen33","Gnetales","IS_MONO_INCOMPLETE",60,"CAN_MONO_INCOMPLETE","Weakly Supported"
NA,"FAA_filterlen33","Gnetales","NO_CLADE",NA,"NO_CLADE","Missing"
NA,"FAA_filterlen33","Gnetales","NO_CLADE",NA,"NO_CLADE","Missing"
NA,"FAA_filterlen33","Gnetales","NO_CLADE",NA,"NO_CLADE","Missing"
NA,"FAA_filterlen33","Gnetales","NO_CLADE",NA,"NO_CLADE","Missing"
NA,"FAA_filterlen33","Gnetales","NO_CLADE",NA,"NO_CLADE","Missing"
NA,"FAA_filterlen33","Gnetales","NO_CLADE",NA,"NO_CLADE","Missing"
NA,"FAA_filterlen33","Gnetales","IS_MONO_INCOMPLETE",34,"CAN_MONO_INCOMPLETE","Weakly Supported"
NA,"FAA_filterlen33","Gnetales","NO_CLADE",NA,"NO_CLADE","Missing"
NA,"FAA_filterlen33","Gnetales","NO_CLADE",NA,"NO_CLADE","Missing"
NA,"FAA_filterlen33","Gnetales","NO_CLADE",NA,"NO_CLADE","Missing"
NA,"FAA_filterlen33","Gnetales","NO_CLADE",NA,"NO_CLADE","Missing"
NA,"FAA_filterlen33","Gnetales","NO_CLADE",NA,"NO_CLADE","Missing"
NA,"FAA_filterlen33","Gnetales","NO_CLADE",NA,"NO_CLADE","Missing"
NA,"FAA_filterlen33","Gnetales","NO_CLADE",NA,"NO_CLADE","Missing"
NA,"FAA_filterlen33","Gnetales","NO_CLADE",NA,"NO_CLADE","Missing"
NA,"FAA_filterlen33","Gnetales","NO_CLADE",NA,"NO_CLADE","Missing"
NA,"FAA_filterlen33","Gnetales","NO_CLADE",NA,"NO_CLADE","Missing"
NA,"FAA_filterlen33","Gnetales","NO_CLADE",NA,"NO_CLADE","Missing"
NA,"FAA_filterlen33","Gnetales","NO_CLADE",NA,"NO_CLADE","Missing"
NA,"FAA_filterlen33","Gnetales","NO_CLADE",NA,"NO_CLADE","Missing"
NA,"FAA_filterlen33","Gnetales","IS_MONO",94,"IS_MONO","Strongly Supported"
NA,"FAA_filterlen33","Gnetales","NO_CLADE",NA,"NO_CLADE","Missing"
NA,"FAA_filterlen33","Gnetales","IS_MONO_INCOMPLETE",95,"IS_MONO_INCOMPLETE","Strongly Supported"
NA,"FAA_filterlen33","Gnetales","NO_CLADE",NA,"NO_CLADE","Missing"
NA,"FAA_filterlen33","Gnetales","NO_CLADE",NA,"NO_CLADE","Missing"
NA,"FAA_filterlen33","Gnetales","NO_CLADE",NA,"NO_CLADE","Missing"
NA,"FAA_filterlen33","Gnetales","NO_CLADE",NA,"NO_CLADE","Missing"
NA,"FAA_filterlen33","Gnetales","NO_CLADE",NA,"NO_CLADE","Missing"
NA,"FAA_filterlen33","Gnetales","NO_CLADE",NA,"NO_CLADE","Missing"
NA,"FAA_filterlen33","Gnetales","NO_CLADE",NA,"NO_CLADE","Missing"
NA,"FAA_filterlen33","Gnetales","NO_CLADE",NA,"NO_CLADE","Missing"
NA,"FAA_filterlen33","Gnetales","NO_CLADE",NA,"NO_CLADE","Missing"
NA,"FAA_filterlen33","Gnetales","NO_CLADE",NA,"NO_CLADE","Missing"
NA,"FAA_filterlen33","Gnetales","IS_MONO_INCOMPLETE",32,"CAN_MONO_INCOMPLETE","Weakly Supported"
NA,"FAA_filterlen33","Gnetales","NO_CLADE",NA,"NO_CLADE","Missing"
NA,"FAA_filterlen33","Gnetales","NO_CLADE",NA,"NO_CLADE","Missing"
NA,"FAA_filterlen33","Gnetales","NOT_MONO",NA,"CAN_MONO_INCOMPLETE","Weakly Reject"
NA,"FAA_filterlen33","Gnetales","IS_MONO_INCOMPLETE",99,"IS_MONO_INCOMPLETE","Strongly Supported"
NA,"FAA_filterlen33","Gnetales","NO_CLADE",NA,"NO_CLADE","Missing"
NA,"FAA_filterlen33","Gnetales","NOT_MONO",NA,"CAN_MONO_INCOMPLETE","Weakly Reject"
NA,"FAA_filterlen33","Gnetales","NO_CLADE",NA,"NO_CLADE","Missing"
NA,"FAA_filterlen33","Gnetales","NO_CLADE",NA,"NO_CLADE","Missing"
NA,"FAA_filterlen33","Gnetales","NO_CLADE",NA,"NO_CLADE","Missing"
NA,"FAA_filterlen33","Gnetales","NO_CLADE",NA,"NO_CLADE","Missing"
NA,"FAA_filterlen33","Gnetales","NO_CLADE",NA,"NO_CLADE","Missing"
NA,"FAA_filterlen33","Gnetales","NO_CLADE",NA,"NO_CLADE","Missing"
NA,"FAA_filterlen33","Gnetales","NO_CLADE",NA,"NO_CLADE","Missing"
NA,"FAA_filterlen33","Gnetales","IS_MONO_INCOMPLETE",98,"IS_MONO_INCOMPLETE","Strongly Supported"
NA,"FAA_filterlen33","Gnetales","NO_CLADE",NA,"NO_CLADE","Missing"
NA,"FAA_filterlen33","Gnetales","NO_CLADE",NA,"NO_CLADE","Missing"
NA,"FAA_filterlen33","Gnetales","NO_CLADE",NA,"NO_CLADE","Missing"
NA,"FAA_filterlen33","Gnetales","NO_CLADE",NA,"NO_CLADE","Missing"
NA,"FAA_filterlen33","Gnetales","NO_CLADE",NA,"NO_CLADE","Missing"
NA,"FAA_filterlen33","Gnetales","NO_CLADE",NA,"NO_CLADE","Missing"
NA,"FAA_filterlen33","Gnetales","NO_CLADE",NA,"NO_CLADE","Missing"
NA,"FAA_filterlen33","Gnetales","NO_CLADE",NA,"NO_CLADE","Missing"
NA,"FAA_filterlen33","Gnetales","IS_MONO_INCOMPLETE",99,"IS_MONO_INCOMPLETE","Strongly Supported"
NA,"FAA_filterlen33","Gnetales","NO_CLADE",NA,"NO_CLADE","Missing"
NA,"FAA_filterlen33","Gnetales","IS_MONO_INCOMPLETE",34,"CAN_MONO_INCOMPLETE","Weakly Supported"
NA,"FAA_filterlen33","Gnetales","NO_CLADE",NA,"NO_CLADE","Missing"
NA,"FAA_filterlen33","Gnetales","NO_CLADE",NA,"NO_CLADE","Missing"
NA,"FAA_filterlen33","Gnetales","NO_CLADE",NA,"NO_CLADE","Missing"
NA,"FAA_filterlen33","Gnetales","IS_MONO",99,"IS_MONO","Strongly Supported"
NA,"FAA_filterlen33","Gnetales","NO_CLADE",NA,"NO_CLADE","Missing"
NA,"FAA_filterlen33","Gnetales","NO_CLADE",NA,"NO_CLADE","Missing"
NA,"FAA_filterlen33","Gnetales","NO_CLADE",NA,"NO_CLADE","Missing"
NA,"FAA_filterlen33","Gnetales","IS_MONO_INCOMPLETE",82,"IS_MONO_INCOMPLETE","Strongly Supported"
NA,"FAA_filterlen33","Gnetales","NO_CLADE",NA,"NO_CLADE","Missing"
NA,"FAA_filterlen33","Gnetales","NO_CLADE",NA,"NO_CLADE","Missing"
NA,"FAA_filterlen33","Gnetales","NO_CLADE",NA,"NO_CLADE","Missing"
NA,"FAA_filterlen33","Gnetales","IS_MONO_INCOMPLETE",56,"CAN_MONO_INCOMPLETE","Weakly Supported"
NA,"FAA_filterlen33","Gnetales","NO_CLADE",NA,"NO_CLADE","Missing"
NA,"FAA_filterlen33","Gnetales","NO_CLADE",NA,"NO_CLADE","Missing"
NA,"FAA_filterlen33","Gnetales","NO_CLADE",NA,"NO_CLADE","Missing"
NA,"FAA_filterlen33","Gnetales","NO_CLADE",NA,"NO_CLADE","Missing"
NA,"FAA_filterlen33","Gnetales","NOT_MONO",NA,"NOT_MONO","Strongly Reject"
NA,"FAA_filterlen33","Gnetales","NO_CLADE",NA,"NO_CLADE","Missing"
NA,"FAA_filterlen33","Gnetales","NO_CLADE",NA,"NO_CLADE","Missing"
NA,"FAA_filterlen33","Gnetales","NO_CLADE",NA,"NO_CLADE","Missing"
NA,"FAA_filterlen33","Gnetales","NO_CLADE",NA,"NO_CLADE","Missing"
NA,"FAA_filterlen33","Gnetales","NOT_MONO",NA,"CAN_MONO_INCOMPLETE","Weakly Reject"
NA,"FAA_filterlen33","Gnetales","NO_CLADE",NA,"NO_CLADE","Missing"
NA,"FAA_filterlen33","Gnetales","NOT_MONO",NA,"NOT_MONO","Strongly Reject"
NA,"FAA_filterlen33","Gnetales","NO_CLADE",NA,"NO_CLADE","Missing"
NA,"FAA_filterlen33","Gnetales","NO_CLADE",NA,"NO_CLADE","Missing"
NA,"FAA_filterlen33","Gnetales","NO_CLADE",NA,"NO_CLADE","Missing"
NA,"FAA_filterlen33","Gnetales","NO_CLADE",NA,"NO_CLADE","Missing"
NA,"FAA_filterlen33","Gnetales","NO_CLADE",NA,"NO_CLADE","Missing"
NA,"FAA_filterlen33","Gnetales","NO_CLADE",NA,"NO_CLADE","Missing"
NA,"FAA_filterlen33","Gnetales","NOT_MONO",NA,"CAN_MONO_INCOMPLETE","Weakly Reject"
NA,"FAA_filterlen33","Gnetales","NO_CLADE",NA,"NO_CLADE","Missing"
NA,"FAA_filterlen33","Gnetales","NO_CLADE",NA,"NO_CLADE","Missing"
NA,"FAA_filterlen33","Gnetales","IS_MONO_INCOMPLETE",56,"CAN_MONO_INCOMPLETE","Weakly Supported"
NA,"FAA_filterlen33","Gnetales","NO_CLADE",NA,"NO_CLADE","Missing"
NA,"FAA_filterlen33","Gnetales","NO_CLADE",NA,"NO_CLADE","Missing"
NA,"FAA_filterlen33","Gnetales","IS_MONO",80,"IS_MONO","Strongly Supported"
NA,"FAA_filterlen33","Gnetales","NO_CLADE",NA,"NO_CLADE","Missing"
NA,"FAA_filterlen33","Gnetales","NO_CLADE",NA,"NO_CLADE","Missing"
NA,"FAA_filterlen33","Gnetales","NO_CLADE",NA,"NO_CLADE","Missing"
NA,"FAA_filterlen33","Gnetales","NO_CLADE",NA,"NO_CLADE","Missing"
NA,"FAA_filterlen33","Gnetales","NO_CLADE",NA,"NO_CLADE","Missing"
NA,"FAA_filterlen33","Gnetales","NO_CLADE",NA,"NO_CLADE","Missing"
NA,"FAA_filterlen33","Gnetales","NO_CLADE",NA,"NO_CLADE","Missing"
NA,"FAA_filterlen33","Gnetales","IS_MONO",99,"IS_MONO","Strongly Supported"
NA,"FAA_filterlen33","Gnetales","NO_CLADE",NA,"NO_CLADE","Missing"
NA,"FAA_filterlen33","Gnetales","IS_MONO_INCOMPLETE",69,"CAN_MONO_INCOMPLETE","Weakly Supported"
NA,"FAA_filterlen33","Gnetales","NOT_MONO",NA,"CAN_MONO_INCOMPLETE","Weakly Reject"
NA,"FAA_filterlen33","Gnetales","NO_CLADE",NA,"NO_CLADE","Missing"
NA,"FAA_filterlen33","Gnetales","IS_MONO_INCOMPLETE",37,"CAN_MONO_INCOMPLETE","Weakly Supported"
NA,"FAA_filterlen33","Gnetales","NO_CLADE",NA,"NO_CLADE","Missing"
NA,"FAA_filterlen33","Gnetales","NO_CLADE",NA,"NO_CLADE","Missing"
NA,"FAA_filterlen33","Gnetales","NO_CLADE",NA,"NO_CLADE","Missing"
NA,"FAA_filterlen33","Gnetales","IS_MONO_INCOMPLETE",98,"IS_MONO_INCOMPLETE","Strongly Supported"
NA,"FAA_filterlen33","Gnetales","NO_CLADE",NA,"NO_CLADE","Missing"
NA,"FAA_filterlen33","Gnetales","NO_CLADE",NA,"NO_CLADE","Missing"
NA,"FAA_filterlen33","Gnetales","NO_CLADE",NA,"NO_CLADE","Missing"
NA,"FAA_filterlen33","Gnetales","NO_CLADE",NA,"NO_CLADE","Missing"
NA,"FAA_filterlen33","Gnetales","NO_CLADE",NA,"NO_CLADE","Missing"
NA,"FAA_filterlen33","Gnetales","NO_CLADE",NA,"NO_CLADE","Missing"
NA,"FAA_filterlen33","Gnetales","NO_CLADE",NA,"NO_CLADE","Missing"
NA,"FAA_filterlen33","Gnetales","NO_CLADE",NA,"NO_CLADE","Missing"
NA,"FAA_filterlen33","Gnetales","IS_MONO_INCOMPLETE",98,"IS_MONO_INCOMPLETE","Strongly Supported"
NA,"FAA_filterlen33","Gnetales","NO_CLADE",NA,"NO_CLADE","Missing"
NA,"FAA_filterlen33","Gnetales","NO_CLADE",NA,"NO_CLADE","Missing"
NA,"FAA_filterlen33","Gnetales","NO_CLADE",NA,"NO_CLADE","Missing"
NA,"FAA_filterlen33","Gnetales","IS_MONO",99,"IS_MONO","Strongly Supported"
NA,"FAA_filterlen33","Gnetales","NO_CLADE",NA,"NO_CLADE","Missing"
NA,"FAA_filterlen33","Gnetales","NO_CLADE",NA,"NO_CLADE","Missing"
NA,"FAA_filterlen33","Gnetales","NO_CLADE",NA,"NO_CLADE","Missing"
NA,"FAA_filterlen33","Gnetales","NO_CLADE",NA,"NO_CLADE","Missing"
NA,"FAA_filterlen33","Gnetales","NO_CLADE",NA,"NO_CLADE","Missing"
NA,"FAA_filterlen33","Gnetales","NO_CLADE",NA,"NO_CLADE","Missing"
NA,"FAA_filterlen33","Gnetales","NO_CLADE",NA,"NO_CLADE","Missing"
NA,"FAA_filterlen33","Gnetales","NO_CLADE",NA,"NO_CLADE","Missing"
NA,"FAA_filterlen33","Gnetales","NO_CLADE",NA,"NO_CLADE","Missing"
NA,"FAA_filterlen33","Gnetales","NO_CLADE",NA,"NO_CLADE","Missing"
NA,"FAA_filterlen33","Gnetales","NO_CLADE",NA,"NO_CLADE","Missing"
NA,"FAA_filterlen33","Gnetales","NO_CLADE",NA,"NO_CLADE","Missing"
NA,"FAA_filterlen33","Gnetales","NO_CLADE",NA,"NO_CLADE","Missing"
NA,"FAA_filterlen33","Gnetales","NO_CLADE",NA,"NO_CLADE","Missing"
NA,"FAA_filterlen33","Gnetales","NO_CLADE",NA,"NO_CLADE","Missing"
NA,"FAA_filterlen33","Gnetales","NO_CLADE",NA,"NO_CLADE","Missing"
NA,"FAA_filterlen33","Gnetales","NO_CLADE",NA,"NO_CLADE","Missing"
NA,"FAA_filterlen33","Gnetales","NO_CLADE",NA,"NO_CLADE","Missing"
NA,"FAA_filterlen33","Gnetales","NO_CLADE",NA,"NO_CLADE","Missing"
NA,"FAA_filterlen33","Gnetales","NO_CLADE",NA,"NO_CLADE","Missing"
NA,"FAA_filterlen33","Gnetales","NO_CLADE",NA,"NO_CLADE","Missing"
NA,"FAA_filterlen33","Gnetales","NO_CLADE",NA,"NO_CLADE","Missing"
NA,"FAA_filterlen33","Gnetales","NOT_MONO",NA,"CAN_MONO_INCOMPLETE","Weakly Reject"
NA,"FAA_filterlen33","Gnetales","NO_CLADE",NA,"NO_CLADE","Missing"
NA,"FAA_filterlen33","Gnetales","IS_MONO_INCOMPLETE",72,"CAN_MONO_INCOMPLETE","Weakly Supported"
NA,"FAA_filterlen33","Gnetales","NO_CLADE",NA,"NO_CLADE","Missing"
NA,"FAA_filterlen33","Gnetales","IS_MONO_INCOMPLETE",33,"CAN_MONO_INCOMPLETE","Weakly Supported"
NA,"FAA_filterlen33","Gnetales","NOT_MONO",NA,"CAN_MONO_INCOMPLETE","Weakly Reject"
NA,"FAA_filterlen33","Gnetales","NO_CLADE",NA,"NO_CLADE","Missing"
NA,"FAA_filterlen33","Gnetales","NO_CLADE",NA,"NO_CLADE","Missing"
NA,"FAA_filterlen33","Gnetales","NO_CLADE",NA,"NO_CLADE","Missing"
NA,"FAA_filterlen33","Gnetales","IS_MONO_INCOMPLETE",81,"IS_MONO_INCOMPLETE","Strongly Supported"
NA,"FAA_filterlen33","Gnetales","NO_CLADE",NA,"NO_CLADE","Missing"
NA,"FAA_filterlen33","Gnetales","NO_CLADE",NA,"NO_CLADE","Missing"
NA,"FAA_filterlen33","Gnetales","NO_CLADE",NA,"NO_CLADE","Missing"
NA,"FAA_filterlen33","Gnetales","NO_CLADE",NA,"NO_CLADE","Missing"
NA,"FAA_filterlen33","Gnetales","NO_CLADE",NA,"NO_CLADE","Missing"
NA,"FAA_filterlen33","Gnetales","NO_CLADE",NA,"NO_CLADE","Missing"
NA,"FAA_filterlen33","Gnetales","IS_MONO_INCOMPLETE",100,"IS_MONO_INCOMPLETE","Strongly Supported"
NA,"FAA_filterlen33","Gnetales","NO_CLADE",NA,"NO_CLADE","Missing"
NA,"FAA_filterlen33","Gnetales","NO_CLADE",NA,"NO_CLADE","Missing"
NA,"FAA_filterlen33","Gnetales","NO_CLADE",NA,"NO_CLADE","Missing"
NA,"FAA_filterlen33","Gnetales","NO_CLADE",NA,"NO_CLADE","Missing"
NA,"FAA_filterlen33","Gnetales","NO_CLADE",NA,"NO_CLADE","Missing"
NA,"FAA_filterlen33","Gnetales","NOT_MONO",NA,"CAN_MONO","Weakly Reject"
NA,"FAA_filterlen33","Gnetales","NO_CLADE",NA,"NO_CLADE","Missing"
NA,"FAA_filterlen33","Gnetales","NO_CLADE",NA,"NO_CLADE","Missing"
NA,"FAA_filterlen33","Gnetales","IS_MONO",97,"IS_MONO","Strongly Supported"
NA,"FAA_filterlen33","Gnetales","NO_CLADE",NA,"NO_CLADE","Missing"
NA,"FAA_filterlen33","Gnetales","IS_MONO_INCOMPLETE",70,"CAN_MONO_INCOMPLETE","Weakly Supported"
NA,"FAA_filterlen33","Gnetales","NO_CLADE",NA,"NO_CLADE","Missing"
NA,"FAA_filterlen33","Gnetales","NO_CLADE",NA,"NO_CLADE","Missing"
NA,"FAA_filterlen33","Gnetales","IS_MONO_INCOMPLETE",92,"IS_MONO_INCOMPLETE","Strongly Supported"
NA,"FAA_filterlen33","Gnetales","NO_CLADE",NA,"NO_CLADE","Missing"
NA,"FAA_filterlen33","Gnetales","NO_CLADE",NA,"NO_CLADE","Missing"
NA,"FAA_filterlen33","Gnetales","NO_CLADE",NA,"NO_CLADE","Missing"
NA,"FAA_filterlen33","Gnetales","NO_CLADE",NA,"NO_CLADE","Missing"
NA,"FAA_filterlen33","Gnetales","NO_CLADE",NA,"NO_CLADE","Missing"
NA,"FAA_filterlen33","Gnetales","IS_MONO",100,"IS_MONO","Strongly Supported"
NA,"FAA_filterlen33","Gnetales","NO_CLADE",NA,"NO_CLADE","Missing"
NA,"FAA_filterlen33","Gnetales","NO_CLADE",NA,"NO_CLADE","Missing"
NA,"FAA_filterlen33","Gnetales","NO_CLADE",NA,"NO_CLADE","Missing"
NA,"FAA_filterlen33","Gnetales","NO_CLADE",NA,"NO_CLADE","Missing"
NA,"FAA_filterlen33","Gnetales","IS_MONO_INCOMPLETE",41,"CAN_MONO_INCOMPLETE","Weakly Supported"
NA,"FAA_filterlen33","Gnetales","NO_CLADE",NA,"NO_CLADE","Missing"
NA,"FAA_filterlen33","Gnetales","IS_MONO_INCOMPLETE",93,"IS_MONO_INCOMPLETE","Strongly Supported"
NA,"FAA_filterlen33","Gnetales","NO_CLADE",NA,"NO_CLADE","Missing"
NA,"FAA_filterlen33","Gnetales","NO_CLADE",NA,"NO_CLADE","Missing"
NA,"FAA_filterlen33","Gnetales","NO_CLADE",NA,"NO_CLADE","Missing"
NA,"FAA_filterlen33","Gnetales","NO_CLADE",NA,"NO_CLADE","Missing"
NA,"FAA_filterlen33","Gnetales","NO_CLADE",NA,"NO_CLADE","Missing"
NA,"FAA_filterlen33","Gnetales","NO_CLADE",NA,"NO_CLADE","Missing"
NA,"FAA_filterlen33","Gnetales","NO_CLADE",NA,"NO_CLADE","Missing"
NA,"FAA_filterlen33","Gnetales","NO_CLADE",NA,"NO_CLADE","Missing"
NA,"FAA_filterlen33","Gnetales","NO_CLADE",NA,"NO_CLADE","Missing"
NA,"FAA_filterlen33","Gnetales","NO_CLADE",NA,"NO_CLADE","Missing"
NA,"FAA_filterlen33","Gnetales","NO_CLADE",NA,"NO_CLADE","Missing"
NA,"FAA_filterlen33","Gnetales","NO_CLADE",NA,"NO_CLADE","Missing"
NA,"FAA_filterlen33","Gnetales","NO_CLADE",NA,"NO_CLADE","Missing"
NA,"FAA_filterlen33","Gnetales","NO_CLADE",NA,"NO_CLADE","Missing"
NA,"FAA_filterlen33","Gnetales","NO_CLADE",NA,"NO_CLADE","Missing"
NA,"FAA_filterlen33","Gnetales","IS_MONO_INCOMPLETE",69,"CAN_MONO_INCOMPLETE","Weakly Supported"
NA,"FAA_filterlen33","Gnetales","NO_CLADE",NA,"NO_CLADE","Missing"
NA,"FAA_filterlen33","Gnetales","NO_CLADE",NA,"NO_CLADE","Missing"
NA,"FAA_filterlen33","Gnetales","NO_CLADE",NA,"NO_CLADE","Missing"
NA,"FAA_filterlen33","Gnetales","NO_CLADE",NA,"NO_CLADE","Missing"
NA,"FAA_filterlen33","Gnetales","NO_CLADE",NA,"NO_CLADE","Missing"
NA,"FAA_filterlen33","Gnetales","NO_CLADE",NA,"NO_CLADE","Missing"
NA,"FAA_filterlen33","Gnetales","NO_CLADE",NA,"NO_CLADE","Missing"
NA,"FAA_filterlen33","Gnetales","IS_MONO_INCOMPLETE",97,"IS_MONO_INCOMPLETE","Strongly Supported"
NA,"FAA_filterlen33","Gnetales","NO_CLADE",NA,"NO_CLADE","Missing"
NA,"FAA_filterlen33","Gnetales","NO_CLADE",NA,"NO_CLADE","Missing"
NA,"FAA_filterlen33","Gnetales","IS_MONO",83,"IS_MONO","Strongly Supported"
NA,"FAA_filterlen33","Gnetales","NO_CLADE",NA,"NO_CLADE","Missing"
NA,"FAA_filterlen33","Gnetales","NO_CLADE",NA,"NO_CLADE","Missing"
NA,"FAA_filterlen33","Gnetales","NO_CLADE",NA,"NO_CLADE","Missing"
NA,"FAA_filterlen33","Gnetales","IS_MONO_INCOMPLETE",85,"IS_MONO_INCOMPLETE","Strongly Supported"
NA,"FAA_filterlen33","Gnetales","NO_CLADE",NA,"NO_CLADE","Missing"
NA,"FAA_filterlen33","Gnetales","NO_CLADE",NA,"NO_CLADE","Missing"
NA,"FAA_filterlen33","Gnetales","IS_MONO_INCOMPLETE",55,"CAN_MONO_INCOMPLETE","Weakly Supported"
NA,"FAA_filterlen33","Gnetales","NO_CLADE",NA,"NO_CLADE","Missing"
NA,"FAA_filterlen33","Gnetales","NO_CLADE",NA,"NO_CLADE","Missing"
NA,"FAA_filterlen33","Gnetales","IS_MONO",68,"CAN_MONO","Weakly Supported"
NA,"FAA_filterlen33","Gnetales","NO_CLADE",NA,"NO_CLADE","Missing"
NA,"FAA_filterlen33","Gnetales","NO_CLADE",NA,"NO_CLADE","Missing"
NA,"FAA_filterlen33","Gnetales","NO_CLADE",NA,"NO_CLADE","Missing"
NA,"FAA_filterlen33","Gnetales","NO_CLADE",NA,"NO_CLADE","Missing"
NA,"FAA_filterlen33","Gnetales","NOT_MONO",NA,"CAN_MONO_INCOMPLETE","Weakly Reject"
NA,"FAA_filterlen33","Gnetales","NO_CLADE",NA,"NO_CLADE","Missing"
NA,"FAA_filterlen33","Gnetales","NO_CLADE",NA,"NO_CLADE","Missing"
NA,"FAA_filterlen33","Gnetales","NO_CLADE",NA,"NO_CLADE","Missing"
NA,"FAA_filterlen33","Gnetales","IS_MONO_INCOMPLETE",94,"IS_MONO_INCOMPLETE","Strongly Supported"
NA,"FAA_filterlen33","Gnetales","IS_MONO",95,"IS_MONO","Strongly Supported"
NA,"FAA_filterlen33","Gnetales","NO_CLADE",NA,"NO_CLADE","Missing"
NA,"FAA_filterlen33","Gnetales","NO_CLADE",NA,"NO_CLADE","Missing"
NA,"FAA_filterlen33","Gnetales","NO_CLADE",NA,"NO_CLADE","Missing"
NA,"FAA_filterlen33","Gnetales","NO_CLADE",NA,"NO_CLADE","Missing"
NA,"FAA_filterlen33","Gnetales","NO_CLADE",NA,"NO_CLADE","Missing"
NA,"FAA_filterlen33","Gnetales","IS_MONO_INCOMPLETE",98,"IS_MONO_INCOMPLETE","Strongly Supported"
NA,"FAA_filterlen33","Gnetales","NO_CLADE",NA,"NO_CLADE","Missing"
NA,"FAA_filterlen33","Gnetales","NO_CLADE",NA,"NO_CLADE","Missing"
NA,"FAA_filterlen33","Gnetales","NO_CLADE",NA,"NO_CLADE","Missing"
NA,"FAA_filterlen33","Gnetales","NOT_MONO",NA,"NOT_MONO","Strongly Reject"
NA,"FAA_filterlen33","Gnetales","NO_CLADE",NA,"NO_CLADE","Missing"
NA,"FAA_filterlen33","Gnetales","NO_CLADE",NA,"NO_CLADE","Missing"
NA,"FAA_filterlen33","Gnetales","NO_CLADE",NA,"NO_CLADE","Missing"
NA,"FAA_filterlen33","Gnetales","NO_CLADE",NA,"NO_CLADE","Missing"
NA,"FAA_filterlen33","Gnetales","NO_CLADE",NA,"NO_CLADE","Missing"
NA,"FAA_filterlen33","Gnetales","IS_MONO_INCOMPLETE",100,"IS_MONO_INCOMPLETE","Strongly Supported"
NA,"FAA_filterlen33","Gnetales","IS_MONO_INCOMPLETE",46,"CAN_MONO_INCOMPLETE","Weakly Supported"
NA,"FAA_filterlen33","Gnetales","IS_MONO_INCOMPLETE",100,"IS_MONO_INCOMPLETE","Strongly Supported"
NA,"FAA_filterlen33","Gnetales","NO_CLADE",NA,"NO_CLADE","Missing"
NA,"FAA_filterlen33","Gnetales","NO_CLADE",NA,"NO_CLADE","Missing"
NA,"FAA_filterlen33","Gnetales","NO_CLADE",NA,"NO_CLADE","Missing"
NA,"FAA_filterlen33","Gnetales","NO_CLADE",NA,"NO_CLADE","Missing"
NA,"FAA_filterlen33","Gnetales","NO_CLADE",NA,"NO_CLADE","Missing"
NA,"FAA_filterlen33","Gnetales","NO_CLADE",NA,"NO_CLADE","Missing"
NA,"FAA_filterlen33","Gnetales","IS_MONO_INCOMPLETE",60,"CAN_MONO_INCOMPLETE","Weakly Supported"
NA,"FAA_filterlen33","Gnetales","NO_CLADE",NA,"NO_CLADE","Missing"
NA,"FAA_filterlen33","Gnetales","NO_CLADE",NA,"NO_CLADE","Missing"
NA,"FAA_filterlen33","Gnetales","NO_CLADE",NA,"NO_CLADE","Missing"
NA,"FAA_filterlen33","Gnetales","NO_CLADE",NA,"NO_CLADE","Missing"
NA,"FAA_filterlen33","Gnetales","NO_CLADE",NA,"NO_CLADE","Missing"
NA,"FAA_filterlen33","Gnetales","NO_CLADE",NA,"NO_CLADE","Missing"
NA,"FAA_filterlen33","Gnetales","NO_CLADE",NA,"NO_CLADE","Missing"
NA,"FAA_filterlen33","Gnetales","NO_CLADE",NA,"NO_CLADE","Missing"
NA,"FAA_filterlen33","Gnetales","IS_MONO_INCOMPLETE",27,"CAN_MONO_INCOMPLETE","Weakly Supported"
NA,"FAA_filterlen33","Gnetales","NO_CLADE",NA,"NO_CLADE","Missing"
NA,"FAA_filterlen33","Gnetales","NO_CLADE",NA,"NO_CLADE","Missing"
NA,"FAA_filterlen33","Gnetales","IS_MONO_INCOMPLETE",83,"IS_MONO_INCOMPLETE","Strongly Supported"
NA,"FAA_filterlen33","Gnetales","NO_CLADE",NA,"NO_CLADE","Missing"
NA,"FAA_filterlen33","Gnetales","NO_CLADE",NA,"NO_CLADE","Missing"
NA,"FAA_filterlen33","Gnetales","NO_CLADE",NA,"NO_CLADE","Missing"
NA,"FAA_filterlen33","Gnetales","NO_CLADE",NA,"NO_CLADE","Missing"
NA,"FAA_filterlen33","Gnetales","IS_MONO_INCOMPLETE",44,"CAN_MONO_INCOMPLETE","Weakly Supported"
NA,"FAA_filterlen33","Gnetales","IS_MONO_INCOMPLETE",35,"CAN_MONO_INCOMPLETE","Weakly Supported"
NA,"FAA_filterlen33","Gnetales","NO_CLADE",NA,"NO_CLADE","Missing"
NA,"FAA_filterlen33","Gnetales","NO_CLADE",NA,"NO_CLADE","Missing"
NA,"FAA_filterlen33","Gnetales","NO_CLADE",NA,"NO_CLADE","Missing"
NA,"FAA_filterlen33","Gnetales","NO_CLADE",NA,"NO_CLADE","Missing"
NA,"FAA_filterlen33","Gnetales","NO_CLADE",NA,"NO_CLADE","Missing"
NA,"FAA_filterlen33","Gnetales","NO_CLADE",NA,"NO_CLADE","Missing"
NA,"FAA_filterlen33","Gnetales","NO_CLADE",NA,"NO_CLADE","Missing"
NA,"FAA_filterlen33","Gnetales","IS_MONO_INCOMPLETE",97,"IS_MONO_INCOMPLETE","Strongly Supported"
NA,"FAA_filterlen33","Gnetales","IS_MONO_INCOMPLETE",100,"IS_MONO_INCOMPLETE","Strongly Supported"
NA,"FAA_filterlen33","Gnetales","NO_CLADE",NA,"NO_CLADE","Missing"
NA,"FAA_filterlen33","Gnetales","NO_CLADE",NA,"NO_CLADE","Missing"
NA,"FAA_filterlen33","Gnetales","NO_CLADE",NA,"NO_CLADE","Missing"
NA,"FAA_filterlen33","Gnetales","NO_CLADE",NA,"NO_CLADE","Missing"
NA,"FAA_filterlen33","Gnetales","NO_CLADE",NA,"NO_CLADE","Missing"
NA,"FAA_filterlen33","Gnetales","NO_CLADE",NA,"NO_CLADE","Missing"
NA,"FAA_filterlen33","Gnetales","NO_CLADE",NA,"NO_CLADE","Missing"
NA,"FAA_filterlen33","Gnetales","IS_MONO_INCOMPLETE",100,"IS_MONO_INCOMPLETE","Strongly Supported"
NA,"FAA_filterlen33","Gnetales","NO_CLADE",NA,"NO_CLADE","Missing"
NA,"FAA_filterlen33","Gnetales","NO_CLADE",NA,"NO_CLADE","Missing"
NA,"FAA_filterlen33","Gnetales","NO_CLADE",NA,"NO_CLADE","Missing"
NA,"FAA_filterlen33","Gnetales","NO_CLADE",NA,"NO_CLADE","Missing"
NA,"FAA_filterlen33","Gnetales","NO_CLADE",NA,"NO_CLADE","Missing"
NA,"FAA_filterlen33","Gnetales","NO_CLADE",NA,"NO_CLADE","Missing"
NA,"FAA_filterlen33","Gnetales","NO_CLADE",NA,"NO_CLADE","Missing"
NA,"FAA_filterlen33","Gnetales","IS_MONO_INCOMPLETE",37,"CAN_MONO_INCOMPLETE","Weakly Supported"
NA,"FAA_filterlen33","Gnetales","NO_CLADE",NA,"NO_CLADE","Missing"
NA,"FAA_filterlen33","Gnetales","NO_CLADE",NA,"NO_CLADE","Missing"
NA,"FAA_filterlen33","Gnetales","NO_CLADE",NA,"NO_CLADE","Missing"
NA,"FAA_filterlen33","Gnetales","NO_CLADE",NA,"NO_CLADE","Missing"
NA,"FAA_filterlen33","Gnetales","NO_CLADE",NA,"NO_CLADE","Missing"
NA,"FAA_filterlen33","Gnetales","NO_CLADE",NA,"NO_CLADE","Missing"
NA,"FAA_filterlen33","Gnetales","NO_CLADE",NA,"NO_CLADE","Missing"
NA,"FAA_filterlen33","Gnetales","NO_CLADE",NA,"NO_CLADE","Missing"
NA,"FAA_filterlen33","Gnetales","NO_CLADE",NA,"NO_CLADE","Missing"
NA,"FAA_filterlen33","Gnetales","NO_CLADE",NA,"NO_CLADE","Missing"
NA,"FAA_filterlen33","Gnetales","NO_CLADE",NA,"NO_CLADE","Missing"
NA,"FAA_filterlen33","Gnetales","IS_MONO_INCOMPLETE",93,"IS_MONO_INCOMPLETE","Strongly Supported"
NA,"FAA_filterlen33","Gnetales","NO_CLADE",NA,"NO_CLADE","Missing"
NA,"FAA_filterlen33","Gnetales","CAN_MONO_INCOMPLETE",NA,"CAN_MONO_INCOMPLETE","Weakly Reject"
NA,"FAA_filterlen33","Gnetales","NO_CLADE",NA,"NO_CLADE","Missing"
NA,"FAA_filterlen33","Gnetales","NO_CLADE",NA,"NO_CLADE","Missing"
NA,"FAA_filterlen33","Gnetales","NO_CLADE",NA,"NO_CLADE","Missing"
NA,"FAA_filterlen33","Gnetales","IS_MONO_INCOMPLETE",46,"CAN_MONO_INCOMPLETE","Weakly Supported"
NA,"FAA_filterlen33","Gnetales","NO_CLADE",NA,"NO_CLADE","Missing"
NA,"FAA_filterlen33","Gnetales","NO_CLADE",NA,"NO_CLADE","Missing"
NA,"FAA_filterlen33","Gnetales","NO_CLADE",NA,"NO_CLADE","Missing"
NA,"FAA_filterlen33","Gnetales","NO_CLADE",NA,"NO_CLADE","Missing"
NA,"FAA_filterlen33","Gnetales","NO_CLADE",NA,"NO_CLADE","Missing"
NA,"FAA_filterlen33","Gnetales","NO_CLADE",NA,"NO_CLADE","Missing"
NA,"FAA_filterlen33","Gnetales","IS_MONO_INCOMPLETE",90,"IS_MONO_INCOMPLETE","Strongly Supported"
NA,"FAA_filterlen33","Gnetales","NO_CLADE",NA,"NO_CLADE","Missing"
NA,"FAA_filterlen33","Gnetales","NO_CLADE",NA,"NO_CLADE","Missing"
NA,"FAA_filterlen33","Gnetales","IS_MONO_INCOMPLETE",56,"CAN_MONO_INCOMPLETE","Weakly Supported"
NA,"FAA_filterlen33","Gnetales","NO_CLADE",NA,"NO_CLADE","Missing"
NA,"FAA_filterlen33","Gnetales","NO_CLADE",NA,"NO_CLADE","Missing"
NA,"FAA_filterlen33","Gnetales","NO_CLADE",NA,"NO_CLADE","Missing"
NA,"FAA_filterlen33","Gnetales","NO_CLADE",NA,"NO_CLADE","Missing"
NA,"FAA_filterlen33","Gnetales","IS_MONO_INCOMPLETE",50,"CAN_MONO_INCOMPLETE","Weakly Supported"
NA,"FAA_filterlen33","Gnetales","NO_CLADE",NA,"NO_CLADE","Missing"
NA,"FAA_filterlen33","Gnetales","NO_CLADE",NA,"NO_CLADE","Missing"
NA,"FAA_filterlen33","Gnetales","NO_CLADE",NA,"NO_CLADE","Missing"
NA,"FAA_filterlen33","Gnetales","NO_CLADE",NA,"NO_CLADE","Missing"
NA,"FAA_filterlen33","Gnetales","NO_CLADE",NA,"NO_CLADE","Missing"
NA,"FAA_filterlen33","Gnetales","NO_CLADE",NA,"NO_CLADE","Missing"
NA,"FAA_filterlen33","Gnetales","NO_CLADE",NA,"NO_CLADE","Missing"
NA,"FAA_filterlen33","Gnetales","NO_CLADE",NA,"NO_CLADE","Missing"
NA,"FAA_filterlen33","Gnetales","NO_CLADE",NA,"NO_CLADE","Missing"
NA,"FAA_filterlen33","Gnetales","NO_CLADE",NA,"NO_CLADE","Missing"
NA,"FAA_filterlen33","Gnetales","NO_CLADE",NA,"NO_CLADE","Missing"
NA,"FAA_filterlen33","Gnetales","NO_CLADE",NA,"NO_CLADE","Missing"
NA,"FAA_filterlen33","Gnetales","NO_CLADE",NA,"NO_CLADE","Missing"
NA,"FAA_filterlen33","Gnetales","NO_CLADE",NA,"NO_CLADE","Missing"
NA,"FAA_filterlen33","Gnetales","NO_CLADE",NA,"NO_CLADE","Missing"
NA,"FAA_filterlen33","Gnetales","NO_CLADE",NA,"NO_CLADE","Missing"
NA,"FAA_filterlen33","Gnetales","NO_CLADE",NA,"NO_CLADE","Missing"
NA,"FAA_filterlen33","Gnetales","NO_CLADE",NA,"NO_CLADE","Missing"
NA,"FAA_filterlen33","Gnetales","NO_CLADE",NA,"NO_CLADE","Missing"
NA,"FAA_filterlen33","Gnetales","NO_CLADE",NA,"NO_CLADE","Missing"
NA,"FAA_filterlen33","Gnetales","IS_MONO_INCOMPLETE",100,"IS_MONO_INCOMPLETE","Strongly Supported"
NA,"FAA_filterlen33","Gnetales","NO_CLADE",NA,"NO_CLADE","Missing"
NA,"FAA_filterlen33","Gnetales","NO_CLADE",NA,"NO_CLADE","Missing"
NA,"FAA_filterlen33","Gnetales","NO_CLADE",NA,"NO_CLADE","Missing"
NA,"FAA_filterlen33","Gnetales","NO_CLADE",NA,"NO_CLADE","Missing"
NA,"FAA_filterlen33","Gnetales","NO_CLADE",NA,"NO_CLADE","Missing"
NA,"FAA_filterlen33","Gnetales","IS_MONO_INCOMPLETE",100,"IS_MONO_INCOMPLETE","Strongly Supported"
NA,"FAA_filterlen33","Gnetales","NO_CLADE",NA,"NO_CLADE","Missing"
NA,"FAA_filterlen33","Gnetales","NO_CLADE",NA,"NO_CLADE","Missing"
NA,"FAA_filterlen33","Gnetales","IS_MONO_INCOMPLETE",80,"IS_MONO_INCOMPLETE","Strongly Supported"
NA,"FAA_filterlen33","Gnetales","NO_CLADE",NA,"NO_CLADE","Missing"
NA,"FAA_filterlen33","Gnetales","NO_CLADE",NA,"NO_CLADE","Missing"
NA,"FAA_filterlen33","Gnetales","NO_CLADE",NA,"NO_CLADE","Missing"
NA,"FAA_filterlen33","Gnetales","NO_CLADE",NA,"NO_CLADE","Missing"
NA,"FAA_filterlen33","Gnetales","IS_MONO_INCOMPLETE",80,"IS_MONO_INCOMPLETE","Strongly Supported"
NA,"FAA_filterlen33","Gnetales","NO_CLADE",NA,"NO_CLADE","Missing"
NA,"FAA_filterlen33","Gnetales","NO_CLADE",NA,"NO_CLADE","Missing"
NA,"FAA_filterlen33","Gnetales","NO_CLADE",NA,"NO_CLADE","Missing"
NA,"FAA_filterlen33","Gnetales","NO_CLADE",NA,"NO_CLADE","Missing"
NA,"FAA_filterlen33","Gnetales","NO_CLADE",NA,"NO_CLADE","Missing"
NA,"FAA_filterlen33","Gnetales","NO_CLADE",NA,"NO_CLADE","Missing"
NA,"FAA_filterlen33","Gnetales","NO_CLADE",NA,"NO_CLADE","Missing"
NA,"FAA_filterlen33","Gnetales","NO_CLADE",NA,"NO_CLADE","Missing"
NA,"FAA_filterlen33","Gnetales","NO_CLADE",NA,"NO_CLADE","Missing"
NA,"FAA_filterlen33","Gnetales","NO_CLADE",NA,"NO_CLADE","Missing"
NA,"FAA_filterlen33","Gnetales","NO_CLADE",NA,"NO_CLADE","Missing"
NA,"FAA_filterlen33","Gnetales","NO_CLADE",NA,"NO_CLADE","Missing"
NA,"FAA_filterlen33","Gnetales","IS_MONO_INCOMPLETE",91,"IS_MONO_INCOMPLETE","Strongly Supported"
NA,"FAA_filterlen33","Gnetales","NO_CLADE",NA,"NO_CLADE","Missing"
NA,"FAA_filterlen33","Gnetales","NOT_MONO",NA,"CAN_MONO_INCOMPLETE","Weakly Reject"
NA,"FAA_filterlen33","Gnetales","NO_CLADE",NA,"NO_CLADE","Missing"
NA,"FAA_filterlen33","Gnetales","NO_CLADE",NA,"NO_CLADE","Missing"
NA,"FAA_filterlen33","Gnetales","IS_MONO_INCOMPLETE",79,"IS_MONO_INCOMPLETE","Strongly Supported"
NA,"FAA_filterlen33","Gnetales","NO_CLADE",NA,"NO_CLADE","Missing"
NA,"FAA_filterlen33","Gnetales","NO_CLADE",NA,"NO_CLADE","Missing"
NA,"FAA_filterlen33","Gnetales","NO_CLADE",NA,"NO_CLADE","Missing"
NA,"FAA_filterlen33","Gnetales","NO_CLADE",NA,"NO_CLADE","Missing"
NA,"FAA_filterlen33","Gnetales","NO_CLADE",NA,"NO_CLADE","Missing"
NA,"FAA_filterlen33","Gnetales","NOT_MONO",NA,"CAN_MONO_INCOMPLETE","Weakly Reject"
NA,"FAA_filterlen33","Gnetales","NO_CLADE",NA,"NO_CLADE","Missing"
NA,"FAA_filterlen33","Gnetales","NO_CLADE",NA,"NO_CLADE","Missing"
NA,"FAA_filterlen33","Gnetales","NO_CLADE",NA,"NO_CLADE","Missing"
NA,"FAA_filterlen33","Gnetales","NO_CLADE",NA,"NO_CLADE","Missing"
NA,"FAA_filterlen33","Gnetales","NO_CLADE",NA,"NO_CLADE","Missing"
NA,"FAA_filterlen33","Gnetales","IS_MONO_INCOMPLETE",94,"IS_MONO_INCOMPLETE","Strongly Supported"
NA,"FAA_filterlen33","Gnetales","NO_CLADE",NA,"NO_CLADE","Missing"
NA,"FAA_filterlen33","Gnetales","NO_CLADE",NA,"NO_CLADE","Missing"
NA,"FAA_filterlen33","Gnetales","NO_CLADE",NA,"NO_CLADE","Missing"
NA,"FAA_filterlen33","Gnetales","NO_CLADE",NA,"NO_CLADE","Missing"
NA,"FAA_filterlen33","Gnetales","NO_CLADE",NA,"NO_CLADE","Missing"
NA,"FAA_filterlen33","Gnetales","NO_CLADE",NA,"NO_CLADE","Missing"
NA,"FAA_filterlen33","Gnetales","NO_CLADE",NA,"NO_CLADE","Missing"
NA,"FAA_filterlen33","Gnetales","IS_MONO_INCOMPLETE",100,"IS_MONO_INCOMPLETE","Strongly Supported"
NA,"FAA_filterlen33","Gnetales","NO_CLADE",NA,"NO_CLADE","Missing"
NA,"FAA_filterlen33","Gnetales","NO_CLADE",NA,"NO_CLADE","Missing"
NA,"FAA_filterlen33","Gnetales","NO_CLADE",NA,"NO_CLADE","Missing"
NA,"FAA_filterlen33","Gnetales","NO_CLADE",NA,"NO_CLADE","Missing"
NA,"FAA_filterlen33","Gnetales","NO_CLADE",NA,"NO_CLADE","Missing"
NA,"FAA_filterlen33","Gnetales","IS_MONO",67,"CAN_MONO","Weakly Supported"
NA,"FAA_filterlen33","Gnetales","NO_CLADE",NA,"NO_CLADE","Missing"
NA,"FAA_filterlen33","Gnetales","NO_CLADE",NA,"NO_CLADE","Missing"
NA,"FAA_filterlen33","Gnetales","NO_CLADE",NA,"NO_CLADE","Missing"
NA,"FAA_filterlen33","Gnetales","NO_CLADE",NA,"NO_CLADE","Missing"
NA,"FAA_filterlen33","Gnetales","NO_CLADE",NA,"NO_CLADE","Missing"
NA,"FAA_filterlen33","Gnetales","NO_CLADE",NA,"NO_CLADE","Missing"
NA,"FAA_filterlen33","Gnetales","NO_CLADE",NA,"NO_CLADE","Missing"
NA,"FAA_filterlen33","Gnetales","NO_CLADE",NA,"NO_CLADE","Missing"
NA,"FAA_filterlen33","Gnetales","NO_CLADE",NA,"NO_CLADE","Missing"
NA,"FAA_filterlen33","Gnetales","IS_MONO_INCOMPLETE",99,"IS_MONO_INCOMPLETE","Strongly Supported"
NA,"FAA_filterlen33","Gnetales","NO_CLADE",NA,"NO_CLADE","Missing"
NA,"FAA_filterlen33","Gnetales","IS_MONO",54,"CAN_MONO","Weakly Supported"
NA,"FAA_filterlen33","Gnetales","IS_MONO_INCOMPLETE",87,"IS_MONO_INCOMPLETE","Strongly Supported"
NA,"FAA_filterlen33","Gnetales","NO_CLADE",NA,"NO_CLADE","Missing"
NA,"FAA_filterlen33","Gnetales","NO_CLADE",NA,"NO_CLADE","Missing"
NA,"FAA_filterlen33","Gnetales","NO_CLADE",NA,"NO_CLADE","Missing"
NA,"FAA_filterlen33","Gnetales","NO_CLADE",NA,"NO_CLADE","Missing"
NA,"FAA_filterlen33","Gnetales","NO_CLADE",NA,"NO_CLADE","Missing"
NA,"FAA_filterlen33","Gnetales","NO_CLADE",NA,"NO_CLADE","Missing"
NA,"FAA_filterlen33","Gnetales","NO_CLADE",NA,"NO_CLADE","Missing"
NA,"FAA_filterlen33","Gnetales","NO_CLADE",NA,"NO_CLADE","Missing"
NA,"FAA_filterlen33","Gnetales","NO_CLADE",NA,"NO_CLADE","Missing"
NA,"FAA_filterlen33","Gnetales","NO_CLADE",NA,"NO_CLADE","Missing"
NA,"FAA_filterlen33","Gnetales","NO_CLADE",NA,"NO_CLADE","Missing"
NA,"FAA_filterlen33","Gnetales","NO_CLADE",NA,"NO_CLADE","Missing"
NA,"FAA_filterlen33","Gnetales","NO_CLADE",NA,"NO_CLADE","Missing"
NA,"FAA_filterlen33","Gnetales","NO_CLADE",NA,"NO_CLADE","Missing"
NA,"FAA_filterlen33","Gnetales","NOT_MONO",NA,"CAN_MONO_INCOMPLETE","Weakly Reject"
NA,"FAA_filterlen33","Gnetales","NO_CLADE",NA,"NO_CLADE","Missing"
NA,"FAA_filterlen33","Gnetales","NO_CLADE",NA,"NO_CLADE","Missing"
NA,"FAA_filterlen33","Gnetales","NO_CLADE",NA,"NO_CLADE","Missing"
NA,"FAA_filterlen33","Gnetales","NO_CLADE",NA,"NO_CLADE","Missing"
NA,"FAA_filterlen33","Gnetales","NO_CLADE",NA,"NO_CLADE","Missing"
NA,"FAA_filterlen33","Gnetales","NO_CLADE",NA,"NO_CLADE","Missing"
NA,"FAA_filterlen33","Gnetales","NO_CLADE",NA,"NO_CLADE","Missing"
NA,"FAA_filterlen33","Gnetales","NO_CLADE",NA,"NO_CLADE","Missing"
NA,"FAA_filterlen33","Gnetales","NO_CLADE",NA,"NO_CLADE","Missing"
NA,"FAA_filterlen33","Gnetales","NO_CLADE",NA,"NO_CLADE","Missing"
NA,"FAA_filterlen33","Gnetales","NO_CLADE",NA,"NO_CLADE","Missing"
NA,"FAA_filterlen33","Gnetales","NO_CLADE",NA,"NO_CLADE","Missing"
NA,"FAA_filterlen33","Gnetales","NO_CLADE",NA,"NO_CLADE","Missing"
NA,"FAA_filterlen33","Gnetales","NO_CLADE",NA,"NO_CLADE","Missing"
NA,"FAA_filterlen33","Gnetales","NO_CLADE",NA,"NO_CLADE","Missing"
