"ID","DS","CLADE","MONO","BOOT","MONO.75","Classification"
NA,"FNA2AA_filterlen33","Coniferales","IS_MONO_INCOMPLETE",94,"IS_MONO_INCOMPLETE","Strongly Supported"
NA,"FNA2AA_filterlen33","Coniferales","NOT_MONO",NA,"CAN_MONO","Weakly Reject"
NA,"FNA2AA_filterlen33","Coniferales","IS_MONO_INCOMPLETE",93,"IS_MONO_INCOMPLETE","Strongly Supported"
NA,"FNA2AA_filterlen33","Coniferales","NOT_MONO",NA,"CAN_MONO","Weakly Reject"
NA,"FNA2AA_filterlen33","Coniferales","NOT_MONO",NA,"CAN_MONO","Weakly Reject"
NA,"FNA2AA_filterlen33","Coniferales","IS_MONO_INCOMPLETE",54,"CAN_MONO_INCOMPLETE","Weakly Supported"
NA,"FNA2AA_filterlen33","Coniferales","IS_MONO_INCOMPLETE",69,"CAN_MONO_INCOMPLETE","Weakly Supported"
NA,"FNA2AA_filterlen33","Coniferales","NOT_MONO",NA,"NOT_MONO","Strongly Reject"
NA,"FNA2AA_filterlen33","Coniferales","NOT_MONO",NA,"CAN_MONO","Weakly Reject"
NA,"FNA2AA_filterlen33","Coniferales","IS_MONO_INCOMPLETE",39,"CAN_MONO_INCOMPLETE","Weakly Supported"
NA,"FNA2AA_filterlen33","Coniferales","IS_MONO_INCOMPLETE",64,"CAN_MONO_INCOMPLETE","Weakly Supported"
NA,"FNA2AA_filterlen33","Coniferales","NOT_MONO",NA,"NOT_MONO","Strongly Reject"
NA,"FNA2AA_filterlen33","Coniferales","NOT_MONO",NA,"CAN_MONO","Weakly Reject"
NA,"FNA2AA_filterlen33","Coniferales","NOT_MONO",NA,"CAN_MONO_INCOMPLETE","Weakly Reject"
NA,"FNA2AA_filterlen33","Coniferales","NOT_MONO",NA,"CAN_MONO_INCOMPLETE","Weakly Reject"
NA,"FNA2AA_filterlen33","Coniferales","NOT_MONO",NA,"CAN_MONO_INCOMPLETE","Weakly Reject"
NA,"FNA2AA_filterlen33","Coniferales","NOT_MONO",NA,"NOT_MONO","Strongly Reject"
NA,"FNA2AA_filterlen33","Coniferales","NOT_MONO",NA,"NOT_MONO","Strongly Reject"
NA,"FNA2AA_filterlen33","Coniferales","IS_MONO_INCOMPLETE",42,"CAN_MONO_INCOMPLETE","Weakly Supported"
NA,"FNA2AA_filterlen33","Coniferales","NO_CLADE",NA,"NO_CLADE","Missing"
NA,"FNA2AA_filterlen33","Coniferales","NOT_MONO",NA,"CAN_MONO_INCOMPLETE","Weakly Reject"
NA,"FNA2AA_filterlen33","Coniferales","IS_MONO_INCOMPLETE",99,"IS_MONO_INCOMPLETE","Strongly Supported"
NA,"FNA2AA_filterlen33","Coniferales","IS_MONO_INCOMPLETE",68,"CAN_MONO_INCOMPLETE","Weakly Supported"
NA,"FNA2AA_filterlen33","Coniferales","IS_MONO_INCOMPLETE",97,"IS_MONO_INCOMPLETE","Strongly Supported"
NA,"FNA2AA_filterlen33","Coniferales","IS_MONO_INCOMPLETE",75,"IS_MONO_INCOMPLETE","Strongly Supported"
NA,"FNA2AA_filterlen33","Coniferales","IS_MONO",97,"IS_MONO","Strongly Supported"
NA,"FNA2AA_filterlen33","Coniferales","NO_CLADE",NA,"NO_CLADE","Missing"
NA,"FNA2AA_filterlen33","Coniferales","IS_MONO_INCOMPLETE",54,"CAN_MONO_INCOMPLETE","Weakly Supported"
NA,"FNA2AA_filterlen33","Coniferales","NOT_MONO",NA,"CAN_MONO","Weakly Reject"
NA,"FNA2AA_filterlen33","Coniferales","IS_MONO_INCOMPLETE",95,"IS_MONO_INCOMPLETE","Strongly Supported"
NA,"FNA2AA_filterlen33","Coniferales","NOT_MONO",NA,"CAN_MONO_INCOMPLETE","Weakly Reject"
NA,"FNA2AA_filterlen33","Coniferales","NOT_MONO",NA,"CAN_MONO_INCOMPLETE","Weakly Reject"
NA,"FNA2AA_filterlen33","Coniferales","NOT_MONO",NA,"CAN_MONO_INCOMPLETE","Weakly Reject"
NA,"FNA2AA_filterlen33","Coniferales","NOT_MONO",NA,"NOT_MONO","Strongly Reject"
NA,"FNA2AA_filterlen33","Coniferales","NOT_MONO",NA,"CAN_MONO_INCOMPLETE","Weakly Reject"
NA,"FNA2AA_filterlen33","Coniferales","IS_MONO",100,"IS_MONO","Strongly Supported"
NA,"FNA2AA_filterlen33","Coniferales","NOT_MONO",NA,"CAN_MONO_INCOMPLETE","Weakly Reject"
NA,"FNA2AA_filterlen33","Coniferales","IS_MONO_INCOMPLETE",100,"IS_MONO_INCOMPLETE","Strongly Supported"
NA,"FNA2AA_filterlen33","Coniferales","IS_MONO_INCOMPLETE",39,"CAN_MONO_INCOMPLETE","Weakly Supported"
NA,"FNA2AA_filterlen33","Coniferales","NOT_MONO",NA,"CAN_MONO_INCOMPLETE","Weakly Reject"
NA,"FNA2AA_filterlen33","Coniferales","IS_MONO_INCOMPLETE",100,"IS_MONO_INCOMPLETE","Strongly Supported"
NA,"FNA2AA_filterlen33","Coniferales","IS_MONO_INCOMPLETE",65,"CAN_MONO_INCOMPLETE","Weakly Supported"
NA,"FNA2AA_filterlen33","Coniferales","NOT_MONO",NA,"CAN_MONO_INCOMPLETE","Weakly Reject"
NA,"FNA2AA_filterlen33","Coniferales","NOT_MONO",NA,"CAN_MONO_INCOMPLETE","Weakly Reject"
NA,"FNA2AA_filterlen33","Coniferales","NO_CLADE",NA,"NO_CLADE","Missing"
NA,"FNA2AA_filterlen33","Coniferales","NOT_MONO",NA,"NOT_MONO","Strongly Reject"
NA,"FNA2AA_filterlen33","Coniferales","NOT_MONO",NA,"CAN_MONO_INCOMPLETE","Weakly Reject"
NA,"FNA2AA_filterlen33","Coniferales","NOT_MONO",NA,"NOT_MONO","Strongly Reject"
NA,"FNA2AA_filterlen33","Coniferales","NO_CLADE",NA,"NO_CLADE","Missing"
NA,"FNA2AA_filterlen33","Coniferales","NOT_MONO",NA,"NOT_MONO","Strongly Reject"
NA,"FNA2AA_filterlen33","Coniferales","IS_MONO_INCOMPLETE",100,"IS_MONO_INCOMPLETE","Strongly Supported"
NA,"FNA2AA_filterlen33","Coniferales","NOT_MONO",NA,"CAN_MONO_INCOMPLETE","Weakly Reject"
NA,"FNA2AA_filterlen33","Coniferales","NOT_MONO",NA,"NOT_MONO","Strongly Reject"
NA,"FNA2AA_filterlen33","Coniferales","NOT_MONO",NA,"CAN_MONO_INCOMPLETE","Weakly Reject"
NA,"FNA2AA_filterlen33","Coniferales","NO_CLADE",NA,"NO_CLADE","Missing"
NA,"FNA2AA_filterlen33","Coniferales","IS_MONO_INCOMPLETE",96,"IS_MONO_INCOMPLETE","Strongly Supported"
NA,"FNA2AA_filterlen33","Coniferales","NOT_MONO",NA,"CAN_MONO_INCOMPLETE","Weakly Reject"
NA,"FNA2AA_filterlen33","Coniferales","NOT_MONO",NA,"NOT_MONO","Strongly Reject"
NA,"FNA2AA_filterlen33","Coniferales","NOT_MONO",NA,"CAN_MONO_INCOMPLETE","Weakly Reject"
NA,"FNA2AA_filterlen33","Coniferales","NO_CLADE",NA,"NO_CLADE","Missing"
NA,"FNA2AA_filterlen33","Coniferales","IS_MONO_INCOMPLETE",80,"IS_MONO_INCOMPLETE","Strongly Supported"
NA,"FNA2AA_filterlen33","Coniferales","NOT_MONO",NA,"CAN_MONO_INCOMPLETE","Weakly Reject"
NA,"FNA2AA_filterlen33","Coniferales","IS_MONO_INCOMPLETE",70,"CAN_MONO_INCOMPLETE","Weakly Supported"
NA,"FNA2AA_filterlen33","Coniferales","NOT_MONO",NA,"CAN_MONO","Weakly Reject"
NA,"FNA2AA_filterlen33","Coniferales","NOT_MONO",NA,"CAN_MONO_INCOMPLETE","Weakly Reject"
NA,"FNA2AA_filterlen33","Coniferales","IS_MONO_INCOMPLETE",91,"IS_MONO_INCOMPLETE","Strongly Supported"
NA,"FNA2AA_filterlen33","Coniferales","NO_CLADE",NA,"NO_CLADE","Missing"
NA,"FNA2AA_filterlen33","Coniferales","NO_CLADE",NA,"NO_CLADE","Missing"
NA,"FNA2AA_filterlen33","Coniferales","NOT_MONO",NA,"CAN_MONO_INCOMPLETE","Weakly Reject"
NA,"FNA2AA_filterlen33","Coniferales","NO_CLADE",NA,"NO_CLADE","Missing"
NA,"FNA2AA_filterlen33","Coniferales","IS_MONO_INCOMPLETE",45,"CAN_MONO_INCOMPLETE","Weakly Supported"
NA,"FNA2AA_filterlen33","Coniferales","NO_CLADE",NA,"NO_CLADE","Missing"
NA,"FNA2AA_filterlen33","Coniferales","IS_MONO",100,"IS_MONO","Strongly Supported"
NA,"FNA2AA_filterlen33","Coniferales","IS_MONO_INCOMPLETE",90,"IS_MONO_INCOMPLETE","Strongly Supported"
NA,"FNA2AA_filterlen33","Coniferales","IS_MONO",47,"CAN_MONO","Weakly Supported"
NA,"FNA2AA_filterlen33","Coniferales","IS_MONO_INCOMPLETE",57,"CAN_MONO_INCOMPLETE","Weakly Supported"
NA,"FNA2AA_filterlen33","Coniferales","IS_MONO_INCOMPLETE",93,"IS_MONO_INCOMPLETE","Strongly Supported"
NA,"FNA2AA_filterlen33","Coniferales","IS_MONO_INCOMPLETE",100,"IS_MONO_INCOMPLETE","Strongly Supported"
NA,"FNA2AA_filterlen33","Coniferales","NOT_MONO",NA,"CAN_MONO","Weakly Reject"
NA,"FNA2AA_filterlen33","Coniferales","IS_MONO_INCOMPLETE",100,"IS_MONO_INCOMPLETE","Strongly Supported"
NA,"FNA2AA_filterlen33","Coniferales","NOT_MONO",NA,"CAN_MONO_INCOMPLETE","Weakly Reject"
NA,"FNA2AA_filterlen33","Coniferales","NO_CLADE",NA,"NO_CLADE","Missing"
NA,"FNA2AA_filterlen33","Coniferales","NOT_MONO",NA,"CAN_MONO_INCOMPLETE","Weakly Reject"
NA,"FNA2AA_filterlen33","Coniferales","IS_MONO",91,"IS_MONO","Strongly Supported"
NA,"FNA2AA_filterlen33","Coniferales","NO_CLADE",NA,"NO_CLADE","Missing"
NA,"FNA2AA_filterlen33","Coniferales","IS_MONO_INCOMPLETE",77,"IS_MONO_INCOMPLETE","Strongly Supported"
NA,"FNA2AA_filterlen33","Coniferales","NO_CLADE",NA,"NO_CLADE","Missing"
NA,"FNA2AA_filterlen33","Coniferales","NOT_MONO",NA,"CAN_MONO_INCOMPLETE","Weakly Reject"
NA,"FNA2AA_filterlen33","Coniferales","NO_CLADE",NA,"NO_CLADE","Missing"
NA,"FNA2AA_filterlen33","Coniferales","IS_MONO_INCOMPLETE",100,"IS_MONO_INCOMPLETE","Strongly Supported"
NA,"FNA2AA_filterlen33","Coniferales","NOT_MONO",NA,"CAN_MONO_INCOMPLETE","Weakly Reject"
NA,"FNA2AA_filterlen33","Coniferales","NO_CLADE",NA,"NO_CLADE","Missing"
NA,"FNA2AA_filterlen33","Coniferales","NOT_MONO",NA,"NOT_MONO","Strongly Reject"
NA,"FNA2AA_filterlen33","Coniferales","IS_MONO_INCOMPLETE",87,"IS_MONO_INCOMPLETE","Strongly Supported"
NA,"FNA2AA_filterlen33","Coniferales","NOT_MONO",NA,"NOT_MONO","Strongly Reject"
NA,"FNA2AA_filterlen33","Coniferales","IS_MONO",78,"IS_MONO","Strongly Supported"
NA,"FNA2AA_filterlen33","Coniferales","IS_MONO_INCOMPLETE",97,"IS_MONO_INCOMPLETE","Strongly Supported"
NA,"FNA2AA_filterlen33","Coniferales","IS_MONO_INCOMPLETE",99,"IS_MONO_INCOMPLETE","Strongly Supported"
NA,"FNA2AA_filterlen33","Coniferales","NO_CLADE",NA,"NO_CLADE","Missing"
NA,"FNA2AA_filterlen33","Coniferales","NOT_MONO",NA,"NOT_MONO","Strongly Reject"
NA,"FNA2AA_filterlen33","Coniferales","NOT_MONO",NA,"CAN_MONO_INCOMPLETE","Weakly Reject"
NA,"FNA2AA_filterlen33","Coniferales","NOT_MONO",NA,"CAN_MONO","Weakly Reject"
NA,"FNA2AA_filterlen33","Coniferales","NO_CLADE",NA,"NO_CLADE","Missing"
NA,"FNA2AA_filterlen33","Coniferales","IS_MONO",98,"IS_MONO","Strongly Supported"
NA,"FNA2AA_filterlen33","Coniferales","IS_MONO",67,"CAN_MONO","Weakly Supported"
NA,"FNA2AA_filterlen33","Coniferales","NO_CLADE",NA,"NO_CLADE","Missing"
NA,"FNA2AA_filterlen33","Coniferales","NOT_MONO",NA,"CAN_MONO_INCOMPLETE","Weakly Reject"
NA,"FNA2AA_filterlen33","Coniferales","IS_MONO_INCOMPLETE",40,"CAN_MONO_INCOMPLETE","Weakly Supported"
NA,"FNA2AA_filterlen33","Coniferales","NO_CLADE",NA,"NO_CLADE","Missing"
NA,"FNA2AA_filterlen33","Coniferales","IS_MONO_INCOMPLETE",51,"CAN_MONO_INCOMPLETE","Weakly Supported"
NA,"FNA2AA_filterlen33","Coniferales","NO_CLADE",NA,"NO_CLADE","Missing"
NA,"FNA2AA_filterlen33","Coniferales","NOT_MONO",NA,"NOT_MONO","Strongly Reject"
NA,"FNA2AA_filterlen33","Coniferales","NOT_MONO",NA,"CAN_MONO_INCOMPLETE","Weakly Reject"
NA,"FNA2AA_filterlen33","Coniferales","IS_MONO_INCOMPLETE",100,"IS_MONO_INCOMPLETE","Strongly Supported"
NA,"FNA2AA_filterlen33","Coniferales","IS_MONO",98,"IS_MONO","Strongly Supported"
NA,"FNA2AA_filterlen33","Coniferales","IS_MONO",91,"IS_MONO","Strongly Supported"
NA,"FNA2AA_filterlen33","Coniferales","IS_MONO_INCOMPLETE",45,"CAN_MONO_INCOMPLETE","Weakly Supported"
NA,"FNA2AA_filterlen33","Coniferales","IS_MONO_INCOMPLETE",88,"IS_MONO_INCOMPLETE","Strongly Supported"
NA,"FNA2AA_filterlen33","Coniferales","NOT_MONO",NA,"NOT_MONO","Strongly Reject"
NA,"FNA2AA_filterlen33","Coniferales","NO_CLADE",NA,"NO_CLADE","Missing"
NA,"FNA2AA_filterlen33","Coniferales","NOT_MONO",NA,"NOT_MONO","Strongly Reject"
NA,"FNA2AA_filterlen33","Coniferales","IS_MONO_INCOMPLETE",100,"IS_MONO_INCOMPLETE","Strongly Supported"
NA,"FNA2AA_filterlen33","Coniferales","NOT_MONO",NA,"CAN_MONO_INCOMPLETE","Weakly Reject"
NA,"FNA2AA_filterlen33","Coniferales","NO_CLADE",NA,"NO_CLADE","Missing"
NA,"FNA2AA_filterlen33","Coniferales","IS_MONO_INCOMPLETE",49,"CAN_MONO_INCOMPLETE","Weakly Supported"
NA,"FNA2AA_filterlen33","Coniferales","IS_MONO_INCOMPLETE",95,"IS_MONO_INCOMPLETE","Strongly Supported"
NA,"FNA2AA_filterlen33","Coniferales","NOT_MONO",NA,"CAN_MONO_INCOMPLETE","Weakly Reject"
NA,"FNA2AA_filterlen33","Coniferales","NOT_MONO",NA,"CAN_MONO","Weakly Reject"
NA,"FNA2AA_filterlen33","Coniferales","NO_CLADE",NA,"NO_CLADE","Missing"
NA,"FNA2AA_filterlen33","Coniferales","NOT_MONO",NA,"NOT_MONO","Strongly Reject"
NA,"FNA2AA_filterlen33","Coniferales","IS_MONO",61,"CAN_MONO","Weakly Supported"
NA,"FNA2AA_filterlen33","Coniferales","IS_MONO_INCOMPLETE",67,"CAN_MONO_INCOMPLETE","Weakly Supported"
NA,"FNA2AA_filterlen33","Coniferales","IS_MONO_INCOMPLETE",100,"IS_MONO_INCOMPLETE","Strongly Supported"
NA,"FNA2AA_filterlen33","Coniferales","NOT_MONO",NA,"CAN_MONO_INCOMPLETE","Weakly Reject"
NA,"FNA2AA_filterlen33","Coniferales","IS_MONO_INCOMPLETE",56,"CAN_MONO_INCOMPLETE","Weakly Supported"
NA,"FNA2AA_filterlen33","Coniferales","NO_CLADE",NA,"NO_CLADE","Missing"
NA,"FNA2AA_filterlen33","Coniferales","NO_CLADE",NA,"NO_CLADE","Missing"
NA,"FNA2AA_filterlen33","Coniferales","IS_MONO_INCOMPLETE",61,"CAN_MONO_INCOMPLETE","Weakly Supported"
NA,"FNA2AA_filterlen33","Coniferales","IS_MONO",49,"CAN_MONO","Weakly Supported"
NA,"FNA2AA_filterlen33","Coniferales","NOT_MONO",NA,"CAN_MONO_INCOMPLETE","Weakly Reject"
NA,"FNA2AA_filterlen33","Coniferales","NO_CLADE",NA,"NO_CLADE","Missing"
NA,"FNA2AA_filterlen33","Coniferales","IS_MONO_INCOMPLETE",100,"IS_MONO_INCOMPLETE","Strongly Supported"
NA,"FNA2AA_filterlen33","Coniferales","NOT_MONO",NA,"NOT_MONO","Strongly Reject"
NA,"FNA2AA_filterlen33","Coniferales","NO_CLADE",NA,"NO_CLADE","Missing"
NA,"FNA2AA_filterlen33","Coniferales","NOT_MONO",NA,"NOT_MONO","Strongly Reject"
NA,"FNA2AA_filterlen33","Coniferales","NOT_MONO",NA,"NOT_MONO","Strongly Reject"
NA,"FNA2AA_filterlen33","Coniferales","NOT_MONO",NA,"CAN_MONO_INCOMPLETE","Weakly Reject"
NA,"FNA2AA_filterlen33","Coniferales","NO_CLADE",NA,"NO_CLADE","Missing"
NA,"FNA2AA_filterlen33","Coniferales","IS_MONO_INCOMPLETE",77,"IS_MONO_INCOMPLETE","Strongly Supported"
NA,"FNA2AA_filterlen33","Coniferales","NOT_MONO",NA,"CAN_MONO","Weakly Reject"
NA,"FNA2AA_filterlen33","Coniferales","NO_CLADE",NA,"NO_CLADE","Missing"
NA,"FNA2AA_filterlen33","Coniferales","CAN_MONO_INCOMPLETE",NA,"CAN_MONO_INCOMPLETE","Weakly Reject"
NA,"FNA2AA_filterlen33","Coniferales","NOT_MONO",NA,"CAN_MONO","Weakly Reject"
NA,"FNA2AA_filterlen33","Coniferales","NOT_MONO",NA,"CAN_MONO_INCOMPLETE","Weakly Reject"
NA,"FNA2AA_filterlen33","Coniferales","IS_MONO_INCOMPLETE",46,"CAN_MONO_INCOMPLETE","Weakly Supported"
NA,"FNA2AA_filterlen33","Coniferales","NO_CLADE",NA,"NO_CLADE","Missing"
NA,"FNA2AA_filterlen33","Coniferales","NOT_MONO",NA,"CAN_MONO_INCOMPLETE","Weakly Reject"
NA,"FNA2AA_filterlen33","Coniferales","IS_MONO",35,"CAN_MONO","Weakly Supported"
NA,"FNA2AA_filterlen33","Coniferales","NOT_MONO",NA,"NOT_MONO","Strongly Reject"
NA,"FNA2AA_filterlen33","Coniferales","IS_MONO_INCOMPLETE",83,"IS_MONO_INCOMPLETE","Strongly Supported"
NA,"FNA2AA_filterlen33","Coniferales","NO_CLADE",NA,"NO_CLADE","Missing"
NA,"FNA2AA_filterlen33","Coniferales","NO_CLADE",NA,"NO_CLADE","Missing"
NA,"FNA2AA_filterlen33","Coniferales","IS_MONO",95,"IS_MONO","Strongly Supported"
NA,"FNA2AA_filterlen33","Coniferales","NO_CLADE",NA,"NO_CLADE","Missing"
NA,"FNA2AA_filterlen33","Coniferales","IS_MONO_INCOMPLETE",63,"CAN_MONO_INCOMPLETE","Weakly Supported"
NA,"FNA2AA_filterlen33","Coniferales","IS_MONO_INCOMPLETE",36,"CAN_MONO_INCOMPLETE","Weakly Supported"
NA,"FNA2AA_filterlen33","Coniferales","NOT_MONO",NA,"NOT_MONO","Strongly Reject"
NA,"FNA2AA_filterlen33","Coniferales","NOT_MONO",NA,"CAN_MONO","Weakly Reject"
NA,"FNA2AA_filterlen33","Coniferales","NOT_MONO",NA,"CAN_MONO_INCOMPLETE","Weakly Reject"
NA,"FNA2AA_filterlen33","Coniferales","IS_MONO_INCOMPLETE",57,"CAN_MONO_INCOMPLETE","Weakly Supported"
NA,"FNA2AA_filterlen33","Coniferales","IS_MONO_INCOMPLETE",69,"CAN_MONO_INCOMPLETE","Weakly Supported"
NA,"FNA2AA_filterlen33","Coniferales","IS_MONO_INCOMPLETE",45,"CAN_MONO_INCOMPLETE","Weakly Supported"
NA,"FNA2AA_filterlen33","Coniferales","IS_MONO_INCOMPLETE",90,"IS_MONO_INCOMPLETE","Strongly Supported"
NA,"FNA2AA_filterlen33","Coniferales","IS_MONO_INCOMPLETE",47,"CAN_MONO_INCOMPLETE","Weakly Supported"
NA,"FNA2AA_filterlen33","Coniferales","IS_MONO_INCOMPLETE",96,"IS_MONO_INCOMPLETE","Strongly Supported"
NA,"FNA2AA_filterlen33","Coniferales","IS_MONO_INCOMPLETE",100,"IS_MONO_INCOMPLETE","Strongly Supported"
NA,"FNA2AA_filterlen33","Coniferales","IS_MONO_INCOMPLETE",93,"IS_MONO_INCOMPLETE","Strongly Supported"
NA,"FNA2AA_filterlen33","Coniferales","NOT_MONO",NA,"CAN_MONO_INCOMPLETE","Weakly Reject"
NA,"FNA2AA_filterlen33","Coniferales","NOT_MONO",NA,"CAN_MONO_INCOMPLETE","Weakly Reject"
NA,"FNA2AA_filterlen33","Coniferales","IS_MONO_INCOMPLETE",69,"CAN_MONO_INCOMPLETE","Weakly Supported"
NA,"FNA2AA_filterlen33","Coniferales","NOT_MONO",NA,"CAN_MONO","Weakly Reject"
NA,"FNA2AA_filterlen33","Coniferales","NOT_MONO",NA,"CAN_MONO_INCOMPLETE","Weakly Reject"
NA,"FNA2AA_filterlen33","Coniferales","IS_MONO",98,"IS_MONO","Strongly Supported"
NA,"FNA2AA_filterlen33","Coniferales","IS_MONO",49,"CAN_MONO","Weakly Supported"
NA,"FNA2AA_filterlen33","Coniferales","IS_MONO",55,"CAN_MONO","Weakly Supported"
NA,"FNA2AA_filterlen33","Coniferales","IS_MONO",45,"CAN_MONO","Weakly Supported"
NA,"FNA2AA_filterlen33","Coniferales","NO_CLADE",NA,"NO_CLADE","Missing"
NA,"FNA2AA_filterlen33","Coniferales","IS_MONO_INCOMPLETE",69,"CAN_MONO_INCOMPLETE","Weakly Supported"
NA,"FNA2AA_filterlen33","Coniferales","NOT_MONO",NA,"CAN_MONO_INCOMPLETE","Weakly Reject"
NA,"FNA2AA_filterlen33","Coniferales","NO_CLADE",NA,"NO_CLADE","Missing"
NA,"FNA2AA_filterlen33","Coniferales","IS_MONO_INCOMPLETE",80,"IS_MONO_INCOMPLETE","Strongly Supported"
NA,"FNA2AA_filterlen33","Coniferales","IS_MONO_INCOMPLETE",68,"CAN_MONO_INCOMPLETE","Weakly Supported"
NA,"FNA2AA_filterlen33","Coniferales","NOT_MONO",NA,"CAN_MONO","Weakly Reject"
NA,"FNA2AA_filterlen33","Coniferales","IS_MONO_INCOMPLETE",68,"CAN_MONO_INCOMPLETE","Weakly Supported"
NA,"FNA2AA_filterlen33","Coniferales","NOT_MONO",NA,"CAN_MONO_INCOMPLETE","Weakly Reject"
NA,"FNA2AA_filterlen33","Coniferales","IS_MONO_INCOMPLETE",98,"IS_MONO_INCOMPLETE","Strongly Supported"
NA,"FNA2AA_filterlen33","Coniferales","NOT_MONO",NA,"CAN_MONO_INCOMPLETE","Weakly Reject"
NA,"FNA2AA_filterlen33","Coniferales","NO_CLADE",NA,"NO_CLADE","Missing"
NA,"FNA2AA_filterlen33","Coniferales","IS_MONO_INCOMPLETE",93,"IS_MONO_INCOMPLETE","Strongly Supported"
NA,"FNA2AA_filterlen33","Coniferales","IS_MONO_INCOMPLETE",74,"CAN_MONO_INCOMPLETE","Weakly Supported"
NA,"FNA2AA_filterlen33","Coniferales","NOT_MONO",NA,"CAN_MONO_INCOMPLETE","Weakly Reject"
NA,"FNA2AA_filterlen33","Coniferales","NOT_MONO",NA,"CAN_MONO","Weakly Reject"
NA,"FNA2AA_filterlen33","Coniferales","NOT_MONO",NA,"CAN_MONO","Weakly Reject"
NA,"FNA2AA_filterlen33","Coniferales","NOT_MONO",NA,"NOT_MONO","Strongly Reject"
NA,"FNA2AA_filterlen33","Coniferales","NOT_MONO",NA,"CAN_MONO_INCOMPLETE","Weakly Reject"
NA,"FNA2AA_filterlen33","Coniferales","IS_MONO_INCOMPLETE",74,"CAN_MONO_INCOMPLETE","Weakly Supported"
NA,"FNA2AA_filterlen33","Coniferales","IS_MONO_INCOMPLETE",92,"IS_MONO_INCOMPLETE","Strongly Supported"
NA,"FNA2AA_filterlen33","Coniferales","NOT_MONO",NA,"CAN_MONO","Weakly Reject"
NA,"FNA2AA_filterlen33","Coniferales","NOT_MONO",NA,"NOT_MONO","Strongly Reject"
NA,"FNA2AA_filterlen33","Coniferales","NOT_MONO",NA,"CAN_MONO","Weakly Reject"
NA,"FNA2AA_filterlen33","Coniferales","NO_CLADE",NA,"NO_CLADE","Missing"
NA,"FNA2AA_filterlen33","Coniferales","NOT_MONO",NA,"CAN_MONO","Weakly Reject"
NA,"FNA2AA_filterlen33","Coniferales","NO_CLADE",NA,"NO_CLADE","Missing"
NA,"FNA2AA_filterlen33","Coniferales","IS_MONO_INCOMPLETE",100,"IS_MONO_INCOMPLETE","Strongly Supported"
NA,"FNA2AA_filterlen33","Coniferales","IS_MONO_INCOMPLETE",99,"IS_MONO_INCOMPLETE","Strongly Supported"
NA,"FNA2AA_filterlen33","Coniferales","NOT_MONO",NA,"NOT_MONO","Strongly Reject"
NA,"FNA2AA_filterlen33","Coniferales","IS_MONO_INCOMPLETE",63,"CAN_MONO_INCOMPLETE","Weakly Supported"
NA,"FNA2AA_filterlen33","Coniferales","IS_MONO_INCOMPLETE",96,"IS_MONO_INCOMPLETE","Strongly Supported"
NA,"FNA2AA_filterlen33","Coniferales","IS_MONO_INCOMPLETE",70,"CAN_MONO_INCOMPLETE","Weakly Supported"
NA,"FNA2AA_filterlen33","Coniferales","NOT_MONO",NA,"NOT_MONO","Strongly Reject"
NA,"FNA2AA_filterlen33","Coniferales","NOT_MONO",NA,"CAN_MONO_INCOMPLETE","Weakly Reject"
NA,"FNA2AA_filterlen33","Coniferales","IS_MONO_INCOMPLETE",74,"CAN_MONO_INCOMPLETE","Weakly Supported"
NA,"FNA2AA_filterlen33","Coniferales","IS_MONO_INCOMPLETE",77,"IS_MONO_INCOMPLETE","Strongly Supported"
NA,"FNA2AA_filterlen33","Coniferales","IS_MONO",55,"CAN_MONO","Weakly Supported"
NA,"FNA2AA_filterlen33","Coniferales","NO_CLADE",NA,"NO_CLADE","Missing"
NA,"FNA2AA_filterlen33","Coniferales","NO_CLADE",NA,"NO_CLADE","Missing"
NA,"FNA2AA_filterlen33","Coniferales","NOT_MONO",NA,"CAN_MONO_INCOMPLETE","Weakly Reject"
NA,"FNA2AA_filterlen33","Coniferales","IS_MONO_INCOMPLETE",81,"IS_MONO_INCOMPLETE","Strongly Supported"
NA,"FNA2AA_filterlen33","Coniferales","NOT_MONO",NA,"CAN_MONO_INCOMPLETE","Weakly Reject"
NA,"FNA2AA_filterlen33","Coniferales","NOT_MONO",NA,"NOT_MONO","Strongly Reject"
NA,"FNA2AA_filterlen33","Coniferales","NO_CLADE",NA,"NO_CLADE","Missing"
NA,"FNA2AA_filterlen33","Coniferales","NOT_MONO",NA,"NOT_MONO","Strongly Reject"
NA,"FNA2AA_filterlen33","Coniferales","IS_MONO_INCOMPLETE",71,"CAN_MONO_INCOMPLETE","Weakly Supported"
NA,"FNA2AA_filterlen33","Coniferales","IS_MONO_INCOMPLETE",95,"IS_MONO_INCOMPLETE","Strongly Supported"
NA,"FNA2AA_filterlen33","Coniferales","NOT_MONO",NA,"CAN_MONO","Weakly Reject"
NA,"FNA2AA_filterlen33","Coniferales","IS_MONO",46,"CAN_MONO","Weakly Supported"
NA,"FNA2AA_filterlen33","Coniferales","IS_MONO_INCOMPLETE",100,"IS_MONO_INCOMPLETE","Strongly Supported"
NA,"FNA2AA_filterlen33","Coniferales","IS_MONO",76,"IS_MONO","Strongly Supported"
NA,"FNA2AA_filterlen33","Coniferales","NOT_MONO",NA,"CAN_MONO_INCOMPLETE","Weakly Reject"
NA,"FNA2AA_filterlen33","Coniferales","NOT_MONO",NA,"CAN_MONO_INCOMPLETE","Weakly Reject"
NA,"FNA2AA_filterlen33","Coniferales","NO_CLADE",NA,"NO_CLADE","Missing"
NA,"FNA2AA_filterlen33","Coniferales","IS_MONO_INCOMPLETE",98,"IS_MONO_INCOMPLETE","Strongly Supported"
NA,"FNA2AA_filterlen33","Coniferales","IS_MONO_INCOMPLETE",91,"IS_MONO_INCOMPLETE","Strongly Supported"
NA,"FNA2AA_filterlen33","Coniferales","NO_CLADE",NA,"NO_CLADE","Missing"
NA,"FNA2AA_filterlen33","Coniferales","NO_CLADE",NA,"NO_CLADE","Missing"
NA,"FNA2AA_filterlen33","Coniferales","NO_CLADE",NA,"NO_CLADE","Missing"
NA,"FNA2AA_filterlen33","Coniferales","NOT_MONO",NA,"CAN_MONO_INCOMPLETE","Weakly Reject"
NA,"FNA2AA_filterlen33","Coniferales","NOT_MONO",NA,"NOT_MONO","Strongly Reject"
NA,"FNA2AA_filterlen33","Coniferales","NO_CLADE",NA,"NO_CLADE","Missing"
NA,"FNA2AA_filterlen33","Coniferales","NOT_MONO",NA,"CAN_MONO_INCOMPLETE","Weakly Reject"
NA,"FNA2AA_filterlen33","Coniferales","NOT_MONO",NA,"CAN_MONO_INCOMPLETE","Weakly Reject"
NA,"FNA2AA_filterlen33","Coniferales","IS_MONO_INCOMPLETE",52,"CAN_MONO_INCOMPLETE","Weakly Supported"
NA,"FNA2AA_filterlen33","Coniferales","NOT_MONO",NA,"NOT_MONO","Strongly Reject"
NA,"FNA2AA_filterlen33","Coniferales","IS_MONO_INCOMPLETE",81,"IS_MONO_INCOMPLETE","Strongly Supported"
NA,"FNA2AA_filterlen33","Coniferales","NO_CLADE",NA,"NO_CLADE","Missing"
NA,"FNA2AA_filterlen33","Coniferales","NOT_MONO",NA,"CAN_MONO_INCOMPLETE","Weakly Reject"
NA,"FNA2AA_filterlen33","Coniferales","NO_CLADE",NA,"NO_CLADE","Missing"
NA,"FNA2AA_filterlen33","Coniferales","NOT_MONO",NA,"NOT_MONO","Strongly Reject"
NA,"FNA2AA_filterlen33","Coniferales","IS_MONO_INCOMPLETE",82,"IS_MONO_INCOMPLETE","Strongly Supported"
NA,"FNA2AA_filterlen33","Coniferales","IS_MONO_INCOMPLETE",68,"CAN_MONO_INCOMPLETE","Weakly Supported"
NA,"FNA2AA_filterlen33","Coniferales","IS_MONO_INCOMPLETE",43,"CAN_MONO_INCOMPLETE","Weakly Supported"
NA,"FNA2AA_filterlen33","Coniferales","NOT_MONO",NA,"CAN_MONO_INCOMPLETE","Weakly Reject"
NA,"FNA2AA_filterlen33","Coniferales","IS_MONO_INCOMPLETE",51,"CAN_MONO_INCOMPLETE","Weakly Supported"
NA,"FNA2AA_filterlen33","Coniferales","IS_MONO_INCOMPLETE",24,"CAN_MONO_INCOMPLETE","Weakly Supported"
NA,"FNA2AA_filterlen33","Coniferales","NOT_MONO",NA,"NOT_MONO","Strongly Reject"
NA,"FNA2AA_filterlen33","Coniferales","IS_MONO",88,"IS_MONO","Strongly Supported"
NA,"FNA2AA_filterlen33","Coniferales","NOT_MONO",NA,"CAN_MONO_INCOMPLETE","Weakly Reject"
NA,"FNA2AA_filterlen33","Coniferales","NOT_MONO",NA,"CAN_MONO_INCOMPLETE","Weakly Reject"
NA,"FNA2AA_filterlen33","Coniferales","IS_MONO",63,"CAN_MONO","Weakly Supported"
NA,"FNA2AA_filterlen33","Coniferales","NOT_MONO",NA,"CAN_MONO_INCOMPLETE","Weakly Reject"
NA,"FNA2AA_filterlen33","Coniferales","NO_CLADE",NA,"NO_CLADE","Missing"
NA,"FNA2AA_filterlen33","Coniferales","IS_MONO_INCOMPLETE",68,"CAN_MONO_INCOMPLETE","Weakly Supported"
NA,"FNA2AA_filterlen33","Coniferales","IS_MONO_INCOMPLETE",68,"CAN_MONO_INCOMPLETE","Weakly Supported"
NA,"FNA2AA_filterlen33","Coniferales","IS_MONO_INCOMPLETE",86,"IS_MONO_INCOMPLETE","Strongly Supported"
NA,"FNA2AA_filterlen33","Coniferales","NO_CLADE",NA,"NO_CLADE","Missing"
NA,"FNA2AA_filterlen33","Coniferales","NO_CLADE",NA,"NO_CLADE","Missing"
NA,"FNA2AA_filterlen33","Coniferales","NO_CLADE",NA,"NO_CLADE","Missing"
NA,"FNA2AA_filterlen33","Coniferales","IS_MONO_INCOMPLETE",100,"IS_MONO_INCOMPLETE","Strongly Supported"
NA,"FNA2AA_filterlen33","Coniferales","NO_CLADE",NA,"NO_CLADE","Missing"
NA,"FNA2AA_filterlen33","Coniferales","NO_CLADE",NA,"NO_CLADE","Missing"
NA,"FNA2AA_filterlen33","Coniferales","NOT_MONO",NA,"CAN_MONO_INCOMPLETE","Weakly Reject"
NA,"FNA2AA_filterlen33","Coniferales","NO_CLADE",NA,"NO_CLADE","Missing"
NA,"FNA2AA_filterlen33","Coniferales","IS_MONO_INCOMPLETE",89,"IS_MONO_INCOMPLETE","Strongly Supported"
NA,"FNA2AA_filterlen33","Coniferales","NO_CLADE",NA,"NO_CLADE","Missing"
NA,"FNA2AA_filterlen33","Coniferales","IS_MONO_INCOMPLETE",90,"IS_MONO_INCOMPLETE","Strongly Supported"
NA,"FNA2AA_filterlen33","Coniferales","IS_MONO_INCOMPLETE",90,"IS_MONO_INCOMPLETE","Strongly Supported"
NA,"FNA2AA_filterlen33","Coniferales","NO_CLADE",NA,"NO_CLADE","Missing"
NA,"FNA2AA_filterlen33","Coniferales","IS_MONO_INCOMPLETE",80,"IS_MONO_INCOMPLETE","Strongly Supported"
NA,"FNA2AA_filterlen33","Coniferales","IS_MONO_INCOMPLETE",52,"CAN_MONO_INCOMPLETE","Weakly Supported"
NA,"FNA2AA_filterlen33","Coniferales","IS_MONO_INCOMPLETE",74,"CAN_MONO_INCOMPLETE","Weakly Supported"
NA,"FNA2AA_filterlen33","Coniferales","NOT_MONO",NA,"CAN_MONO_INCOMPLETE","Weakly Reject"
NA,"FNA2AA_filterlen33","Coniferales","NOT_MONO",NA,"CAN_MONO_INCOMPLETE","Weakly Reject"
NA,"FNA2AA_filterlen33","Coniferales","NOT_MONO",NA,"CAN_MONO_INCOMPLETE","Weakly Reject"
NA,"FNA2AA_filterlen33","Coniferales","NOT_MONO",NA,"NOT_MONO","Strongly Reject"
NA,"FNA2AA_filterlen33","Coniferales","IS_MONO_INCOMPLETE",60,"CAN_MONO_INCOMPLETE","Weakly Supported"
NA,"FNA2AA_filterlen33","Coniferales","IS_MONO_INCOMPLETE",94,"IS_MONO_INCOMPLETE","Strongly Supported"
NA,"FNA2AA_filterlen33","Coniferales","IS_MONO_INCOMPLETE",46,"CAN_MONO_INCOMPLETE","Weakly Supported"
NA,"FNA2AA_filterlen33","Coniferales","NOT_MONO",NA,"NOT_MONO","Strongly Reject"
NA,"FNA2AA_filterlen33","Coniferales","NO_CLADE",NA,"NO_CLADE","Missing"
NA,"FNA2AA_filterlen33","Coniferales","NOT_MONO",NA,"NOT_MONO","Strongly Reject"
NA,"FNA2AA_filterlen33","Coniferales","NOT_MONO",NA,"CAN_MONO_INCOMPLETE","Weakly Reject"
NA,"FNA2AA_filterlen33","Coniferales","NO_CLADE",NA,"NO_CLADE","Missing"
NA,"FNA2AA_filterlen33","Coniferales","IS_MONO_INCOMPLETE",51,"CAN_MONO_INCOMPLETE","Weakly Supported"
NA,"FNA2AA_filterlen33","Coniferales","NOT_MONO",NA,"CAN_MONO","Weakly Reject"
NA,"FNA2AA_filterlen33","Coniferales","IS_MONO",60,"CAN_MONO","Weakly Supported"
NA,"FNA2AA_filterlen33","Coniferales","IS_MONO_INCOMPLETE",98,"IS_MONO_INCOMPLETE","Strongly Supported"
NA,"FNA2AA_filterlen33","Coniferales","IS_MONO_INCOMPLETE",98,"IS_MONO_INCOMPLETE","Strongly Supported"
NA,"FNA2AA_filterlen33","Coniferales","NOT_MONO",NA,"CAN_MONO_INCOMPLETE","Weakly Reject"
NA,"FNA2AA_filterlen33","Coniferales","NOT_MONO",NA,"CAN_MONO","Weakly Reject"
NA,"FNA2AA_filterlen33","Coniferales","NOT_MONO",NA,"CAN_MONO_INCOMPLETE","Weakly Reject"
NA,"FNA2AA_filterlen33","Coniferales","NOT_MONO",NA,"CAN_MONO_INCOMPLETE","Weakly Reject"
NA,"FNA2AA_filterlen33","Coniferales","IS_MONO_INCOMPLETE",42,"CAN_MONO_INCOMPLETE","Weakly Supported"
NA,"FNA2AA_filterlen33","Coniferales","IS_MONO",87,"IS_MONO","Strongly Supported"
NA,"FNA2AA_filterlen33","Coniferales","IS_MONO_INCOMPLETE",95,"IS_MONO_INCOMPLETE","Strongly Supported"
NA,"FNA2AA_filterlen33","Coniferales","NO_CLADE",NA,"NO_CLADE","Missing"
NA,"FNA2AA_filterlen33","Coniferales","IS_MONO_INCOMPLETE",45,"CAN_MONO_INCOMPLETE","Weakly Supported"
NA,"FNA2AA_filterlen33","Coniferales","NOT_MONO",NA,"NOT_MONO","Strongly Reject"
NA,"FNA2AA_filterlen33","Coniferales","NOT_MONO",NA,"CAN_MONO_INCOMPLETE","Weakly Reject"
NA,"FNA2AA_filterlen33","Coniferales","NOT_MONO",NA,"CAN_MONO","Weakly Reject"
NA,"FNA2AA_filterlen33","Coniferales","NOT_MONO",NA,"CAN_MONO","Weakly Reject"
NA,"FNA2AA_filterlen33","Coniferales","NOT_MONO",NA,"CAN_MONO","Weakly Reject"
NA,"FNA2AA_filterlen33","Coniferales","IS_MONO_INCOMPLETE",94,"IS_MONO_INCOMPLETE","Strongly Supported"
NA,"FNA2AA_filterlen33","Coniferales","NOT_MONO",NA,"NOT_MONO","Strongly Reject"
NA,"FNA2AA_filterlen33","Coniferales","NOT_MONO",NA,"NOT_MONO","Strongly Reject"
NA,"FNA2AA_filterlen33","Coniferales","IS_MONO_INCOMPLETE",98,"IS_MONO_INCOMPLETE","Strongly Supported"
NA,"FNA2AA_filterlen33","Coniferales","NOT_MONO",NA,"CAN_MONO_INCOMPLETE","Weakly Reject"
NA,"FNA2AA_filterlen33","Coniferales","NOT_MONO",NA,"CAN_MONO_INCOMPLETE","Weakly Reject"
NA,"FNA2AA_filterlen33","Coniferales","IS_MONO_INCOMPLETE",97,"IS_MONO_INCOMPLETE","Strongly Supported"
NA,"FNA2AA_filterlen33","Coniferales","IS_MONO_INCOMPLETE",63,"CAN_MONO_INCOMPLETE","Weakly Supported"
NA,"FNA2AA_filterlen33","Coniferales","NOT_MONO",NA,"CAN_MONO_INCOMPLETE","Weakly Reject"
NA,"FNA2AA_filterlen33","Coniferales","IS_MONO_INCOMPLETE",56,"CAN_MONO_INCOMPLETE","Weakly Supported"
NA,"FNA2AA_filterlen33","Coniferales","IS_MONO_INCOMPLETE",100,"IS_MONO_INCOMPLETE","Strongly Supported"
NA,"FNA2AA_filterlen33","Coniferales","IS_MONO_INCOMPLETE",97,"IS_MONO_INCOMPLETE","Strongly Supported"
NA,"FNA2AA_filterlen33","Coniferales","NO_CLADE",NA,"NO_CLADE","Missing"
NA,"FNA2AA_filterlen33","Coniferales","NO_CLADE",NA,"NO_CLADE","Missing"
NA,"FNA2AA_filterlen33","Coniferales","IS_MONO_INCOMPLETE",100,"IS_MONO_INCOMPLETE","Strongly Supported"
NA,"FNA2AA_filterlen33","Coniferales","NO_CLADE",NA,"NO_CLADE","Missing"
NA,"FNA2AA_filterlen33","Coniferales","IS_MONO",39,"CAN_MONO","Weakly Supported"
NA,"FNA2AA_filterlen33","Coniferales","NO_CLADE",NA,"NO_CLADE","Missing"
NA,"FNA2AA_filterlen33","Coniferales","IS_MONO_INCOMPLETE",92,"IS_MONO_INCOMPLETE","Strongly Supported"
NA,"FNA2AA_filterlen33","Coniferales","IS_MONO_INCOMPLETE",37,"CAN_MONO_INCOMPLETE","Weakly Supported"
NA,"FNA2AA_filterlen33","Coniferales","IS_MONO_INCOMPLETE",39,"CAN_MONO_INCOMPLETE","Weakly Supported"
NA,"FNA2AA_filterlen33","Coniferales","NO_CLADE",NA,"NO_CLADE","Missing"
NA,"FNA2AA_filterlen33","Coniferales","IS_MONO",28,"CAN_MONO","Weakly Supported"
NA,"FNA2AA_filterlen33","Coniferales","IS_MONO_INCOMPLETE",100,"IS_MONO_INCOMPLETE","Strongly Supported"
NA,"FNA2AA_filterlen33","Coniferales","NOT_MONO",NA,"NOT_MONO","Strongly Reject"
NA,"FNA2AA_filterlen33","Coniferales","IS_MONO_INCOMPLETE",100,"IS_MONO_INCOMPLETE","Strongly Supported"
NA,"FNA2AA_filterlen33","Coniferales","IS_MONO_INCOMPLETE",90,"IS_MONO_INCOMPLETE","Strongly Supported"
NA,"FNA2AA_filterlen33","Coniferales","IS_MONO_INCOMPLETE",73,"CAN_MONO_INCOMPLETE","Weakly Supported"
NA,"FNA2AA_filterlen33","Coniferales","NO_CLADE",NA,"NO_CLADE","Missing"
NA,"FNA2AA_filterlen33","Coniferales","NOT_MONO",NA,"NOT_MONO","Strongly Reject"
NA,"FNA2AA_filterlen33","Coniferales","IS_MONO_INCOMPLETE",99,"IS_MONO_INCOMPLETE","Strongly Supported"
NA,"FNA2AA_filterlen33","Coniferales","NOT_MONO",NA,"CAN_MONO_INCOMPLETE","Weakly Reject"
NA,"FNA2AA_filterlen33","Coniferales","NOT_MONO",NA,"CAN_MONO_INCOMPLETE","Weakly Reject"
NA,"FNA2AA_filterlen33","Coniferales","NOT_MONO",NA,"CAN_MONO_INCOMPLETE","Weakly Reject"
NA,"FNA2AA_filterlen33","Coniferales","NOT_MONO",NA,"NOT_MONO","Strongly Reject"
NA,"FNA2AA_filterlen33","Coniferales","IS_MONO_INCOMPLETE",83,"IS_MONO_INCOMPLETE","Strongly Supported"
NA,"FNA2AA_filterlen33","Coniferales","IS_MONO_INCOMPLETE",98,"IS_MONO_INCOMPLETE","Strongly Supported"
NA,"FNA2AA_filterlen33","Coniferales","IS_MONO_INCOMPLETE",73,"CAN_MONO_INCOMPLETE","Weakly Supported"
NA,"FNA2AA_filterlen33","Coniferales","NOT_MONO",NA,"CAN_MONO_INCOMPLETE","Weakly Reject"
NA,"FNA2AA_filterlen33","Coniferales","IS_MONO_INCOMPLETE",57,"CAN_MONO_INCOMPLETE","Weakly Supported"
NA,"FNA2AA_filterlen33","Coniferales","NOT_MONO",NA,"NOT_MONO","Strongly Reject"
NA,"FNA2AA_filterlen33","Coniferales","NOT_MONO",NA,"NOT_MONO","Strongly Reject"
NA,"FNA2AA_filterlen33","Coniferales","NOT_MONO",NA,"CAN_MONO_INCOMPLETE","Weakly Reject"
NA,"FNA2AA_filterlen33","Coniferales","NOT_MONO",NA,"CAN_MONO_INCOMPLETE","Weakly Reject"
NA,"FNA2AA_filterlen33","Coniferales","NOT_MONO",NA,"CAN_MONO","Weakly Reject"
NA,"FNA2AA_filterlen33","Coniferales","IS_MONO_INCOMPLETE",28,"CAN_MONO_INCOMPLETE","Weakly Supported"
NA,"FNA2AA_filterlen33","Coniferales","NOT_MONO",NA,"CAN_MONO_INCOMPLETE","Weakly Reject"
NA,"FNA2AA_filterlen33","Coniferales","NOT_MONO",NA,"CAN_MONO_INCOMPLETE","Weakly Reject"
NA,"FNA2AA_filterlen33","Coniferales","NO_CLADE",NA,"NO_CLADE","Missing"
NA,"FNA2AA_filterlen33","Coniferales","IS_MONO_INCOMPLETE",72,"CAN_MONO_INCOMPLETE","Weakly Supported"
NA,"FNA2AA_filterlen33","Coniferales","NOT_MONO",NA,"CAN_MONO_INCOMPLETE","Weakly Reject"
NA,"FNA2AA_filterlen33","Coniferales","IS_MONO_INCOMPLETE",53,"CAN_MONO_INCOMPLETE","Weakly Supported"
NA,"FNA2AA_filterlen33","Coniferales","IS_MONO_INCOMPLETE",77,"IS_MONO_INCOMPLETE","Strongly Supported"
NA,"FNA2AA_filterlen33","Coniferales","NOT_MONO",NA,"CAN_MONO","Weakly Reject"
NA,"FNA2AA_filterlen33","Coniferales","IS_MONO_INCOMPLETE",100,"IS_MONO_INCOMPLETE","Strongly Supported"
NA,"FNA2AA_filterlen33","Coniferales","IS_MONO_INCOMPLETE",52,"CAN_MONO_INCOMPLETE","Weakly Supported"
NA,"FNA2AA_filterlen33","Coniferales","IS_MONO",64,"CAN_MONO","Weakly Supported"
NA,"FNA2AA_filterlen33","Coniferales","NOT_MONO",NA,"CAN_MONO","Weakly Reject"
NA,"FNA2AA_filterlen33","Coniferales","NOT_MONO",NA,"CAN_MONO_INCOMPLETE","Weakly Reject"
NA,"FNA2AA_filterlen33","Coniferales","NOT_MONO",NA,"CAN_MONO_INCOMPLETE","Weakly Reject"
NA,"FNA2AA_filterlen33","Coniferales","NOT_MONO",NA,"CAN_MONO_INCOMPLETE","Weakly Reject"
NA,"FNA2AA_filterlen33","Coniferales","IS_MONO_INCOMPLETE",100,"IS_MONO_INCOMPLETE","Strongly Supported"
NA,"FNA2AA_filterlen33","Coniferales","IS_MONO_INCOMPLETE",60,"CAN_MONO_INCOMPLETE","Weakly Supported"
NA,"FNA2AA_filterlen33","Coniferales","IS_MONO_INCOMPLETE",41,"CAN_MONO_INCOMPLETE","Weakly Supported"
NA,"FNA2AA_filterlen33","Coniferales","IS_MONO_INCOMPLETE",90,"IS_MONO_INCOMPLETE","Strongly Supported"
NA,"FNA2AA_filterlen33","Coniferales","IS_MONO_INCOMPLETE",99,"IS_MONO_INCOMPLETE","Strongly Supported"
NA,"FNA2AA_filterlen33","Coniferales","IS_MONO_INCOMPLETE",100,"IS_MONO_INCOMPLETE","Strongly Supported"
NA,"FNA2AA_filterlen33","Coniferales","NOT_MONO",NA,"CAN_MONO_INCOMPLETE","Weakly Reject"
NA,"FNA2AA_filterlen33","Coniferales","IS_MONO_INCOMPLETE",99,"IS_MONO_INCOMPLETE","Strongly Supported"
NA,"FNA2AA_filterlen33","Coniferales","IS_MONO_INCOMPLETE",60,"CAN_MONO_INCOMPLETE","Weakly Supported"
NA,"FNA2AA_filterlen33","Coniferales","IS_MONO_INCOMPLETE",80,"IS_MONO_INCOMPLETE","Strongly Supported"
NA,"FNA2AA_filterlen33","Coniferales","IS_MONO_INCOMPLETE",95,"IS_MONO_INCOMPLETE","Strongly Supported"
NA,"FNA2AA_filterlen33","Coniferales","IS_MONO_INCOMPLETE",43,"CAN_MONO_INCOMPLETE","Weakly Supported"
NA,"FNA2AA_filterlen33","Coniferales","NO_CLADE",NA,"NO_CLADE","Missing"
NA,"FNA2AA_filterlen33","Coniferales","NO_CLADE",NA,"NO_CLADE","Missing"
NA,"FNA2AA_filterlen33","Coniferales","IS_MONO_INCOMPLETE",100,"IS_MONO_INCOMPLETE","Strongly Supported"
NA,"FNA2AA_filterlen33","Coniferales","IS_MONO_INCOMPLETE",39,"CAN_MONO_INCOMPLETE","Weakly Supported"
NA,"FNA2AA_filterlen33","Coniferales","NO_CLADE",NA,"NO_CLADE","Missing"
NA,"FNA2AA_filterlen33","Coniferales","IS_MONO_INCOMPLETE",63,"CAN_MONO_INCOMPLETE","Weakly Supported"
NA,"FNA2AA_filterlen33","Coniferales","NOT_MONO",NA,"CAN_MONO","Weakly Reject"
NA,"FNA2AA_filterlen33","Coniferales","IS_MONO_INCOMPLETE",100,"IS_MONO_INCOMPLETE","Strongly Supported"
NA,"FNA2AA_filterlen33","Coniferales","NOT_MONO",NA,"CAN_MONO","Weakly Reject"
NA,"FNA2AA_filterlen33","Coniferales","NO_CLADE",NA,"NO_CLADE","Missing"
NA,"FNA2AA_filterlen33","Coniferales","NOT_MONO",NA,"CAN_MONO","Weakly Reject"
NA,"FNA2AA_filterlen33","Coniferales","NOT_MONO",NA,"CAN_MONO_INCOMPLETE","Weakly Reject"
NA,"FNA2AA_filterlen33","Coniferales","IS_MONO_INCOMPLETE",73,"CAN_MONO_INCOMPLETE","Weakly Supported"
NA,"FNA2AA_filterlen33","Coniferales","IS_MONO_INCOMPLETE",99,"IS_MONO_INCOMPLETE","Strongly Supported"
NA,"FNA2AA_filterlen33","Coniferales","NOT_MONO",NA,"NOT_MONO","Strongly Reject"
NA,"FNA2AA_filterlen33","Coniferales","NO_CLADE",NA,"NO_CLADE","Missing"
NA,"FNA2AA_filterlen33","Coniferales","IS_MONO_INCOMPLETE",74,"CAN_MONO_INCOMPLETE","Weakly Supported"
NA,"FNA2AA_filterlen33","Coniferales","IS_MONO_INCOMPLETE",67,"CAN_MONO_INCOMPLETE","Weakly Supported"
NA,"FNA2AA_filterlen33","Coniferales","IS_MONO_INCOMPLETE",71,"CAN_MONO_INCOMPLETE","Weakly Supported"
NA,"FNA2AA_filterlen33","Coniferales","NOT_MONO",NA,"CAN_MONO_INCOMPLETE","Weakly Reject"
NA,"FNA2AA_filterlen33","Coniferales","NOT_MONO",NA,"CAN_MONO_INCOMPLETE","Weakly Reject"
NA,"FNA2AA_filterlen33","Coniferales","NOT_MONO",NA,"CAN_MONO","Weakly Reject"
NA,"FNA2AA_filterlen33","Coniferales","IS_MONO_INCOMPLETE",81,"IS_MONO_INCOMPLETE","Strongly Supported"
NA,"FNA2AA_filterlen33","Coniferales","NO_CLADE",NA,"NO_CLADE","Missing"
NA,"FNA2AA_filterlen33","Coniferales","NOT_MONO",NA,"CAN_MONO_INCOMPLETE","Weakly Reject"
NA,"FNA2AA_filterlen33","Coniferales","NOT_MONO",NA,"NOT_MONO","Strongly Reject"
NA,"FNA2AA_filterlen33","Coniferales","NOT_MONO",NA,"CAN_MONO_INCOMPLETE","Weakly Reject"
NA,"FNA2AA_filterlen33","Coniferales","NOT_MONO",NA,"CAN_MONO","Weakly Reject"
NA,"FNA2AA_filterlen33","Coniferales","NO_CLADE",NA,"NO_CLADE","Missing"
NA,"FNA2AA_filterlen33","Coniferales","NOT_MONO",NA,"CAN_MONO","Weakly Reject"
NA,"FNA2AA_filterlen33","Coniferales","IS_MONO_INCOMPLETE",67,"CAN_MONO_INCOMPLETE","Weakly Supported"
NA,"FNA2AA_filterlen33","Coniferales","IS_MONO_INCOMPLETE",89,"IS_MONO_INCOMPLETE","Strongly Supported"
NA,"FNA2AA_filterlen33","Coniferales","NOT_MONO",NA,"CAN_MONO_INCOMPLETE","Weakly Reject"
NA,"FNA2AA_filterlen33","Coniferales","IS_MONO_INCOMPLETE",100,"IS_MONO_INCOMPLETE","Strongly Supported"
NA,"FNA2AA_filterlen33","Coniferales","NOT_MONO",NA,"NOT_MONO","Strongly Reject"
NA,"FNA2AA_filterlen33","Coniferales","NOT_MONO",NA,"CAN_MONO_INCOMPLETE","Weakly Reject"
NA,"FNA2AA_filterlen33","Coniferales","IS_MONO_INCOMPLETE",16,"CAN_MONO_INCOMPLETE","Weakly Supported"
NA,"FNA2AA_filterlen33","Coniferales","NOT_MONO",NA,"CAN_MONO_INCOMPLETE","Weakly Reject"
NA,"FNA2AA_filterlen33","Coniferales","NOT_MONO",NA,"CAN_MONO_INCOMPLETE","Weakly Reject"
NA,"FNA2AA_filterlen33","Coniferales","NOT_MONO",NA,"CAN_MONO_INCOMPLETE","Weakly Reject"
NA,"FNA2AA_filterlen33","Coniferales","IS_MONO_INCOMPLETE",40,"CAN_MONO_INCOMPLETE","Weakly Supported"
NA,"FNA2AA_filterlen33","Coniferales","NOT_MONO",NA,"NOT_MONO","Strongly Reject"
NA,"FNA2AA_filterlen33","Coniferales","IS_MONO_INCOMPLETE",100,"IS_MONO_INCOMPLETE","Strongly Supported"
NA,"FNA2AA_filterlen33","Coniferales","NO_CLADE",NA,"NO_CLADE","Missing"
NA,"FNA2AA_filterlen33","Coniferales","NOT_MONO",NA,"NOT_MONO","Strongly Reject"
NA,"FNA2AA_filterlen33","Coniferales","NOT_MONO",NA,"CAN_MONO_INCOMPLETE","Weakly Reject"
NA,"FNA2AA_filterlen33","Coniferales","NOT_MONO",NA,"CAN_MONO_INCOMPLETE","Weakly Reject"
NA,"FNA2AA_filterlen33","Coniferales","NO_CLADE",NA,"NO_CLADE","Missing"
NA,"FNA2AA_filterlen33","Coniferales","NOT_MONO",NA,"CAN_MONO_INCOMPLETE","Weakly Reject"
NA,"FNA2AA_filterlen33","Coniferales","NO_CLADE",NA,"NO_CLADE","Missing"
NA,"FNA2AA_filterlen33","Coniferales","NOT_MONO",NA,"CAN_MONO_INCOMPLETE","Weakly Reject"
NA,"FNA2AA_filterlen33","Coniferales","IS_MONO_INCOMPLETE",72,"CAN_MONO_INCOMPLETE","Weakly Supported"
NA,"FNA2AA_filterlen33","Coniferales","NOT_MONO",NA,"CAN_MONO_INCOMPLETE","Weakly Reject"
NA,"FNA2AA_filterlen33","Coniferales","IS_MONO_INCOMPLETE",100,"IS_MONO_INCOMPLETE","Strongly Supported"
NA,"FNA2AA_filterlen33","Coniferales","NOT_MONO",NA,"CAN_MONO","Weakly Reject"
NA,"FNA2AA_filterlen33","Coniferales","NO_CLADE",NA,"NO_CLADE","Missing"
NA,"FNA2AA_filterlen33","Coniferales","NO_CLADE",NA,"NO_CLADE","Missing"
NA,"FNA2AA_filterlen33","Coniferales","NO_CLADE",NA,"NO_CLADE","Missing"
NA,"FNA2AA_filterlen33","Coniferales","IS_MONO",82,"IS_MONO","Strongly Supported"
NA,"FNA2AA_filterlen33","Coniferales","NO_CLADE",NA,"NO_CLADE","Missing"
NA,"FNA2AA_filterlen33","Coniferales","IS_MONO_INCOMPLETE",51,"CAN_MONO_INCOMPLETE","Weakly Supported"
NA,"FNA2AA_filterlen33","Coniferales","NO_CLADE",NA,"NO_CLADE","Missing"
NA,"FNA2AA_filterlen33","Coniferales","NO_CLADE",NA,"NO_CLADE","Missing"
NA,"FNA2AA_filterlen33","Coniferales","NOT_MONO",NA,"CAN_MONO_INCOMPLETE","Weakly Reject"
NA,"FNA2AA_filterlen33","Coniferales","NOT_MONO",NA,"NOT_MONO","Strongly Reject"
NA,"FNA2AA_filterlen33","Coniferales","IS_MONO_INCOMPLETE",55,"CAN_MONO_INCOMPLETE","Weakly Supported"
NA,"FNA2AA_filterlen33","Coniferales","IS_MONO_INCOMPLETE",44,"CAN_MONO_INCOMPLETE","Weakly Supported"
NA,"FNA2AA_filterlen33","Coniferales","IS_MONO_INCOMPLETE",84,"IS_MONO_INCOMPLETE","Strongly Supported"
NA,"FNA2AA_filterlen33","Coniferales","NOT_MONO",NA,"CAN_MONO","Weakly Reject"
NA,"FNA2AA_filterlen33","Coniferales","IS_MONO_INCOMPLETE",81,"IS_MONO_INCOMPLETE","Strongly Supported"
NA,"FNA2AA_filterlen33","Coniferales","IS_MONO_INCOMPLETE",94,"IS_MONO_INCOMPLETE","Strongly Supported"
NA,"FNA2AA_filterlen33","Coniferales","NO_CLADE",NA,"NO_CLADE","Missing"
NA,"FNA2AA_filterlen33","Coniferales","IS_MONO_INCOMPLETE",98,"IS_MONO_INCOMPLETE","Strongly Supported"
NA,"FNA2AA_filterlen33","Coniferales","IS_MONO_INCOMPLETE",90,"IS_MONO_INCOMPLETE","Strongly Supported"
NA,"FNA2AA_filterlen33","Coniferales","IS_MONO_INCOMPLETE",54,"CAN_MONO_INCOMPLETE","Weakly Supported"
NA,"FNA2AA_filterlen33","Coniferales","NOT_MONO",NA,"NOT_MONO","Strongly Reject"
NA,"FNA2AA_filterlen33","Coniferales","NOT_MONO",NA,"CAN_MONO_INCOMPLETE","Weakly Reject"
NA,"FNA2AA_filterlen33","Coniferales","IS_MONO_INCOMPLETE",95,"IS_MONO_INCOMPLETE","Strongly Supported"
NA,"FNA2AA_filterlen33","Coniferales","NO_CLADE",NA,"NO_CLADE","Missing"
NA,"FNA2AA_filterlen33","Coniferales","NO_CLADE",NA,"NO_CLADE","Missing"
NA,"FNA2AA_filterlen33","Coniferales","NOT_MONO",NA,"CAN_MONO","Weakly Reject"
NA,"FNA2AA_filterlen33","Coniferales","IS_MONO_INCOMPLETE",89,"IS_MONO_INCOMPLETE","Strongly Supported"
NA,"FNA2AA_filterlen33","Coniferales","IS_MONO_INCOMPLETE",72,"CAN_MONO_INCOMPLETE","Weakly Supported"
NA,"FNA2AA_filterlen33","Coniferales","NOT_MONO",NA,"CAN_MONO","Weakly Reject"
NA,"FNA2AA_filterlen33","Coniferales","IS_MONO_INCOMPLETE",88,"IS_MONO_INCOMPLETE","Strongly Supported"
NA,"FNA2AA_filterlen33","Coniferales","NOT_MONO",NA,"CAN_MONO_INCOMPLETE","Weakly Reject"
NA,"FNA2AA_filterlen33","Coniferales","NOT_MONO",NA,"CAN_MONO","Weakly Reject"
NA,"FNA2AA_filterlen33","Coniferales","IS_MONO_INCOMPLETE",82,"IS_MONO_INCOMPLETE","Strongly Supported"
NA,"FNA2AA_filterlen33","Coniferales","NOT_MONO",NA,"NOT_MONO","Strongly Reject"
NA,"FNA2AA_filterlen33","Coniferales","NOT_MONO",NA,"CAN_MONO_INCOMPLETE","Weakly Reject"
NA,"FNA2AA_filterlen33","Coniferales","IS_MONO_INCOMPLETE",100,"IS_MONO_INCOMPLETE","Strongly Supported"
NA,"FNA2AA_filterlen33","Coniferales","NOT_MONO",NA,"NOT_MONO","Strongly Reject"
NA,"FNA2AA_filterlen33","Coniferales","IS_MONO_INCOMPLETE",82,"IS_MONO_INCOMPLETE","Strongly Supported"
NA,"FNA2AA_filterlen33","Coniferales","NOT_MONO",NA,"CAN_MONO","Weakly Reject"
NA,"FNA2AA_filterlen33","Coniferales","NOT_MONO",NA,"NOT_MONO","Strongly Reject"
NA,"FNA2AA_filterlen33","Coniferales","NO_CLADE",NA,"NO_CLADE","Missing"
NA,"FNA2AA_filterlen33","Coniferales","NOT_MONO",NA,"CAN_MONO","Weakly Reject"
NA,"FNA2AA_filterlen33","Coniferales","NO_CLADE",NA,"NO_CLADE","Missing"
NA,"FNA2AA_filterlen33","Coniferales","NO_CLADE",NA,"NO_CLADE","Missing"
NA,"FNA2AA_filterlen33","Coniferales","NOT_MONO",NA,"CAN_MONO_INCOMPLETE","Weakly Reject"
NA,"FNA2AA_filterlen33","Coniferales","NOT_MONO",NA,"CAN_MONO_INCOMPLETE","Weakly Reject"
NA,"FNA2AA_filterlen33","Coniferales","IS_MONO",90,"IS_MONO","Strongly Supported"
NA,"FNA2AA_filterlen33","Coniferales","NO_CLADE",NA,"NO_CLADE","Missing"
NA,"FNA2AA_filterlen33","Coniferales","IS_MONO_INCOMPLETE",63,"CAN_MONO_INCOMPLETE","Weakly Supported"
NA,"FNA2AA_filterlen33","Coniferales","NO_CLADE",NA,"NO_CLADE","Missing"
NA,"FNA2AA_filterlen33","Coniferales","NOT_MONO",NA,"NOT_MONO","Strongly Reject"
NA,"FNA2AA_filterlen33","Coniferales","IS_MONO",28,"CAN_MONO","Weakly Supported"
NA,"FNA2AA_filterlen33","Coniferales","NO_CLADE",NA,"NO_CLADE","Missing"
NA,"FNA2AA_filterlen33","Coniferales","NOT_MONO",NA,"NOT_MONO","Strongly Reject"
NA,"FNA2AA_filterlen33","Coniferales","NOT_MONO",NA,"CAN_MONO","Weakly Reject"
NA,"FNA2AA_filterlen33","Coniferales","NOT_MONO",NA,"CAN_MONO_INCOMPLETE","Weakly Reject"
NA,"FNA2AA_filterlen33","Coniferales","NOT_MONO",NA,"CAN_MONO_INCOMPLETE","Weakly Reject"
NA,"FNA2AA_filterlen33","Coniferales","IS_MONO_INCOMPLETE",87,"IS_MONO_INCOMPLETE","Strongly Supported"
NA,"FNA2AA_filterlen33","Coniferales","IS_MONO",93,"IS_MONO","Strongly Supported"
NA,"FNA2AA_filterlen33","Coniferales","IS_MONO_INCOMPLETE",96,"IS_MONO_INCOMPLETE","Strongly Supported"
NA,"FNA2AA_filterlen33","Coniferales","IS_MONO_INCOMPLETE",92,"IS_MONO_INCOMPLETE","Strongly Supported"
NA,"FNA2AA_filterlen33","Coniferales","NO_CLADE",NA,"NO_CLADE","Missing"
NA,"FNA2AA_filterlen33","Coniferales","IS_MONO_INCOMPLETE",64,"CAN_MONO_INCOMPLETE","Weakly Supported"
NA,"FNA2AA_filterlen33","Coniferales","NO_CLADE",NA,"NO_CLADE","Missing"
NA,"FNA2AA_filterlen33","Coniferales","NOT_MONO",NA,"CAN_MONO_INCOMPLETE","Weakly Reject"
NA,"FNA2AA_filterlen33","Coniferales","IS_MONO_INCOMPLETE",78,"IS_MONO_INCOMPLETE","Strongly Supported"
NA,"FNA2AA_filterlen33","Coniferales","IS_MONO_INCOMPLETE",95,"IS_MONO_INCOMPLETE","Strongly Supported"
NA,"FNA2AA_filterlen33","Coniferales","NOT_MONO",NA,"CAN_MONO","Weakly Reject"
NA,"FNA2AA_filterlen33","Coniferales","NO_CLADE",NA,"NO_CLADE","Missing"
NA,"FNA2AA_filterlen33","Coniferales","NOT_MONO",NA,"NOT_MONO","Strongly Reject"
NA,"FNA2AA_filterlen33","Coniferales","NO_CLADE",NA,"NO_CLADE","Missing"
NA,"FNA2AA_filterlen33","Coniferales","NOT_MONO",NA,"NOT_MONO","Strongly Reject"
NA,"FNA2AA_filterlen33","Coniferales","IS_MONO_INCOMPLETE",74,"CAN_MONO_INCOMPLETE","Weakly Supported"
NA,"FNA2AA_filterlen33","Coniferales","IS_MONO_INCOMPLETE",34,"CAN_MONO_INCOMPLETE","Weakly Supported"
NA,"FNA2AA_filterlen33","Coniferales","NOT_MONO",NA,"CAN_MONO","Weakly Reject"
NA,"FNA2AA_filterlen33","Coniferales","IS_MONO",72,"CAN_MONO","Weakly Supported"
NA,"FNA2AA_filterlen33","Coniferales","NO_CLADE",NA,"NO_CLADE","Missing"
NA,"FNA2AA_filterlen33","Coniferales","NO_CLADE",NA,"NO_CLADE","Missing"
NA,"FNA2AA_filterlen33","Coniferales","IS_MONO_INCOMPLETE",96,"IS_MONO_INCOMPLETE","Strongly Supported"
NA,"FNA2AA_filterlen33","Coniferales","NOT_MONO",NA,"CAN_MONO_INCOMPLETE","Weakly Reject"
NA,"FNA2AA_filterlen33","Coniferales","IS_MONO_INCOMPLETE",95,"IS_MONO_INCOMPLETE","Strongly Supported"
NA,"FNA2AA_filterlen33","Coniferales","NOT_MONO",NA,"NOT_MONO","Strongly Reject"
NA,"FNA2AA_filterlen33","Coniferales","NO_CLADE",NA,"NO_CLADE","Missing"
NA,"FNA2AA_filterlen33","Coniferales","IS_MONO_INCOMPLETE",57,"CAN_MONO_INCOMPLETE","Weakly Supported"
NA,"FNA2AA_filterlen33","Coniferales","NO_CLADE",NA,"NO_CLADE","Missing"
NA,"FNA2AA_filterlen33","Coniferales","NOT_MONO",NA,"CAN_MONO_INCOMPLETE","Weakly Reject"
NA,"FNA2AA_filterlen33","Coniferales","IS_MONO",63,"CAN_MONO","Weakly Supported"
NA,"FNA2AA_filterlen33","Coniferales","IS_MONO_INCOMPLETE",100,"IS_MONO_INCOMPLETE","Strongly Supported"
NA,"FNA2AA_filterlen33","Coniferales","NOT_MONO",NA,"CAN_MONO","Weakly Reject"
NA,"FNA2AA_filterlen33","Coniferales","NOT_MONO",NA,"CAN_MONO","Weakly Reject"
NA,"FNA2AA_filterlen33","Coniferales","NOT_MONO",NA,"CAN_MONO_INCOMPLETE","Weakly Reject"
NA,"FNA2AA_filterlen33","Coniferales","IS_MONO_INCOMPLETE",86,"IS_MONO_INCOMPLETE","Strongly Supported"
NA,"FNA2AA_filterlen33","Coniferales","NOT_MONO",NA,"CAN_MONO_INCOMPLETE","Weakly Reject"
NA,"FNA2AA_filterlen33","Coniferales","NOT_MONO",NA,"CAN_MONO_INCOMPLETE","Weakly Reject"
NA,"FNA2AA_filterlen33","Coniferales","IS_MONO_INCOMPLETE",82,"IS_MONO_INCOMPLETE","Strongly Supported"
NA,"FNA2AA_filterlen33","Coniferales","IS_MONO_INCOMPLETE",100,"IS_MONO_INCOMPLETE","Strongly Supported"
NA,"FNA2AA_filterlen33","Coniferales","NO_CLADE",NA,"NO_CLADE","Missing"
NA,"FNA2AA_filterlen33","Coniferales","NO_CLADE",NA,"NO_CLADE","Missing"
NA,"FNA2AA_filterlen33","Coniferales","NOT_MONO",NA,"CAN_MONO_INCOMPLETE","Weakly Reject"
NA,"FNA2AA_filterlen33","Coniferales","IS_MONO",85,"IS_MONO","Strongly Supported"
NA,"FNA2AA_filterlen33","Coniferales","NOT_MONO",NA,"CAN_MONO_INCOMPLETE","Weakly Reject"
NA,"FNA2AA_filterlen33","Coniferales","IS_MONO_INCOMPLETE",66,"CAN_MONO_INCOMPLETE","Weakly Supported"
NA,"FNA2AA_filterlen33","Coniferales","NO_CLADE",NA,"NO_CLADE","Missing"
NA,"FNA2AA_filterlen33","Coniferales","NOT_MONO",NA,"NOT_MONO","Strongly Reject"
NA,"FNA2AA_filterlen33","Coniferales","NO_CLADE",NA,"NO_CLADE","Missing"
NA,"FNA2AA_filterlen33","Coniferales","IS_MONO_INCOMPLETE",100,"IS_MONO_INCOMPLETE","Strongly Supported"
NA,"FNA2AA_filterlen33","Coniferales","NOT_MONO",NA,"CAN_MONO","Weakly Reject"
NA,"FNA2AA_filterlen33","Coniferales","IS_MONO_INCOMPLETE",91,"IS_MONO_INCOMPLETE","Strongly Supported"
NA,"FNA2AA_filterlen33","Coniferales","NOT_MONO",NA,"CAN_MONO_INCOMPLETE","Weakly Reject"
NA,"FNA2AA_filterlen33","Coniferales","IS_MONO",100,"IS_MONO","Strongly Supported"
NA,"FNA2AA_filterlen33","Coniferales","NOT_MONO",NA,"CAN_MONO_INCOMPLETE","Weakly Reject"
NA,"FNA2AA_filterlen33","Coniferales","IS_MONO_INCOMPLETE",55,"CAN_MONO_INCOMPLETE","Weakly Supported"
NA,"FNA2AA_filterlen33","Coniferales","NOT_MONO",NA,"CAN_MONO_INCOMPLETE","Weakly Reject"
NA,"FNA2AA_filterlen33","Coniferales","IS_MONO",34,"CAN_MONO","Weakly Supported"
NA,"FNA2AA_filterlen33","Coniferales","NOT_MONO",NA,"CAN_MONO_INCOMPLETE","Weakly Reject"
NA,"FNA2AA_filterlen33","Coniferales","IS_MONO_INCOMPLETE",47,"CAN_MONO_INCOMPLETE","Weakly Supported"
NA,"FNA2AA_filterlen33","Coniferales","NOT_MONO",NA,"CAN_MONO_INCOMPLETE","Weakly Reject"
NA,"FNA2AA_filterlen33","Coniferales","NOT_MONO",NA,"NOT_MONO","Strongly Reject"
NA,"FNA2AA_filterlen33","Coniferales","NO_CLADE",NA,"NO_CLADE","Missing"
NA,"FNA2AA_filterlen33","Coniferales","IS_MONO_INCOMPLETE",96,"IS_MONO_INCOMPLETE","Strongly Supported"
NA,"FNA2AA_filterlen33","Coniferales","NOT_MONO",NA,"CAN_MONO_INCOMPLETE","Weakly Reject"
NA,"FNA2AA_filterlen33","Coniferales","NOT_MONO",NA,"CAN_MONO","Weakly Reject"
NA,"FNA2AA_filterlen33","Coniferales","IS_MONO",37,"CAN_MONO","Weakly Supported"
NA,"FNA2AA_filterlen33","Coniferales","IS_MONO_INCOMPLETE",100,"IS_MONO_INCOMPLETE","Strongly Supported"
NA,"FNA2AA_filterlen33","Coniferales","IS_MONO",46,"CAN_MONO","Weakly Supported"
NA,"FNA2AA_filterlen33","Coniferales","IS_MONO_INCOMPLETE",73,"CAN_MONO_INCOMPLETE","Weakly Supported"
NA,"FNA2AA_filterlen33","Coniferales","NO_CLADE",NA,"NO_CLADE","Missing"
NA,"FNA2AA_filterlen33","Coniferales","NOT_MONO",NA,"CAN_MONO_INCOMPLETE","Weakly Reject"
NA,"FNA2AA_filterlen33","Coniferales","IS_MONO_INCOMPLETE",100,"IS_MONO_INCOMPLETE","Strongly Supported"
NA,"FNA2AA_filterlen33","Coniferales","NO_CLADE",NA,"NO_CLADE","Missing"
NA,"FNA2AA_filterlen33","Coniferales","IS_MONO_INCOMPLETE",93,"IS_MONO_INCOMPLETE","Strongly Supported"
NA,"FNA2AA_filterlen33","Coniferales","NO_CLADE",NA,"NO_CLADE","Missing"
NA,"FNA2AA_filterlen33","Coniferales","NO_CLADE",NA,"NO_CLADE","Missing"
NA,"FNA2AA_filterlen33","Coniferales","CAN_MONO_INCOMPLETE",NA,"CAN_MONO_INCOMPLETE","Weakly Reject"
NA,"FNA2AA_filterlen33","Coniferales","IS_MONO_INCOMPLETE",100,"IS_MONO_INCOMPLETE","Strongly Supported"
NA,"FNA2AA_filterlen33","Coniferales","IS_MONO_INCOMPLETE",76,"IS_MONO_INCOMPLETE","Strongly Supported"
NA,"FNA2AA_filterlen33","Coniferales","IS_MONO_INCOMPLETE",100,"IS_MONO_INCOMPLETE","Strongly Supported"
NA,"FNA2AA_filterlen33","Coniferales","IS_MONO_INCOMPLETE",90,"IS_MONO_INCOMPLETE","Strongly Supported"
NA,"FNA2AA_filterlen33","Coniferales","NOT_MONO",NA,"CAN_MONO","Weakly Reject"
NA,"FNA2AA_filterlen33","Coniferales","IS_MONO_INCOMPLETE",97,"IS_MONO_INCOMPLETE","Strongly Supported"
NA,"FNA2AA_filterlen33","Coniferales","IS_MONO_INCOMPLETE",78,"IS_MONO_INCOMPLETE","Strongly Supported"
NA,"FNA2AA_filterlen33","Coniferales","NOT_MONO",NA,"NOT_MONO","Strongly Reject"
NA,"FNA2AA_filterlen33","Coniferales","NOT_MONO",NA,"CAN_MONO_INCOMPLETE","Weakly Reject"
NA,"FNA2AA_filterlen33","Coniferales","NO_CLADE",NA,"NO_CLADE","Missing"
NA,"FNA2AA_filterlen33","Coniferales","NO_CLADE",NA,"NO_CLADE","Missing"
NA,"FNA2AA_filterlen33","Coniferales","NO_CLADE",NA,"NO_CLADE","Missing"
NA,"FNA2AA_filterlen33","Coniferales","NO_CLADE",NA,"NO_CLADE","Missing"
NA,"FNA2AA_filterlen33","Coniferales","IS_MONO_INCOMPLETE",69,"CAN_MONO_INCOMPLETE","Weakly Supported"
NA,"FNA2AA_filterlen33","Coniferales","IS_MONO_INCOMPLETE",49,"CAN_MONO_INCOMPLETE","Weakly Supported"
NA,"FNA2AA_filterlen33","Coniferales","NOT_MONO",NA,"CAN_MONO_INCOMPLETE","Weakly Reject"
NA,"FNA2AA_filterlen33","Coniferales","IS_MONO_INCOMPLETE",34,"CAN_MONO_INCOMPLETE","Weakly Supported"
NA,"FNA2AA_filterlen33","Coniferales","NOT_MONO",NA,"CAN_MONO_INCOMPLETE","Weakly Reject"
NA,"FNA2AA_filterlen33","Coniferales","IS_MONO_INCOMPLETE",100,"IS_MONO_INCOMPLETE","Strongly Supported"
NA,"FNA2AA_filterlen33","Coniferales","IS_MONO_INCOMPLETE",100,"IS_MONO_INCOMPLETE","Strongly Supported"
NA,"FNA2AA_filterlen33","Coniferales","NOT_MONO",NA,"CAN_MONO_INCOMPLETE","Weakly Reject"
NA,"FNA2AA_filterlen33","Coniferales","NOT_MONO",NA,"CAN_MONO_INCOMPLETE","Weakly Reject"
NA,"FNA2AA_filterlen33","Coniferales","NOT_MONO",NA,"CAN_MONO_INCOMPLETE","Weakly Reject"
NA,"FNA2AA_filterlen33","Coniferales","NOT_MONO",NA,"CAN_MONO","Weakly Reject"
NA,"FNA2AA_filterlen33","Coniferales","NOT_MONO",NA,"CAN_MONO_INCOMPLETE","Weakly Reject"
NA,"FNA2AA_filterlen33","Coniferales","IS_MONO_INCOMPLETE",77,"IS_MONO_INCOMPLETE","Strongly Supported"
NA,"FNA2AA_filterlen33","Coniferales","IS_MONO_INCOMPLETE",100,"IS_MONO_INCOMPLETE","Strongly Supported"
NA,"FNA2AA_filterlen33","Coniferales","IS_MONO_INCOMPLETE",83,"IS_MONO_INCOMPLETE","Strongly Supported"
NA,"FNA2AA_filterlen33","Coniferales","IS_MONO_INCOMPLETE",100,"IS_MONO_INCOMPLETE","Strongly Supported"
NA,"FNA2AA_filterlen33","Coniferales","NO_CLADE",NA,"NO_CLADE","Missing"
NA,"FNA2AA_filterlen33","Coniferales","NO_CLADE",NA,"NO_CLADE","Missing"
NA,"FNA2AA_filterlen33","Coniferales","IS_MONO_INCOMPLETE",78,"IS_MONO_INCOMPLETE","Strongly Supported"
NA,"FNA2AA_filterlen33","Coniferales","IS_MONO",59,"CAN_MONO","Weakly Supported"
NA,"FNA2AA_filterlen33","Coniferales","IS_MONO_INCOMPLETE",61,"CAN_MONO_INCOMPLETE","Weakly Supported"
NA,"FNA2AA_filterlen33","Coniferales","NO_CLADE",NA,"NO_CLADE","Missing"
NA,"FNA2AA_filterlen33","Coniferales","NOT_MONO",NA,"CAN_MONO_INCOMPLETE","Weakly Reject"
NA,"FNA2AA_filterlen33","Coniferales","IS_MONO",45,"CAN_MONO","Weakly Supported"
NA,"FNA2AA_filterlen33","Coniferales","NOT_MONO",NA,"CAN_MONO_INCOMPLETE","Weakly Reject"
NA,"FNA2AA_filterlen33","Coniferales","IS_MONO_INCOMPLETE",61,"CAN_MONO_INCOMPLETE","Weakly Supported"
NA,"FNA2AA_filterlen33","Coniferales","NO_CLADE",NA,"NO_CLADE","Missing"
NA,"FNA2AA_filterlen33","Coniferales","NOT_MONO",NA,"CAN_MONO_INCOMPLETE","Weakly Reject"
NA,"FNA2AA_filterlen33","Coniferales","NOT_MONO",NA,"CAN_MONO_INCOMPLETE","Weakly Reject"
NA,"FNA2AA_filterlen33","Coniferales","NO_CLADE",NA,"NO_CLADE","Missing"
NA,"FNA2AA_filterlen33","Coniferales","NOT_MONO",NA,"NOT_MONO","Strongly Reject"
NA,"FNA2AA_filterlen33","Coniferales","NOT_MONO",NA,"NOT_MONO","Strongly Reject"
NA,"FNA2AA_filterlen33","Coniferales","IS_MONO_INCOMPLETE",51,"CAN_MONO_INCOMPLETE","Weakly Supported"
NA,"FNA2AA_filterlen33","Coniferales","NO_CLADE",NA,"NO_CLADE","Missing"
NA,"FNA2AA_filterlen33","Coniferales","NOT_MONO",NA,"CAN_MONO_INCOMPLETE","Weakly Reject"
NA,"FNA2AA_filterlen33","Coniferales","NOT_MONO",NA,"CAN_MONO_INCOMPLETE","Weakly Reject"
NA,"FNA2AA_filterlen33","Coniferales","NO_CLADE",NA,"NO_CLADE","Missing"
NA,"FNA2AA_filterlen33","Coniferales","NOT_MONO",NA,"NOT_MONO","Strongly Reject"
NA,"FNA2AA_filterlen33","Coniferales","IS_MONO_INCOMPLETE",62,"CAN_MONO_INCOMPLETE","Weakly Supported"
NA,"FNA2AA_filterlen33","Coniferales","IS_MONO_INCOMPLETE",42,"CAN_MONO_INCOMPLETE","Weakly Supported"
NA,"FNA2AA_filterlen33","Coniferales","NOT_MONO",NA,"CAN_MONO","Weakly Reject"
NA,"FNA2AA_filterlen33","Coniferales","NOT_MONO",NA,"CAN_MONO_INCOMPLETE","Weakly Reject"
NA,"FNA2AA_filterlen33","Coniferales","NOT_MONO",NA,"CAN_MONO","Weakly Reject"
NA,"FNA2AA_filterlen33","Coniferales","NO_CLADE",NA,"NO_CLADE","Missing"
NA,"FNA2AA_filterlen33","Coniferales","IS_MONO_INCOMPLETE",75,"IS_MONO_INCOMPLETE","Strongly Supported"
NA,"FNA2AA_filterlen33","Coniferales","NO_CLADE",NA,"NO_CLADE","Missing"
NA,"FNA2AA_filterlen33","Coniferales","NO_CLADE",NA,"NO_CLADE","Missing"
NA,"FNA2AA_filterlen33","Coniferales","NO_CLADE",NA,"NO_CLADE","Missing"
NA,"FNA2AA_filterlen33","Coniferales","IS_MONO_INCOMPLETE",83,"IS_MONO_INCOMPLETE","Strongly Supported"
NA,"FNA2AA_filterlen33","Coniferales","IS_MONO_INCOMPLETE",47,"CAN_MONO_INCOMPLETE","Weakly Supported"
NA,"FNA2AA_filterlen33","Coniferales","IS_MONO_INCOMPLETE",99,"IS_MONO_INCOMPLETE","Strongly Supported"
NA,"FNA2AA_filterlen33","Coniferales","NO_CLADE",NA,"NO_CLADE","Missing"
NA,"FNA2AA_filterlen33","Coniferales","NO_CLADE",NA,"NO_CLADE","Missing"
NA,"FNA2AA_filterlen33","Coniferales","NOT_MONO",NA,"CAN_MONO_INCOMPLETE","Weakly Reject"
NA,"FNA2AA_filterlen33","Coniferales","IS_MONO_INCOMPLETE",80,"IS_MONO_INCOMPLETE","Strongly Supported"
NA,"FNA2AA_filterlen33","Coniferales","IS_MONO_INCOMPLETE",100,"IS_MONO_INCOMPLETE","Strongly Supported"
NA,"FNA2AA_filterlen33","Coniferales","NO_CLADE",NA,"NO_CLADE","Missing"
NA,"FNA2AA_filterlen33","Coniferales","IS_MONO_INCOMPLETE",88,"IS_MONO_INCOMPLETE","Strongly Supported"
NA,"FNA2AA_filterlen33","Coniferales","NOT_MONO",NA,"CAN_MONO","Weakly Reject"
NA,"FNA2AA_filterlen33","Coniferales","IS_MONO_INCOMPLETE",82,"IS_MONO_INCOMPLETE","Strongly Supported"
NA,"FNA2AA_filterlen33","Coniferales","IS_MONO_INCOMPLETE",68,"CAN_MONO_INCOMPLETE","Weakly Supported"
NA,"FNA2AA_filterlen33","Coniferales","NOT_MONO",NA,"CAN_MONO_INCOMPLETE","Weakly Reject"
NA,"FNA2AA_filterlen33","Coniferales","IS_MONO_INCOMPLETE",97,"IS_MONO_INCOMPLETE","Strongly Supported"
NA,"FNA2AA_filterlen33","Coniferales","NOT_MONO",NA,"CAN_MONO","Weakly Reject"
NA,"FNA2AA_filterlen33","Coniferales","NOT_MONO",NA,"CAN_MONO_INCOMPLETE","Weakly Reject"
NA,"FNA2AA_filterlen33","Coniferales","NO_CLADE",NA,"NO_CLADE","Missing"
NA,"FNA2AA_filterlen33","Coniferales","NOT_MONO",NA,"CAN_MONO_INCOMPLETE","Weakly Reject"
NA,"FNA2AA_filterlen33","Coniferales","IS_MONO",71,"CAN_MONO","Weakly Supported"
NA,"FNA2AA_filterlen33","Coniferales","NOT_MONO",NA,"NOT_MONO","Strongly Reject"
NA,"FNA2AA_filterlen33","Coniferales","NO_CLADE",NA,"NO_CLADE","Missing"
NA,"FNA2AA_filterlen33","Coniferales","NO_CLADE",NA,"NO_CLADE","Missing"
NA,"FNA2AA_filterlen33","Coniferales","NO_CLADE",NA,"NO_CLADE","Missing"
NA,"FNA2AA_filterlen33","Coniferales","IS_MONO_INCOMPLETE",100,"IS_MONO_INCOMPLETE","Strongly Supported"
NA,"FNA2AA_filterlen33","Coniferales","CAN_MONO_INCOMPLETE",NA,"CAN_MONO_INCOMPLETE","Weakly Reject"
NA,"FNA2AA_filterlen33","Coniferales","IS_MONO_INCOMPLETE",90,"IS_MONO_INCOMPLETE","Strongly Supported"
NA,"FNA2AA_filterlen33","Coniferales","IS_MONO_INCOMPLETE",56,"CAN_MONO_INCOMPLETE","Weakly Supported"
NA,"FNA2AA_filterlen33","Coniferales","NOT_MONO",NA,"CAN_MONO_INCOMPLETE","Weakly Reject"
NA,"FNA2AA_filterlen33","Coniferales","NOT_MONO",NA,"CAN_MONO_INCOMPLETE","Weakly Reject"
NA,"FNA2AA_filterlen33","Coniferales","NOT_MONO",NA,"NOT_MONO","Strongly Reject"
NA,"FNA2AA_filterlen33","Coniferales","IS_MONO_INCOMPLETE",100,"IS_MONO_INCOMPLETE","Strongly Supported"
NA,"FNA2AA_filterlen33","Coniferales","NO_CLADE",NA,"NO_CLADE","Missing"
NA,"FNA2AA_filterlen33","Coniferales","NOT_MONO",NA,"CAN_MONO_INCOMPLETE","Weakly Reject"
NA,"FNA2AA_filterlen33","Coniferales","NOT_MONO",NA,"CAN_MONO_INCOMPLETE","Weakly Reject"
NA,"FNA2AA_filterlen33","Coniferales","NO_CLADE",NA,"NO_CLADE","Missing"
NA,"FNA2AA_filterlen33","Coniferales","NOT_MONO",NA,"CAN_MONO","Weakly Reject"
NA,"FNA2AA_filterlen33","Coniferales","IS_MONO_INCOMPLETE",90,"IS_MONO_INCOMPLETE","Strongly Supported"
NA,"FNA2AA_filterlen33","Coniferales","NO_CLADE",NA,"NO_CLADE","Missing"
NA,"FNA2AA_filterlen33","Coniferales","NO_CLADE",NA,"NO_CLADE","Missing"
NA,"FNA2AA_filterlen33","Coniferales","IS_MONO_INCOMPLETE",83,"IS_MONO_INCOMPLETE","Strongly Supported"
NA,"FNA2AA_filterlen33","Coniferales","NO_CLADE",NA,"NO_CLADE","Missing"
NA,"FNA2AA_filterlen33","Coniferales","NOT_MONO",NA,"CAN_MONO_INCOMPLETE","Weakly Reject"
NA,"FNA2AA_filterlen33","Coniferales","NOT_MONO",NA,"CAN_MONO_INCOMPLETE","Weakly Reject"
NA,"FNA2AA_filterlen33","Coniferales","IS_MONO",36,"CAN_MONO","Weakly Supported"
NA,"FNA2AA_filterlen33","Coniferales","IS_MONO_INCOMPLETE",73,"CAN_MONO_INCOMPLETE","Weakly Supported"
NA,"FNA2AA_filterlen33","Coniferales","NOT_MONO",NA,"CAN_MONO","Weakly Reject"
NA,"FNA2AA_filterlen33","Coniferales","NO_CLADE",NA,"NO_CLADE","Missing"
NA,"FNA2AA_filterlen33","Coniferales","NO_CLADE",NA,"NO_CLADE","Missing"
NA,"FNA2AA_filterlen33","Coniferales","NOT_MONO",NA,"CAN_MONO_INCOMPLETE","Weakly Reject"
NA,"FNA2AA_filterlen33","Coniferales","NOT_MONO",NA,"NOT_MONO","Strongly Reject"
NA,"FNA2AA_filterlen33","Coniferales","NOT_MONO",NA,"NOT_MONO","Strongly Reject"
NA,"FNA2AA_filterlen33","Coniferales","NOT_MONO",NA,"CAN_MONO_INCOMPLETE","Weakly Reject"
NA,"FNA2AA_filterlen33","Coniferales","NO_CLADE",NA,"NO_CLADE","Missing"
NA,"FNA2AA_filterlen33","Coniferales","NO_CLADE",NA,"NO_CLADE","Missing"
NA,"FNA2AA_filterlen33","Coniferales","NO_CLADE",NA,"NO_CLADE","Missing"
NA,"FNA2AA_filterlen33","Coniferales","NOT_MONO",NA,"CAN_MONO_INCOMPLETE","Weakly Reject"
NA,"FNA2AA_filterlen33","Coniferales","NO_CLADE",NA,"NO_CLADE","Missing"
NA,"FNA2AA_filterlen33","Coniferales","NOT_MONO",NA,"CAN_MONO","Weakly Reject"
NA,"FNA2AA_filterlen33","Coniferales","NO_CLADE",NA,"NO_CLADE","Missing"
NA,"FNA2AA_filterlen33","Coniferales","IS_MONO_INCOMPLETE",100,"IS_MONO_INCOMPLETE","Strongly Supported"
NA,"FNA2AA_filterlen33","Coniferales","NOT_MONO",NA,"NOT_MONO","Strongly Reject"
NA,"FNA2AA_filterlen33","Coniferales","IS_MONO_INCOMPLETE",51,"CAN_MONO_INCOMPLETE","Weakly Supported"
NA,"FNA2AA_filterlen33","Coniferales","NO_CLADE",NA,"NO_CLADE","Missing"
NA,"FNA2AA_filterlen33","Coniferales","NO_CLADE",NA,"NO_CLADE","Missing"
NA,"FNA2AA_filterlen33","Coniferales","IS_MONO_INCOMPLETE",87,"IS_MONO_INCOMPLETE","Strongly Supported"
NA,"FNA2AA_filterlen33","Coniferales","NOT_MONO",NA,"CAN_MONO_INCOMPLETE","Weakly Reject"
NA,"FNA2AA_filterlen33","Coniferales","IS_MONO_INCOMPLETE",100,"IS_MONO_INCOMPLETE","Strongly Supported"
NA,"FNA2AA_filterlen33","Coniferales","IS_MONO_INCOMPLETE",51,"CAN_MONO_INCOMPLETE","Weakly Supported"
NA,"FNA2AA_filterlen33","Coniferales","NOT_MONO",NA,"CAN_MONO","Weakly Reject"
NA,"FNA2AA_filterlen33","Coniferales","IS_MONO_INCOMPLETE",91,"IS_MONO_INCOMPLETE","Strongly Supported"
NA,"FNA2AA_filterlen33","Coniferales","NOT_MONO",NA,"CAN_MONO_INCOMPLETE","Weakly Reject"
NA,"FNA2AA_filterlen33","Coniferales","NOT_MONO",NA,"CAN_MONO","Weakly Reject"
NA,"FNA2AA_filterlen33","Coniferales","NOT_MONO",NA,"NOT_MONO","Strongly Reject"
NA,"FNA2AA_filterlen33","Coniferales","IS_MONO_INCOMPLETE",87,"IS_MONO_INCOMPLETE","Strongly Supported"
NA,"FNA2AA_filterlen33","Coniferales","IS_MONO",94,"IS_MONO","Strongly Supported"
NA,"FNA2AA_filterlen33","Coniferales","IS_MONO_INCOMPLETE",100,"IS_MONO_INCOMPLETE","Strongly Supported"
NA,"FNA2AA_filterlen33","Coniferales","IS_MONO_INCOMPLETE",55,"CAN_MONO_INCOMPLETE","Weakly Supported"
NA,"FNA2AA_filterlen33","Coniferales","NO_CLADE",NA,"NO_CLADE","Missing"
NA,"FNA2AA_filterlen33","Coniferales","NO_CLADE",NA,"NO_CLADE","Missing"
NA,"FNA2AA_filterlen33","Coniferales","NO_CLADE",NA,"NO_CLADE","Missing"
NA,"FNA2AA_filterlen33","Coniferales","IS_MONO_INCOMPLETE",98,"IS_MONO_INCOMPLETE","Strongly Supported"
NA,"FNA2AA_filterlen33","Coniferales","NO_CLADE",NA,"NO_CLADE","Missing"
NA,"FNA2AA_filterlen33","Coniferales","NOT_MONO",NA,"CAN_MONO_INCOMPLETE","Weakly Reject"
NA,"FNA2AA_filterlen33","Coniferales","IS_MONO_INCOMPLETE",100,"IS_MONO_INCOMPLETE","Strongly Supported"
NA,"FNA2AA_filterlen33","Coniferales","IS_MONO_INCOMPLETE",97,"IS_MONO_INCOMPLETE","Strongly Supported"
NA,"FNA2AA_filterlen33","Coniferales","IS_MONO_INCOMPLETE",51,"CAN_MONO_INCOMPLETE","Weakly Supported"
NA,"FNA2AA_filterlen33","Coniferales","NO_CLADE",NA,"NO_CLADE","Missing"
NA,"FNA2AA_filterlen33","Coniferales","IS_MONO_INCOMPLETE",90,"IS_MONO_INCOMPLETE","Strongly Supported"
NA,"FNA2AA_filterlen33","Coniferales","NO_CLADE",NA,"NO_CLADE","Missing"
NA,"FNA2AA_filterlen33","Coniferales","NO_CLADE",NA,"NO_CLADE","Missing"
NA,"FNA2AA_filterlen33","Coniferales","NOT_MONO",NA,"CAN_MONO_INCOMPLETE","Weakly Reject"
NA,"FNA2AA_filterlen33","Coniferales","IS_MONO_INCOMPLETE",98,"IS_MONO_INCOMPLETE","Strongly Supported"
NA,"FNA2AA_filterlen33","Coniferales","NO_CLADE",NA,"NO_CLADE","Missing"
NA,"FNA2AA_filterlen33","Coniferales","IS_MONO_INCOMPLETE",94,"IS_MONO_INCOMPLETE","Strongly Supported"
NA,"FNA2AA_filterlen33","Coniferales","IS_MONO_INCOMPLETE",59,"CAN_MONO_INCOMPLETE","Weakly Supported"
NA,"FNA2AA_filterlen33","Coniferales","IS_MONO_INCOMPLETE",66,"CAN_MONO_INCOMPLETE","Weakly Supported"
NA,"FNA2AA_filterlen33","Coniferales","NO_CLADE",NA,"NO_CLADE","Missing"
NA,"FNA2AA_filterlen33","Coniferales","NOT_MONO",NA,"CAN_MONO_INCOMPLETE","Weakly Reject"
NA,"FNA2AA_filterlen33","Coniferales","IS_MONO_INCOMPLETE",100,"IS_MONO_INCOMPLETE","Strongly Supported"
NA,"FNA2AA_filterlen33","Coniferales","NO_CLADE",NA,"NO_CLADE","Missing"
NA,"FNA2AA_filterlen33","Coniferales","NO_CLADE",NA,"NO_CLADE","Missing"
NA,"FNA2AA_filterlen33","Coniferales","IS_MONO_INCOMPLETE",97,"IS_MONO_INCOMPLETE","Strongly Supported"
NA,"FNA2AA_filterlen33","Coniferales","NO_CLADE",NA,"NO_CLADE","Missing"
NA,"FNA2AA_filterlen33","Coniferales","IS_MONO_INCOMPLETE",68,"CAN_MONO_INCOMPLETE","Weakly Supported"
NA,"FNA2AA_filterlen33","Coniferales","NO_CLADE",NA,"NO_CLADE","Missing"
NA,"FNA2AA_filterlen33","Coniferales","IS_MONO_INCOMPLETE",97,"IS_MONO_INCOMPLETE","Strongly Supported"
NA,"FNA2AA_filterlen33","Coniferales","NOT_MONO",NA,"NOT_MONO","Strongly Reject"
NA,"FNA2AA_filterlen33","Coniferales","NO_CLADE",NA,"NO_CLADE","Missing"
NA,"FNA2AA_filterlen33","Coniferales","IS_MONO_INCOMPLETE",100,"IS_MONO_INCOMPLETE","Strongly Supported"
NA,"FNA2AA_filterlen33","Coniferales","IS_MONO_INCOMPLETE",69,"CAN_MONO_INCOMPLETE","Weakly Supported"
NA,"FNA2AA_filterlen33","Coniferales","NO_CLADE",NA,"NO_CLADE","Missing"
NA,"FNA2AA_filterlen33","Coniferales","NOT_MONO",NA,"CAN_MONO_INCOMPLETE","Weakly Reject"
NA,"FNA2AA_filterlen33","Coniferales","NOT_MONO",NA,"CAN_MONO_INCOMPLETE","Weakly Reject"
NA,"FNA2AA_filterlen33","Coniferales","NO_CLADE",NA,"NO_CLADE","Missing"
NA,"FNA2AA_filterlen33","Coniferales","NO_CLADE",NA,"NO_CLADE","Missing"
NA,"FNA2AA_filterlen33","Coniferales","NO_CLADE",NA,"NO_CLADE","Missing"
NA,"FNA2AA_filterlen33","Coniferales","NOT_MONO",NA,"NOT_MONO","Strongly Reject"
NA,"FNA2AA_filterlen33","Coniferales","NOT_MONO",NA,"NOT_MONO","Strongly Reject"
NA,"FNA2AA_filterlen33","Coniferales","NO_CLADE",NA,"NO_CLADE","Missing"
NA,"FNA2AA_filterlen33","Coniferales","NOT_MONO",NA,"CAN_MONO_INCOMPLETE","Weakly Reject"
NA,"FNA2AA_filterlen33","Coniferales","NO_CLADE",NA,"NO_CLADE","Missing"
NA,"FNA2AA_filterlen33","Coniferales","NOT_MONO",NA,"CAN_MONO_INCOMPLETE","Weakly Reject"
NA,"FNA2AA_filterlen33","Coniferales","NOT_MONO",NA,"CAN_MONO_INCOMPLETE","Weakly Reject"
NA,"FNA2AA_filterlen33","Coniferales","NO_CLADE",NA,"NO_CLADE","Missing"
NA,"FNA2AA_filterlen33","Coniferales","NOT_MONO",NA,"CAN_MONO_INCOMPLETE","Weakly Reject"
NA,"FNA2AA_filterlen33","Coniferales","NOT_MONO",NA,"NOT_MONO","Strongly Reject"
NA,"FNA2AA_filterlen33","Coniferales","NOT_MONO",NA,"CAN_MONO_INCOMPLETE","Weakly Reject"
NA,"FNA2AA_filterlen33","Coniferales","IS_MONO_INCOMPLETE",92,"IS_MONO_INCOMPLETE","Strongly Supported"
NA,"FNA2AA_filterlen33","Coniferales","IS_MONO_INCOMPLETE",77,"IS_MONO_INCOMPLETE","Strongly Supported"
NA,"FNA2AA_filterlen33","Coniferales","IS_MONO_INCOMPLETE",87,"IS_MONO_INCOMPLETE","Strongly Supported"
NA,"FNA2AA_filterlen33","Coniferales","NO_CLADE",NA,"NO_CLADE","Missing"
NA,"FNA2AA_filterlen33","Coniferales","NO_CLADE",NA,"NO_CLADE","Missing"
NA,"FNA2AA_filterlen33","Coniferales","NOT_MONO",NA,"CAN_MONO_INCOMPLETE","Weakly Reject"
NA,"FNA2AA_filterlen33","Coniferales","IS_MONO",76,"IS_MONO","Strongly Supported"
NA,"FNA2AA_filterlen33","Coniferales","NO_CLADE",NA,"NO_CLADE","Missing"
NA,"FNA2AA_filterlen33","Coniferales","IS_MONO_INCOMPLETE",86,"IS_MONO_INCOMPLETE","Strongly Supported"
NA,"FNA2AA_filterlen33","Coniferales","NOT_MONO",NA,"CAN_MONO_INCOMPLETE","Weakly Reject"
NA,"FNA2AA_filterlen33","Coniferales","IS_MONO_INCOMPLETE",59,"CAN_MONO_INCOMPLETE","Weakly Supported"
NA,"FNA2AA_filterlen33","Coniferales","IS_MONO_INCOMPLETE",99,"IS_MONO_INCOMPLETE","Strongly Supported"
NA,"FNA2AA_filterlen33","Coniferales","NO_CLADE",NA,"NO_CLADE","Missing"
NA,"FNA2AA_filterlen33","Coniferales","NO_CLADE",NA,"NO_CLADE","Missing"
NA,"FNA2AA_filterlen33","Coniferales","NOT_MONO",NA,"CAN_MONO_INCOMPLETE","Weakly Reject"
NA,"FNA2AA_filterlen33","Coniferales","IS_MONO_INCOMPLETE",60,"CAN_MONO_INCOMPLETE","Weakly Supported"
NA,"FNA2AA_filterlen33","Coniferales","NOT_MONO",NA,"CAN_MONO_INCOMPLETE","Weakly Reject"
NA,"FNA2AA_filterlen33","Coniferales","NO_CLADE",NA,"NO_CLADE","Missing"
NA,"FNA2AA_filterlen33","Coniferales","NOT_MONO",NA,"CAN_MONO_INCOMPLETE","Weakly Reject"
NA,"FNA2AA_filterlen33","Coniferales","IS_MONO_INCOMPLETE",92,"IS_MONO_INCOMPLETE","Strongly Supported"
NA,"FNA2AA_filterlen33","Coniferales","NOT_MONO",NA,"CAN_MONO_INCOMPLETE","Weakly Reject"
NA,"FNA2AA_filterlen33","Coniferales","NO_CLADE",NA,"NO_CLADE","Missing"
NA,"FNA2AA_filterlen33","Coniferales","NOT_MONO",NA,"CAN_MONO_INCOMPLETE","Weakly Reject"
NA,"FNA2AA_filterlen33","Coniferales","NO_CLADE",NA,"NO_CLADE","Missing"
NA,"FNA2AA_filterlen33","Coniferales","NO_CLADE",NA,"NO_CLADE","Missing"
NA,"FNA2AA_filterlen33","Coniferales","NO_CLADE",NA,"NO_CLADE","Missing"
NA,"FNA2AA_filterlen33","Coniferales","NO_CLADE",NA,"NO_CLADE","Missing"
NA,"FNA2AA_filterlen33","Coniferales","NO_CLADE",NA,"NO_CLADE","Missing"
NA,"FNA2AA_filterlen33","Coniferales","NOT_MONO",NA,"CAN_MONO_INCOMPLETE","Weakly Reject"
NA,"FNA2AA_filterlen33","Coniferales","NOT_MONO",NA,"CAN_MONO_INCOMPLETE","Weakly Reject"
NA,"FNA2AA_filterlen33","Coniferales","NOT_MONO",NA,"CAN_MONO_INCOMPLETE","Weakly Reject"
NA,"FNA2AA_filterlen33","Coniferales","NO_CLADE",NA,"NO_CLADE","Missing"
NA,"FNA2AA_filterlen33","Coniferales","NOT_MONO",NA,"CAN_MONO_INCOMPLETE","Weakly Reject"
NA,"FNA2AA_filterlen33","Coniferales","NO_CLADE",NA,"NO_CLADE","Missing"
NA,"FNA2AA_filterlen33","Coniferales","IS_MONO_INCOMPLETE",96,"IS_MONO_INCOMPLETE","Strongly Supported"
NA,"FNA2AA_filterlen33","Coniferales","NO_CLADE",NA,"NO_CLADE","Missing"
NA,"FNA2AA_filterlen33","Coniferales","IS_MONO_INCOMPLETE",98,"IS_MONO_INCOMPLETE","Strongly Supported"
NA,"FNA2AA_filterlen33","Coniferales","NOT_MONO",NA,"CAN_MONO_INCOMPLETE","Weakly Reject"
NA,"FNA2AA_filterlen33","Coniferales","NOT_MONO",NA,"NOT_MONO","Strongly Reject"
NA,"FNA2AA_filterlen33","Coniferales","NO_CLADE",NA,"NO_CLADE","Missing"
NA,"FNA2AA_filterlen33","Coniferales","NOT_MONO",NA,"CAN_MONO_INCOMPLETE","Weakly Reject"
NA,"FNA2AA_filterlen33","Coniferales","IS_MONO_INCOMPLETE",38,"CAN_MONO_INCOMPLETE","Weakly Supported"
NA,"FNA2AA_filterlen33","Coniferales","IS_MONO_INCOMPLETE",62,"CAN_MONO_INCOMPLETE","Weakly Supported"
NA,"FNA2AA_filterlen33","Coniferales","IS_MONO_INCOMPLETE",71,"CAN_MONO_INCOMPLETE","Weakly Supported"
NA,"FNA2AA_filterlen33","Coniferales","IS_MONO_INCOMPLETE",53,"CAN_MONO_INCOMPLETE","Weakly Supported"
NA,"FNA2AA_filterlen33","Coniferales","NO_CLADE",NA,"NO_CLADE","Missing"
NA,"FNA2AA_filterlen33","Coniferales","NOT_MONO",NA,"CAN_MONO_INCOMPLETE","Weakly Reject"
NA,"FNA2AA_filterlen33","Coniferales","NOT_MONO",NA,"NOT_MONO","Strongly Reject"
NA,"FNA2AA_filterlen33","Coniferales","IS_MONO_INCOMPLETE",48,"CAN_MONO_INCOMPLETE","Weakly Supported"
NA,"FNA2AA_filterlen33","Coniferales","NO_CLADE",NA,"NO_CLADE","Missing"
NA,"FNA2AA_filterlen33","Coniferales","NO_CLADE",NA,"NO_CLADE","Missing"
NA,"FNA2AA_filterlen33","Coniferales","IS_MONO_INCOMPLETE",99,"IS_MONO_INCOMPLETE","Strongly Supported"
NA,"FNA2AA_filterlen33","Coniferales","NO_CLADE",NA,"NO_CLADE","Missing"
NA,"FNA2AA_filterlen33","Coniferales","IS_MONO_INCOMPLETE",93,"IS_MONO_INCOMPLETE","Strongly Supported"
NA,"FNA2AA_filterlen33","Coniferales","IS_MONO",98,"IS_MONO","Strongly Supported"
NA,"FNA2AA_filterlen33","Coniferales","NOT_MONO",NA,"NOT_MONO","Strongly Reject"
NA,"FNA2AA_filterlen33","Coniferales","IS_MONO_INCOMPLETE",49,"CAN_MONO_INCOMPLETE","Weakly Supported"
NA,"FNA2AA_filterlen33","Coniferales","NO_CLADE",NA,"NO_CLADE","Missing"
NA,"FNA2AA_filterlen33","Coniferales","NO_CLADE",NA,"NO_CLADE","Missing"
NA,"FNA2AA_filterlen33","Coniferales","IS_MONO_INCOMPLETE",48,"CAN_MONO_INCOMPLETE","Weakly Supported"
NA,"FNA2AA_filterlen33","Coniferales","NO_CLADE",NA,"NO_CLADE","Missing"
NA,"FNA2AA_filterlen33","Coniferales","NO_CLADE",NA,"NO_CLADE","Missing"
NA,"FNA2AA_filterlen33","Coniferales","NO_CLADE",NA,"NO_CLADE","Missing"
NA,"FNA2AA_filterlen33","Coniferales","NOT_MONO",NA,"CAN_MONO_INCOMPLETE","Weakly Reject"
NA,"FNA2AA_filterlen33","Coniferales","NOT_MONO",NA,"CAN_MONO_INCOMPLETE","Weakly Reject"
NA,"FNA2AA_filterlen33","Coniferales","NO_CLADE",NA,"NO_CLADE","Missing"
NA,"FNA2AA_filterlen33","Coniferales","NOT_MONO",NA,"NOT_MONO","Strongly Reject"
NA,"FNA2AA_filterlen33","Coniferales","NOT_MONO",NA,"NOT_MONO","Strongly Reject"
NA,"FNA2AA_filterlen33","Coniferales","NO_CLADE",NA,"NO_CLADE","Missing"
NA,"FNA2AA_filterlen33","Coniferales","NO_CLADE",NA,"NO_CLADE","Missing"
NA,"FNA2AA_filterlen33","Coniferales","NO_CLADE",NA,"NO_CLADE","Missing"
NA,"FNA2AA_filterlen33","Coniferales","IS_MONO_INCOMPLETE",100,"IS_MONO_INCOMPLETE","Strongly Supported"
