"ID","DS","CLADE","MONO","BOOT","MONO.75","Classification"
NA,"FAA_filterlen33","Coniferales","IS_MONO_INCOMPLETE",85,"IS_MONO_INCOMPLETE","Strongly Supported"
NA,"FAA_filterlen33","Coniferales","NOT_MONO",NA,"CAN_MONO","Weakly Reject"
NA,"FAA_filterlen33","Coniferales","IS_MONO_INCOMPLETE",70,"CAN_MONO_INCOMPLETE","Weakly Supported"
NA,"FAA_filterlen33","Coniferales","NOT_MONO",NA,"CAN_MONO","Weakly Reject"
NA,"FAA_filterlen33","Coniferales","NOT_MONO",NA,"CAN_MONO","Weakly Reject"
NA,"FAA_filterlen33","Coniferales","NOT_MONO",NA,"CAN_MONO_INCOMPLETE","Weakly Reject"
NA,"FAA_filterlen33","Coniferales","NOT_MONO",NA,"CAN_MONO_INCOMPLETE","Weakly Reject"
NA,"FAA_filterlen33","Coniferales","NOT_MONO",NA,"CAN_MONO_INCOMPLETE","Weakly Reject"
NA,"FAA_filterlen33","Coniferales","NOT_MONO",NA,"CAN_MONO","Weakly Reject"
NA,"FAA_filterlen33","Coniferales","NOT_MONO",NA,"CAN_MONO_INCOMPLETE","Weakly Reject"
NA,"FAA_filterlen33","Coniferales","NOT_MONO",NA,"CAN_MONO_INCOMPLETE","Weakly Reject"
NA,"FAA_filterlen33","Coniferales","NOT_MONO",NA,"NOT_MONO","Strongly Reject"
NA,"FAA_filterlen33","Coniferales","NOT_MONO",NA,"CAN_MONO","Weakly Reject"
NA,"FAA_filterlen33","Coniferales","NOT_MONO",NA,"CAN_MONO_INCOMPLETE","Weakly Reject"
NA,"FAA_filterlen33","Coniferales","NOT_MONO",NA,"CAN_MONO_INCOMPLETE","Weakly Reject"
NA,"FAA_filterlen33","Coniferales","NOT_MONO",NA,"CAN_MONO_INCOMPLETE","Weakly Reject"
NA,"FAA_filterlen33","Coniferales","NOT_MONO",NA,"CAN_MONO_INCOMPLETE","Weakly Reject"
NA,"FAA_filterlen33","Coniferales","NOT_MONO",NA,"CAN_MONO_INCOMPLETE","Weakly Reject"
NA,"FAA_filterlen33","Coniferales","NOT_MONO",NA,"CAN_MONO_INCOMPLETE","Weakly Reject"
NA,"FAA_filterlen33","Coniferales","NO_CLADE",NA,"NO_CLADE","Missing"
NA,"FAA_filterlen33","Coniferales","NOT_MONO",NA,"NOT_MONO","Strongly Reject"
NA,"FAA_filterlen33","Coniferales","IS_MONO_INCOMPLETE",95,"IS_MONO_INCOMPLETE","Strongly Supported"
NA,"FAA_filterlen33","Coniferales","IS_MONO_INCOMPLETE",48,"CAN_MONO_INCOMPLETE","Weakly Supported"
NA,"FAA_filterlen33","Coniferales","IS_MONO_INCOMPLETE",66,"CAN_MONO_INCOMPLETE","Weakly Supported"
NA,"FAA_filterlen33","Coniferales","IS_MONO_INCOMPLETE",61,"CAN_MONO_INCOMPLETE","Weakly Supported"
NA,"FAA_filterlen33","Coniferales","IS_MONO",79,"IS_MONO","Strongly Supported"
NA,"FAA_filterlen33","Coniferales","NO_CLADE",NA,"NO_CLADE","Missing"
NA,"FAA_filterlen33","Coniferales","NOT_MONO",NA,"CAN_MONO_INCOMPLETE","Weakly Reject"
NA,"FAA_filterlen33","Coniferales","NOT_MONO",NA,"CAN_MONO","Weakly Reject"
NA,"FAA_filterlen33","Coniferales","IS_MONO_INCOMPLETE",72,"CAN_MONO_INCOMPLETE","Weakly Supported"
NA,"FAA_filterlen33","Coniferales","IS_MONO_INCOMPLETE",25,"CAN_MONO_INCOMPLETE","Weakly Supported"
NA,"FAA_filterlen33","Coniferales","NOT_MONO",NA,"CAN_MONO_INCOMPLETE","Weakly Reject"
NA,"FAA_filterlen33","Coniferales","NOT_MONO",NA,"CAN_MONO_INCOMPLETE","Weakly Reject"
NA,"FAA_filterlen33","Coniferales","IS_MONO",32,"CAN_MONO","Weakly Supported"
NA,"FAA_filterlen33","Coniferales","NOT_MONO",NA,"CAN_MONO_INCOMPLETE","Weakly Reject"
NA,"FAA_filterlen33","Coniferales","IS_MONO",83,"IS_MONO","Strongly Supported"
NA,"FAA_filterlen33","Coniferales","NOT_MONO",NA,"CAN_MONO_INCOMPLETE","Weakly Reject"
NA,"FAA_filterlen33","Coniferales","IS_MONO_INCOMPLETE",98,"IS_MONO_INCOMPLETE","Strongly Supported"
NA,"FAA_filterlen33","Coniferales","NOT_MONO",NA,"CAN_MONO_INCOMPLETE","Weakly Reject"
NA,"FAA_filterlen33","Coniferales","NOT_MONO",NA,"CAN_MONO_INCOMPLETE","Weakly Reject"
NA,"FAA_filterlen33","Coniferales","IS_MONO_INCOMPLETE",99,"IS_MONO_INCOMPLETE","Strongly Supported"
NA,"FAA_filterlen33","Coniferales","NOT_MONO",NA,"CAN_MONO_INCOMPLETE","Weakly Reject"
NA,"FAA_filterlen33","Coniferales","NOT_MONO",NA,"CAN_MONO_INCOMPLETE","Weakly Reject"
NA,"FAA_filterlen33","Coniferales","IS_MONO_INCOMPLETE",72,"CAN_MONO_INCOMPLETE","Weakly Supported"
NA,"FAA_filterlen33","Coniferales","NO_CLADE",NA,"NO_CLADE","Missing"
NA,"FAA_filterlen33","Coniferales","NOT_MONO",NA,"CAN_MONO_INCOMPLETE","Weakly Reject"
NA,"FAA_filterlen33","Coniferales","NOT_MONO",NA,"CAN_MONO_INCOMPLETE","Weakly Reject"
NA,"FAA_filterlen33","Coniferales","NOT_MONO",NA,"NOT_MONO","Strongly Reject"
NA,"FAA_filterlen33","Coniferales","NO_CLADE",NA,"NO_CLADE","Missing"
NA,"FAA_filterlen33","Coniferales","NOT_MONO",NA,"NOT_MONO","Strongly Reject"
NA,"FAA_filterlen33","Coniferales","IS_MONO_INCOMPLETE",98,"IS_MONO_INCOMPLETE","Strongly Supported"
NA,"FAA_filterlen33","Coniferales","NOT_MONO",NA,"CAN_MONO_INCOMPLETE","Weakly Reject"
NA,"FAA_filterlen33","Coniferales","NOT_MONO",NA,"NOT_MONO","Strongly Reject"
NA,"FAA_filterlen33","Coniferales","NOT_MONO",NA,"CAN_MONO_INCOMPLETE","Weakly Reject"
NA,"FAA_filterlen33","Coniferales","NO_CLADE",NA,"NO_CLADE","Missing"
NA,"FAA_filterlen33","Coniferales","NOT_MONO",NA,"CAN_MONO_INCOMPLETE","Weakly Reject"
NA,"FAA_filterlen33","Coniferales","NOT_MONO",NA,"CAN_MONO_INCOMPLETE","Weakly Reject"
NA,"FAA_filterlen33","Coniferales","NOT_MONO",NA,"NOT_MONO","Strongly Reject"
NA,"FAA_filterlen33","Coniferales","NOT_MONO",NA,"CAN_MONO_INCOMPLETE","Weakly Reject"
NA,"FAA_filterlen33","Coniferales","NO_CLADE",NA,"NO_CLADE","Missing"
NA,"FAA_filterlen33","Coniferales","NOT_MONO",NA,"CAN_MONO_INCOMPLETE","Weakly Reject"
NA,"FAA_filterlen33","Coniferales","IS_MONO_INCOMPLETE",64,"CAN_MONO_INCOMPLETE","Weakly Supported"
NA,"FAA_filterlen33","Coniferales","IS_MONO_INCOMPLETE",25,"CAN_MONO_INCOMPLETE","Weakly Supported"
NA,"FAA_filterlen33","Coniferales","IS_MONO",47,"CAN_MONO","Weakly Supported"
NA,"FAA_filterlen33","Coniferales","NOT_MONO",NA,"CAN_MONO_INCOMPLETE","Weakly Reject"
NA,"FAA_filterlen33","Coniferales","IS_MONO_INCOMPLETE",24,"CAN_MONO_INCOMPLETE","Weakly Supported"
NA,"FAA_filterlen33","Coniferales","NO_CLADE",NA,"NO_CLADE","Missing"
NA,"FAA_filterlen33","Coniferales","NO_CLADE",NA,"NO_CLADE","Missing"
NA,"FAA_filterlen33","Coniferales","NOT_MONO",NA,"CAN_MONO_INCOMPLETE","Weakly Reject"
NA,"FAA_filterlen33","Coniferales","NO_CLADE",NA,"NO_CLADE","Missing"
NA,"FAA_filterlen33","Coniferales","IS_MONO_INCOMPLETE",8,"CAN_MONO_INCOMPLETE","Weakly Supported"
NA,"FAA_filterlen33","Coniferales","NO_CLADE",NA,"NO_CLADE","Missing"
NA,"FAA_filterlen33","Coniferales","IS_MONO",97,"IS_MONO","Strongly Supported"
NA,"FAA_filterlen33","Coniferales","IS_MONO_INCOMPLETE",73,"CAN_MONO_INCOMPLETE","Weakly Supported"
NA,"FAA_filterlen33","Coniferales","IS_MONO",56,"CAN_MONO","Weakly Supported"
NA,"FAA_filterlen33","Coniferales","IS_MONO_INCOMPLETE",82,"IS_MONO_INCOMPLETE","Strongly Supported"
NA,"FAA_filterlen33","Coniferales","NOT_MONO",NA,"CAN_MONO_INCOMPLETE","Weakly Reject"
NA,"FAA_filterlen33","Coniferales","IS_MONO_INCOMPLETE",100,"IS_MONO_INCOMPLETE","Strongly Supported"
NA,"FAA_filterlen33","Coniferales","NOT_MONO",NA,"CAN_MONO","Weakly Reject"
NA,"FAA_filterlen33","Coniferales","IS_MONO_INCOMPLETE",100,"IS_MONO_INCOMPLETE","Strongly Supported"
NA,"FAA_filterlen33","Coniferales","NOT_MONO",NA,"CAN_MONO_INCOMPLETE","Weakly Reject"
NA,"FAA_filterlen33","Coniferales","NO_CLADE",NA,"NO_CLADE","Missing"
NA,"FAA_filterlen33","Coniferales","IS_MONO_INCOMPLETE",77,"IS_MONO_INCOMPLETE","Strongly Supported"
NA,"FAA_filterlen33","Coniferales","IS_MONO",58,"CAN_MONO","Weakly Supported"
NA,"FAA_filterlen33","Coniferales","NO_CLADE",NA,"NO_CLADE","Missing"
NA,"FAA_filterlen33","Coniferales","NOT_MONO",NA,"CAN_MONO_INCOMPLETE","Weakly Reject"
NA,"FAA_filterlen33","Coniferales","NO_CLADE",NA,"NO_CLADE","Missing"
NA,"FAA_filterlen33","Coniferales","NOT_MONO",NA,"NOT_MONO","Strongly Reject"
NA,"FAA_filterlen33","Coniferales","NO_CLADE",NA,"NO_CLADE","Missing"
NA,"FAA_filterlen33","Coniferales","IS_MONO_INCOMPLETE",100,"IS_MONO_INCOMPLETE","Strongly Supported"
NA,"FAA_filterlen33","Coniferales","NOT_MONO",NA,"CAN_MONO_INCOMPLETE","Weakly Reject"
NA,"FAA_filterlen33","Coniferales","NO_CLADE",NA,"NO_CLADE","Missing"
NA,"FAA_filterlen33","Coniferales","NOT_MONO",NA,"CAN_MONO_INCOMPLETE","Weakly Reject"
NA,"FAA_filterlen33","Coniferales","IS_MONO_INCOMPLETE",82,"IS_MONO_INCOMPLETE","Strongly Supported"
NA,"FAA_filterlen33","Coniferales","NOT_MONO",NA,"CAN_MONO","Weakly Reject"
NA,"FAA_filterlen33","Coniferales","IS_MONO",54,"CAN_MONO","Weakly Supported"
NA,"FAA_filterlen33","Coniferales","IS_MONO_INCOMPLETE",94,"IS_MONO_INCOMPLETE","Strongly Supported"
NA,"FAA_filterlen33","Coniferales","IS_MONO_INCOMPLETE",91,"IS_MONO_INCOMPLETE","Strongly Supported"
NA,"FAA_filterlen33","Coniferales","NO_CLADE",NA,"NO_CLADE","Missing"
NA,"FAA_filterlen33","Coniferales","NOT_MONO",NA,"NOT_MONO","Strongly Reject"
NA,"FAA_filterlen33","Coniferales","NOT_MONO",NA,"CAN_MONO_INCOMPLETE","Weakly Reject"
NA,"FAA_filterlen33","Coniferales","NOT_MONO",NA,"CAN_MONO","Weakly Reject"
NA,"FAA_filterlen33","Coniferales","NO_CLADE",NA,"NO_CLADE","Missing"
NA,"FAA_filterlen33","Coniferales","IS_MONO",61,"CAN_MONO","Weakly Supported"
NA,"FAA_filterlen33","Coniferales","IS_MONO",55,"CAN_MONO","Weakly Supported"
NA,"FAA_filterlen33","Coniferales","NO_CLADE",NA,"NO_CLADE","Missing"
NA,"FAA_filterlen33","Coniferales","NOT_MONO",NA,"CAN_MONO_INCOMPLETE","Weakly Reject"
NA,"FAA_filterlen33","Coniferales","IS_MONO_INCOMPLETE",29,"CAN_MONO_INCOMPLETE","Weakly Supported"
NA,"FAA_filterlen33","Coniferales","NO_CLADE",NA,"NO_CLADE","Missing"
NA,"FAA_filterlen33","Coniferales","NOT_MONO",NA,"CAN_MONO_INCOMPLETE","Weakly Reject"
NA,"FAA_filterlen33","Coniferales","NO_CLADE",NA,"NO_CLADE","Missing"
NA,"FAA_filterlen33","Coniferales","NOT_MONO",NA,"NOT_MONO","Strongly Reject"
NA,"FAA_filterlen33","Coniferales","NOT_MONO",NA,"CAN_MONO_INCOMPLETE","Weakly Reject"
NA,"FAA_filterlen33","Coniferales","IS_MONO_INCOMPLETE",100,"IS_MONO_INCOMPLETE","Strongly Supported"
NA,"FAA_filterlen33","Coniferales","IS_MONO",69,"CAN_MONO","Weakly Supported"
NA,"FAA_filterlen33","Coniferales","IS_MONO",44,"CAN_MONO","Weakly Supported"
NA,"FAA_filterlen33","Coniferales","IS_MONO_INCOMPLETE",12,"CAN_MONO_INCOMPLETE","Weakly Supported"
NA,"FAA_filterlen33","Coniferales","IS_MONO_INCOMPLETE",68,"CAN_MONO_INCOMPLETE","Weakly Supported"
NA,"FAA_filterlen33","Coniferales","NOT_MONO",NA,"NOT_MONO","Strongly Reject"
NA,"FAA_filterlen33","Coniferales","NO_CLADE",NA,"NO_CLADE","Missing"
NA,"FAA_filterlen33","Coniferales","NOT_MONO",NA,"NOT_MONO","Strongly Reject"
NA,"FAA_filterlen33","Coniferales","IS_MONO_INCOMPLETE",100,"IS_MONO_INCOMPLETE","Strongly Supported"
NA,"FAA_filterlen33","Coniferales","IS_MONO_INCOMPLETE",40,"CAN_MONO_INCOMPLETE","Weakly Supported"
NA,"FAA_filterlen33","Coniferales","NO_CLADE",NA,"NO_CLADE","Missing"
NA,"FAA_filterlen33","Coniferales","NOT_MONO",NA,"CAN_MONO_INCOMPLETE","Weakly Reject"
NA,"FAA_filterlen33","Coniferales","IS_MONO_INCOMPLETE",91,"IS_MONO_INCOMPLETE","Strongly Supported"
NA,"FAA_filterlen33","Coniferales","NOT_MONO",NA,"CAN_MONO_INCOMPLETE","Weakly Reject"
NA,"FAA_filterlen33","Coniferales","NOT_MONO",NA,"CAN_MONO","Weakly Reject"
NA,"FAA_filterlen33","Coniferales","NO_CLADE",NA,"NO_CLADE","Missing"
NA,"FAA_filterlen33","Coniferales","NOT_MONO",NA,"CAN_MONO","Weakly Reject"
NA,"FAA_filterlen33","Coniferales","NOT_MONO",NA,"CAN_MONO","Weakly Reject"
NA,"FAA_filterlen33","Coniferales","IS_MONO_INCOMPLETE",48,"CAN_MONO_INCOMPLETE","Weakly Supported"
NA,"FAA_filterlen33","Coniferales","IS_MONO_INCOMPLETE",99,"IS_MONO_INCOMPLETE","Strongly Supported"
NA,"FAA_filterlen33","Coniferales","NOT_MONO",NA,"CAN_MONO_INCOMPLETE","Weakly Reject"
NA,"FAA_filterlen33","Coniferales","NOT_MONO",NA,"CAN_MONO_INCOMPLETE","Weakly Reject"
NA,"FAA_filterlen33","Coniferales","NO_CLADE",NA,"NO_CLADE","Missing"
NA,"FAA_filterlen33","Coniferales","NO_CLADE",NA,"NO_CLADE","Missing"
NA,"FAA_filterlen33","Coniferales","NOT_MONO",NA,"CAN_MONO_INCOMPLETE","Weakly Reject"
NA,"FAA_filterlen33","Coniferales","NOT_MONO",NA,"CAN_MONO","Weakly Reject"
NA,"FAA_filterlen33","Coniferales","NOT_MONO",NA,"CAN_MONO_INCOMPLETE","Weakly Reject"
NA,"FAA_filterlen33","Coniferales","NO_CLADE",NA,"NO_CLADE","Missing"
NA,"FAA_filterlen33","Coniferales","IS_MONO_INCOMPLETE",87,"IS_MONO_INCOMPLETE","Strongly Supported"
NA,"FAA_filterlen33","Coniferales","NOT_MONO",NA,"CAN_MONO_INCOMPLETE","Weakly Reject"
NA,"FAA_filterlen33","Coniferales","NO_CLADE",NA,"NO_CLADE","Missing"
NA,"FAA_filterlen33","Coniferales","NOT_MONO",NA,"NOT_MONO","Strongly Reject"
NA,"FAA_filterlen33","Coniferales","NOT_MONO",NA,"NOT_MONO","Strongly Reject"
NA,"FAA_filterlen33","Coniferales","NOT_MONO",NA,"CAN_MONO_INCOMPLETE","Weakly Reject"
NA,"FAA_filterlen33","Coniferales","NO_CLADE",NA,"NO_CLADE","Missing"
NA,"FAA_filterlen33","Coniferales","NOT_MONO",NA,"CAN_MONO_INCOMPLETE","Weakly Reject"
NA,"FAA_filterlen33","Coniferales","NOT_MONO",NA,"CAN_MONO","Weakly Reject"
NA,"FAA_filterlen33","Coniferales","NO_CLADE",NA,"NO_CLADE","Missing"
NA,"FAA_filterlen33","Coniferales","IS_MONO_INCOMPLETE",60,"CAN_MONO_INCOMPLETE","Weakly Supported"
NA,"FAA_filterlen33","Coniferales","NOT_MONO",NA,"CAN_MONO","Weakly Reject"
NA,"FAA_filterlen33","Coniferales","NOT_MONO",NA,"CAN_MONO_INCOMPLETE","Weakly Reject"
NA,"FAA_filterlen33","Coniferales","NOT_MONO",NA,"CAN_MONO_INCOMPLETE","Weakly Reject"
NA,"FAA_filterlen33","Coniferales","NO_CLADE",NA,"NO_CLADE","Missing"
NA,"FAA_filterlen33","Coniferales","NOT_MONO",NA,"CAN_MONO_INCOMPLETE","Weakly Reject"
NA,"FAA_filterlen33","Coniferales","NOT_MONO",NA,"CAN_MONO","Weakly Reject"
NA,"FAA_filterlen33","Coniferales","NOT_MONO",NA,"CAN_MONO","Weakly Reject"
NA,"FAA_filterlen33","Coniferales","IS_MONO_INCOMPLETE",45,"CAN_MONO_INCOMPLETE","Weakly Supported"
NA,"FAA_filterlen33","Coniferales","NO_CLADE",NA,"NO_CLADE","Missing"
NA,"FAA_filterlen33","Coniferales","NO_CLADE",NA,"NO_CLADE","Missing"
NA,"FAA_filterlen33","Coniferales","IS_MONO",69,"CAN_MONO","Weakly Supported"
NA,"FAA_filterlen33","Coniferales","NO_CLADE",NA,"NO_CLADE","Missing"
NA,"FAA_filterlen33","Coniferales","NOT_MONO",NA,"CAN_MONO_INCOMPLETE","Weakly Reject"
NA,"FAA_filterlen33","Coniferales","IS_MONO_INCOMPLETE",36,"CAN_MONO_INCOMPLETE","Weakly Supported"
NA,"FAA_filterlen33","Coniferales","NOT_MONO",NA,"CAN_MONO_INCOMPLETE","Weakly Reject"
NA,"FAA_filterlen33","Coniferales","NOT_MONO",NA,"CAN_MONO","Weakly Reject"
NA,"FAA_filterlen33","Coniferales","NOT_MONO",NA,"CAN_MONO_INCOMPLETE","Weakly Reject"
NA,"FAA_filterlen33","Coniferales","NOT_MONO",NA,"CAN_MONO_INCOMPLETE","Weakly Reject"
NA,"FAA_filterlen33","Coniferales","IS_MONO_INCOMPLETE",39,"CAN_MONO_INCOMPLETE","Weakly Supported"
NA,"FAA_filterlen33","Coniferales","NOT_MONO",NA,"CAN_MONO_INCOMPLETE","Weakly Reject"
NA,"FAA_filterlen33","Coniferales","IS_MONO_INCOMPLETE",52,"CAN_MONO_INCOMPLETE","Weakly Supported"
NA,"FAA_filterlen33","Coniferales","NOT_MONO",NA,"CAN_MONO_INCOMPLETE","Weakly Reject"
NA,"FAA_filterlen33","Coniferales","IS_MONO_INCOMPLETE",82,"IS_MONO_INCOMPLETE","Strongly Supported"
NA,"FAA_filterlen33","Coniferales","IS_MONO_INCOMPLETE",71,"CAN_MONO_INCOMPLETE","Weakly Supported"
NA,"FAA_filterlen33","Coniferales","IS_MONO_INCOMPLETE",68,"CAN_MONO_INCOMPLETE","Weakly Supported"
NA,"FAA_filterlen33","Coniferales","IS_MONO_INCOMPLETE",41,"CAN_MONO_INCOMPLETE","Weakly Supported"
NA,"FAA_filterlen33","Coniferales","IS_MONO_INCOMPLETE",9,"CAN_MONO_INCOMPLETE","Weakly Supported"
NA,"FAA_filterlen33","Coniferales","IS_MONO_INCOMPLETE",67,"CAN_MONO_INCOMPLETE","Weakly Supported"
NA,"FAA_filterlen33","Coniferales","NOT_MONO",NA,"CAN_MONO","Weakly Reject"
NA,"FAA_filterlen33","Coniferales","NOT_MONO",NA,"CAN_MONO_INCOMPLETE","Weakly Reject"
NA,"FAA_filterlen33","Coniferales","IS_MONO",60,"CAN_MONO","Weakly Supported"
NA,"FAA_filterlen33","Coniferales","NOT_MONO",NA,"CAN_MONO","Weakly Reject"
NA,"FAA_filterlen33","Coniferales","IS_MONO",29,"CAN_MONO","Weakly Supported"
NA,"FAA_filterlen33","Coniferales","NOT_MONO",NA,"CAN_MONO","Weakly Reject"
NA,"FAA_filterlen33","Coniferales","NO_CLADE",NA,"NO_CLADE","Missing"
NA,"FAA_filterlen33","Coniferales","NOT_MONO",NA,"CAN_MONO_INCOMPLETE","Weakly Reject"
NA,"FAA_filterlen33","Coniferales","IS_MONO_INCOMPLETE",49,"CAN_MONO_INCOMPLETE","Weakly Supported"
NA,"FAA_filterlen33","Coniferales","NO_CLADE",NA,"NO_CLADE","Missing"
NA,"FAA_filterlen33","Coniferales","IS_MONO_INCOMPLETE",78,"IS_MONO_INCOMPLETE","Strongly Supported"
NA,"FAA_filterlen33","Coniferales","IS_MONO_INCOMPLETE",73,"CAN_MONO_INCOMPLETE","Weakly Supported"
NA,"FAA_filterlen33","Coniferales","IS_MONO",25,"CAN_MONO","Weakly Supported"
NA,"FAA_filterlen33","Coniferales","IS_MONO_INCOMPLETE",61,"CAN_MONO_INCOMPLETE","Weakly Supported"
NA,"FAA_filterlen33","Coniferales","IS_MONO_INCOMPLETE",35,"CAN_MONO_INCOMPLETE","Weakly Supported"
NA,"FAA_filterlen33","Coniferales","IS_MONO_INCOMPLETE",91,"IS_MONO_INCOMPLETE","Strongly Supported"
NA,"FAA_filterlen33","Coniferales","IS_MONO_INCOMPLETE",70,"CAN_MONO_INCOMPLETE","Weakly Supported"
NA,"FAA_filterlen33","Coniferales","NO_CLADE",NA,"NO_CLADE","Missing"
NA,"FAA_filterlen33","Coniferales","IS_MONO_INCOMPLETE",96,"IS_MONO_INCOMPLETE","Strongly Supported"
NA,"FAA_filterlen33","Coniferales","IS_MONO_INCOMPLETE",41,"CAN_MONO_INCOMPLETE","Weakly Supported"
NA,"FAA_filterlen33","Coniferales","NOT_MONO",NA,"CAN_MONO_INCOMPLETE","Weakly Reject"
NA,"FAA_filterlen33","Coniferales","NOT_MONO",NA,"CAN_MONO","Weakly Reject"
NA,"FAA_filterlen33","Coniferales","NOT_MONO",NA,"CAN_MONO","Weakly Reject"
NA,"FAA_filterlen33","Coniferales","NOT_MONO",NA,"NOT_MONO","Strongly Reject"
NA,"FAA_filterlen33","Coniferales","NOT_MONO",NA,"CAN_MONO_INCOMPLETE","Weakly Reject"
NA,"FAA_filterlen33","Coniferales","IS_MONO_INCOMPLETE",97,"IS_MONO_INCOMPLETE","Strongly Supported"
NA,"FAA_filterlen33","Coniferales","IS_MONO_INCOMPLETE",99,"IS_MONO_INCOMPLETE","Strongly Supported"
NA,"FAA_filterlen33","Coniferales","NOT_MONO",NA,"CAN_MONO","Weakly Reject"
NA,"FAA_filterlen33","Coniferales","NOT_MONO",NA,"CAN_MONO_INCOMPLETE","Weakly Reject"
NA,"FAA_filterlen33","Coniferales","NOT_MONO",NA,"CAN_MONO","Weakly Reject"
NA,"FAA_filterlen33","Coniferales","NO_CLADE",NA,"NO_CLADE","Missing"
NA,"FAA_filterlen33","Coniferales","NOT_MONO",NA,"CAN_MONO","Weakly Reject"
NA,"FAA_filterlen33","Coniferales","NO_CLADE",NA,"NO_CLADE","Missing"
NA,"FAA_filterlen33","Coniferales","IS_MONO_INCOMPLETE",100,"IS_MONO_INCOMPLETE","Strongly Supported"
NA,"FAA_filterlen33","Coniferales","IS_MONO_INCOMPLETE",96,"IS_MONO_INCOMPLETE","Strongly Supported"
NA,"FAA_filterlen33","Coniferales","NOT_MONO",NA,"NOT_MONO","Strongly Reject"
NA,"FAA_filterlen33","Coniferales","NOT_MONO",NA,"CAN_MONO_INCOMPLETE","Weakly Reject"
NA,"FAA_filterlen33","Coniferales","CAN_MONO_INCOMPLETE",NA,"CAN_MONO_INCOMPLETE","Weakly Reject"
NA,"FAA_filterlen33","Coniferales","NOT_MONO",NA,"CAN_MONO_INCOMPLETE","Weakly Reject"
NA,"FAA_filterlen33","Coniferales","NOT_MONO",NA,"NOT_MONO","Strongly Reject"
NA,"FAA_filterlen33","Coniferales","IS_MONO_INCOMPLETE",25,"CAN_MONO_INCOMPLETE","Weakly Supported"
NA,"FAA_filterlen33","Coniferales","IS_MONO_INCOMPLETE",36,"CAN_MONO_INCOMPLETE","Weakly Supported"
NA,"FAA_filterlen33","Coniferales","NOT_MONO",NA,"CAN_MONO_INCOMPLETE","Weakly Reject"
NA,"FAA_filterlen33","Coniferales","IS_MONO",54,"CAN_MONO","Weakly Supported"
NA,"FAA_filterlen33","Coniferales","NO_CLADE",NA,"NO_CLADE","Missing"
NA,"FAA_filterlen33","Coniferales","NO_CLADE",NA,"NO_CLADE","Missing"
NA,"FAA_filterlen33","Coniferales","IS_MONO_INCOMPLETE",53,"CAN_MONO_INCOMPLETE","Weakly Supported"
NA,"FAA_filterlen33","Coniferales","IS_MONO_INCOMPLETE",51,"CAN_MONO_INCOMPLETE","Weakly Supported"
NA,"FAA_filterlen33","Coniferales","NOT_MONO",NA,"CAN_MONO_INCOMPLETE","Weakly Reject"
NA,"FAA_filterlen33","Coniferales","NOT_MONO",NA,"CAN_MONO_INCOMPLETE","Weakly Reject"
NA,"FAA_filterlen33","Coniferales","NO_CLADE",NA,"NO_CLADE","Missing"
NA,"FAA_filterlen33","Coniferales","NOT_MONO",NA,"NOT_MONO","Strongly Reject"
NA,"FAA_filterlen33","Coniferales","IS_MONO_INCOMPLETE",82,"IS_MONO_INCOMPLETE","Strongly Supported"
NA,"FAA_filterlen33","Coniferales","IS_MONO_INCOMPLETE",61,"CAN_MONO_INCOMPLETE","Weakly Supported"
NA,"FAA_filterlen33","Coniferales","NOT_MONO",NA,"CAN_MONO","Weakly Reject"
NA,"FAA_filterlen33","Coniferales","NOT_MONO",NA,"CAN_MONO","Weakly Reject"
NA,"FAA_filterlen33","Coniferales","IS_MONO_INCOMPLETE",100,"IS_MONO_INCOMPLETE","Strongly Supported"
NA,"FAA_filterlen33","Coniferales","NOT_MONO",NA,"CAN_MONO","Weakly Reject"
NA,"FAA_filterlen33","Coniferales","IS_MONO_INCOMPLETE",58,"CAN_MONO_INCOMPLETE","Weakly Supported"
NA,"FAA_filterlen33","Coniferales","NOT_MONO",NA,"CAN_MONO_INCOMPLETE","Weakly Reject"
NA,"FAA_filterlen33","Coniferales","NO_CLADE",NA,"NO_CLADE","Missing"
NA,"FAA_filterlen33","Coniferales","IS_MONO_INCOMPLETE",98,"IS_MONO_INCOMPLETE","Strongly Supported"
NA,"FAA_filterlen33","Coniferales","IS_MONO_INCOMPLETE",83,"IS_MONO_INCOMPLETE","Strongly Supported"
NA,"FAA_filterlen33","Coniferales","NO_CLADE",NA,"NO_CLADE","Missing"
NA,"FAA_filterlen33","Coniferales","NO_CLADE",NA,"NO_CLADE","Missing"
NA,"FAA_filterlen33","Coniferales","NO_CLADE",NA,"NO_CLADE","Missing"
NA,"FAA_filterlen33","Coniferales","NOT_MONO",NA,"CAN_MONO_INCOMPLETE","Weakly Reject"
NA,"FAA_filterlen33","Coniferales","NOT_MONO",NA,"CAN_MONO_INCOMPLETE","Weakly Reject"
NA,"FAA_filterlen33","Coniferales","NO_CLADE",NA,"NO_CLADE","Missing"
NA,"FAA_filterlen33","Coniferales","NOT_MONO",NA,"CAN_MONO_INCOMPLETE","Weakly Reject"
NA,"FAA_filterlen33","Coniferales","NOT_MONO",NA,"CAN_MONO_INCOMPLETE","Weakly Reject"
NA,"FAA_filterlen33","Coniferales","IS_MONO_INCOMPLETE",75,"IS_MONO_INCOMPLETE","Strongly Supported"
NA,"FAA_filterlen33","Coniferales","NOT_MONO",NA,"NOT_MONO","Strongly Reject"
NA,"FAA_filterlen33","Coniferales","IS_MONO_INCOMPLETE",48,"CAN_MONO_INCOMPLETE","Weakly Supported"
NA,"FAA_filterlen33","Coniferales","NO_CLADE",NA,"NO_CLADE","Missing"
NA,"FAA_filterlen33","Coniferales","NOT_MONO",NA,"CAN_MONO_INCOMPLETE","Weakly Reject"
NA,"FAA_filterlen33","Coniferales","NO_CLADE",NA,"NO_CLADE","Missing"
NA,"FAA_filterlen33","Coniferales","NOT_MONO",NA,"NOT_MONO","Strongly Reject"
NA,"FAA_filterlen33","Coniferales","IS_MONO_INCOMPLETE",63,"CAN_MONO_INCOMPLETE","Weakly Supported"
NA,"FAA_filterlen33","Coniferales","NOT_MONO",NA,"CAN_MONO_INCOMPLETE","Weakly Reject"
NA,"FAA_filterlen33","Coniferales","NOT_MONO",NA,"CAN_MONO_INCOMPLETE","Weakly Reject"
NA,"FAA_filterlen33","Coniferales","NOT_MONO",NA,"CAN_MONO_INCOMPLETE","Weakly Reject"
NA,"FAA_filterlen33","Coniferales","NOT_MONO",NA,"CAN_MONO_INCOMPLETE","Weakly Reject"
NA,"FAA_filterlen33","Coniferales","NOT_MONO",NA,"CAN_MONO_INCOMPLETE","Weakly Reject"
NA,"FAA_filterlen33","Coniferales","NOT_MONO",NA,"CAN_MONO_INCOMPLETE","Weakly Reject"
NA,"FAA_filterlen33","Coniferales","IS_MONO",33,"CAN_MONO","Weakly Supported"
NA,"FAA_filterlen33","Coniferales","NOT_MONO",NA,"CAN_MONO_INCOMPLETE","Weakly Reject"
NA,"FAA_filterlen33","Coniferales","NOT_MONO",NA,"CAN_MONO_INCOMPLETE","Weakly Reject"
NA,"FAA_filterlen33","Coniferales","IS_MONO",20,"CAN_MONO","Weakly Supported"
NA,"FAA_filterlen33","Coniferales","NOT_MONO",NA,"CAN_MONO_INCOMPLETE","Weakly Reject"
NA,"FAA_filterlen33","Coniferales","NO_CLADE",NA,"NO_CLADE","Missing"
NA,"FAA_filterlen33","Coniferales","IS_MONO_INCOMPLETE",30,"CAN_MONO_INCOMPLETE","Weakly Supported"
NA,"FAA_filterlen33","Coniferales","IS_MONO_INCOMPLETE",36,"CAN_MONO_INCOMPLETE","Weakly Supported"
NA,"FAA_filterlen33","Coniferales","IS_MONO_INCOMPLETE",86,"IS_MONO_INCOMPLETE","Strongly Supported"
NA,"FAA_filterlen33","Coniferales","NO_CLADE",NA,"NO_CLADE","Missing"
NA,"FAA_filterlen33","Coniferales","NO_CLADE",NA,"NO_CLADE","Missing"
NA,"FAA_filterlen33","Coniferales","NO_CLADE",NA,"NO_CLADE","Missing"
NA,"FAA_filterlen33","Coniferales","IS_MONO_INCOMPLETE",100,"IS_MONO_INCOMPLETE","Strongly Supported"
NA,"FAA_filterlen33","Coniferales","NO_CLADE",NA,"NO_CLADE","Missing"
NA,"FAA_filterlen33","Coniferales","NO_CLADE",NA,"NO_CLADE","Missing"
NA,"FAA_filterlen33","Coniferales","NOT_MONO",NA,"CAN_MONO_INCOMPLETE","Weakly Reject"
NA,"FAA_filterlen33","Coniferales","NO_CLADE",NA,"NO_CLADE","Missing"
NA,"FAA_filterlen33","Coniferales","IS_MONO_INCOMPLETE",89,"IS_MONO_INCOMPLETE","Strongly Supported"
NA,"FAA_filterlen33","Coniferales","NO_CLADE",NA,"NO_CLADE","Missing"
NA,"FAA_filterlen33","Coniferales","IS_MONO_INCOMPLETE",59,"CAN_MONO_INCOMPLETE","Weakly Supported"
NA,"FAA_filterlen33","Coniferales","NOT_MONO",NA,"NOT_MONO","Strongly Reject"
NA,"FAA_filterlen33","Coniferales","NO_CLADE",NA,"NO_CLADE","Missing"
NA,"FAA_filterlen33","Coniferales","IS_MONO_INCOMPLETE",67,"CAN_MONO_INCOMPLETE","Weakly Supported"
NA,"FAA_filterlen33","Coniferales","IS_MONO_INCOMPLETE",41,"CAN_MONO_INCOMPLETE","Weakly Supported"
NA,"FAA_filterlen33","Coniferales","NOT_MONO",NA,"CAN_MONO_INCOMPLETE","Weakly Reject"
NA,"FAA_filterlen33","Coniferales","NOT_MONO",NA,"CAN_MONO_INCOMPLETE","Weakly Reject"
NA,"FAA_filterlen33","Coniferales","NOT_MONO",NA,"CAN_MONO_INCOMPLETE","Weakly Reject"
NA,"FAA_filterlen33","Coniferales","NOT_MONO",NA,"CAN_MONO_INCOMPLETE","Weakly Reject"
NA,"FAA_filterlen33","Coniferales","NOT_MONO",NA,"CAN_MONO_INCOMPLETE","Weakly Reject"
NA,"FAA_filterlen33","Coniferales","NOT_MONO",NA,"CAN_MONO_INCOMPLETE","Weakly Reject"
NA,"FAA_filterlen33","Coniferales","IS_MONO_INCOMPLETE",91,"IS_MONO_INCOMPLETE","Strongly Supported"
NA,"FAA_filterlen33","Coniferales","IS_MONO_INCOMPLETE",52,"CAN_MONO_INCOMPLETE","Weakly Supported"
NA,"FAA_filterlen33","Coniferales","NOT_MONO",NA,"CAN_MONO_INCOMPLETE","Weakly Reject"
NA,"FAA_filterlen33","Coniferales","NO_CLADE",NA,"NO_CLADE","Missing"
NA,"FAA_filterlen33","Coniferales","NOT_MONO",NA,"CAN_MONO_INCOMPLETE","Weakly Reject"
NA,"FAA_filterlen33","Coniferales","NOT_MONO",NA,"CAN_MONO_INCOMPLETE","Weakly Reject"
NA,"FAA_filterlen33","Coniferales","NO_CLADE",NA,"NO_CLADE","Missing"
NA,"FAA_filterlen33","Coniferales","IS_MONO_INCOMPLETE",45,"CAN_MONO_INCOMPLETE","Weakly Supported"
NA,"FAA_filterlen33","Coniferales","NOT_MONO",NA,"CAN_MONO","Weakly Reject"
NA,"FAA_filterlen33","Coniferales","IS_MONO",42,"CAN_MONO","Weakly Supported"
NA,"FAA_filterlen33","Coniferales","IS_MONO_INCOMPLETE",96,"IS_MONO_INCOMPLETE","Strongly Supported"
NA,"FAA_filterlen33","Coniferales","IS_MONO_INCOMPLETE",100,"IS_MONO_INCOMPLETE","Strongly Supported"
NA,"FAA_filterlen33","Coniferales","NOT_MONO",NA,"CAN_MONO_INCOMPLETE","Weakly Reject"
NA,"FAA_filterlen33","Coniferales","NOT_MONO",NA,"CAN_MONO","Weakly Reject"
NA,"FAA_filterlen33","Coniferales","NOT_MONO",NA,"CAN_MONO_INCOMPLETE","Weakly Reject"
NA,"FAA_filterlen33","Coniferales","NOT_MONO",NA,"CAN_MONO_INCOMPLETE","Weakly Reject"
NA,"FAA_filterlen33","Coniferales","NOT_MONO",NA,"CAN_MONO_INCOMPLETE","Weakly Reject"
NA,"FAA_filterlen33","Coniferales","IS_MONO",76,"IS_MONO","Strongly Supported"
NA,"FAA_filterlen33","Coniferales","IS_MONO_INCOMPLETE",100,"IS_MONO_INCOMPLETE","Strongly Supported"
NA,"FAA_filterlen33","Coniferales","NO_CLADE",NA,"NO_CLADE","Missing"
NA,"FAA_filterlen33","Coniferales","NOT_MONO",NA,"CAN_MONO_INCOMPLETE","Weakly Reject"
NA,"FAA_filterlen33","Coniferales","NOT_MONO",NA,"NOT_MONO","Strongly Reject"
NA,"FAA_filterlen33","Coniferales","NOT_MONO",NA,"CAN_MONO_INCOMPLETE","Weakly Reject"
NA,"FAA_filterlen33","Coniferales","NOT_MONO",NA,"CAN_MONO","Weakly Reject"
NA,"FAA_filterlen33","Coniferales","NOT_MONO",NA,"CAN_MONO","Weakly Reject"
NA,"FAA_filterlen33","Coniferales","NOT_MONO",NA,"NOT_MONO","Strongly Reject"
NA,"FAA_filterlen33","Coniferales","IS_MONO_INCOMPLETE",98,"IS_MONO_INCOMPLETE","Strongly Supported"
NA,"FAA_filterlen33","Coniferales","NOT_MONO",NA,"CAN_MONO_INCOMPLETE","Weakly Reject"
NA,"FAA_filterlen33","Coniferales","NOT_MONO",NA,"NOT_MONO","Strongly Reject"
NA,"FAA_filterlen33","Coniferales","IS_MONO_INCOMPLETE",79,"IS_MONO_INCOMPLETE","Strongly Supported"
NA,"FAA_filterlen33","Coniferales","NOT_MONO",NA,"NOT_MONO","Strongly Reject"
NA,"FAA_filterlen33","Coniferales","NOT_MONO",NA,"NOT_MONO","Strongly Reject"
NA,"FAA_filterlen33","Coniferales","IS_MONO_INCOMPLETE",95,"IS_MONO_INCOMPLETE","Strongly Supported"
NA,"FAA_filterlen33","Coniferales","NOT_MONO",NA,"NOT_MONO","Strongly Reject"
NA,"FAA_filterlen33","Coniferales","NOT_MONO",NA,"CAN_MONO_INCOMPLETE","Weakly Reject"
NA,"FAA_filterlen33","Coniferales","NOT_MONO",NA,"CAN_MONO_INCOMPLETE","Weakly Reject"
NA,"FAA_filterlen33","Coniferales","IS_MONO_INCOMPLETE",97,"IS_MONO_INCOMPLETE","Strongly Supported"
NA,"FAA_filterlen33","Coniferales","IS_MONO_INCOMPLETE",57,"CAN_MONO_INCOMPLETE","Weakly Supported"
NA,"FAA_filterlen33","Coniferales","NO_CLADE",NA,"NO_CLADE","Missing"
NA,"FAA_filterlen33","Coniferales","NO_CLADE",NA,"NO_CLADE","Missing"
NA,"FAA_filterlen33","Coniferales","IS_MONO_INCOMPLETE",100,"IS_MONO_INCOMPLETE","Strongly Supported"
NA,"FAA_filterlen33","Coniferales","NO_CLADE",NA,"NO_CLADE","Missing"
NA,"FAA_filterlen33","Coniferales","IS_MONO",33,"CAN_MONO","Weakly Supported"
NA,"FAA_filterlen33","Coniferales","NO_CLADE",NA,"NO_CLADE","Missing"
NA,"FAA_filterlen33","Coniferales","IS_MONO_INCOMPLETE",83,"IS_MONO_INCOMPLETE","Strongly Supported"
NA,"FAA_filterlen33","Coniferales","IS_MONO_INCOMPLETE",42,"CAN_MONO_INCOMPLETE","Weakly Supported"
NA,"FAA_filterlen33","Coniferales","NOT_MONO",NA,"CAN_MONO_INCOMPLETE","Weakly Reject"
NA,"FAA_filterlen33","Coniferales","NO_CLADE",NA,"NO_CLADE","Missing"
NA,"FAA_filterlen33","Coniferales","NOT_MONO",NA,"CAN_MONO","Weakly Reject"
NA,"FAA_filterlen33","Coniferales","IS_MONO_INCOMPLETE",100,"IS_MONO_INCOMPLETE","Strongly Supported"
NA,"FAA_filterlen33","Coniferales","NOT_MONO",NA,"CAN_MONO_INCOMPLETE","Weakly Reject"
NA,"FAA_filterlen33","Coniferales","IS_MONO_INCOMPLETE",100,"IS_MONO_INCOMPLETE","Strongly Supported"
NA,"FAA_filterlen33","Coniferales","IS_MONO_INCOMPLETE",83,"IS_MONO_INCOMPLETE","Strongly Supported"
NA,"FAA_filterlen33","Coniferales","IS_MONO_INCOMPLETE",61,"CAN_MONO_INCOMPLETE","Weakly Supported"
NA,"FAA_filterlen33","Coniferales","NO_CLADE",NA,"NO_CLADE","Missing"
NA,"FAA_filterlen33","Coniferales","NOT_MONO",NA,"NOT_MONO","Strongly Reject"
NA,"FAA_filterlen33","Coniferales","IS_MONO_INCOMPLETE",91,"IS_MONO_INCOMPLETE","Strongly Supported"
NA,"FAA_filterlen33","Coniferales","NOT_MONO",NA,"CAN_MONO_INCOMPLETE","Weakly Reject"
NA,"FAA_filterlen33","Coniferales","NOT_MONO",NA,"CAN_MONO_INCOMPLETE","Weakly Reject"
NA,"FAA_filterlen33","Coniferales","NOT_MONO",NA,"NOT_MONO","Strongly Reject"
NA,"FAA_filterlen33","Coniferales","NOT_MONO",NA,"NOT_MONO","Strongly Reject"
NA,"FAA_filterlen33","Coniferales","NOT_MONO",NA,"CAN_MONO_INCOMPLETE","Weakly Reject"
NA,"FAA_filterlen33","Coniferales","IS_MONO_INCOMPLETE",95,"IS_MONO_INCOMPLETE","Strongly Supported"
NA,"FAA_filterlen33","Coniferales","NOT_MONO",NA,"CAN_MONO_INCOMPLETE","Weakly Reject"
NA,"FAA_filterlen33","Coniferales","IS_MONO_INCOMPLETE",38,"CAN_MONO_INCOMPLETE","Weakly Supported"
NA,"FAA_filterlen33","Coniferales","IS_MONO_INCOMPLETE",61,"CAN_MONO_INCOMPLETE","Weakly Supported"
NA,"FAA_filterlen33","Coniferales","NOT_MONO",NA,"NOT_MONO","Strongly Reject"
NA,"FAA_filterlen33","Coniferales","IS_MONO_INCOMPLETE",55,"CAN_MONO_INCOMPLETE","Weakly Supported"
NA,"FAA_filterlen33","Coniferales","NOT_MONO",NA,"CAN_MONO_INCOMPLETE","Weakly Reject"
NA,"FAA_filterlen33","Coniferales","NOT_MONO",NA,"CAN_MONO_INCOMPLETE","Weakly Reject"
NA,"FAA_filterlen33","Coniferales","NOT_MONO",NA,"CAN_MONO","Weakly Reject"
NA,"FAA_filterlen33","Coniferales","NOT_MONO",NA,"CAN_MONO_INCOMPLETE","Weakly Reject"
NA,"FAA_filterlen33","Coniferales","NOT_MONO",NA,"NOT_MONO","Strongly Reject"
NA,"FAA_filterlen33","Coniferales","IS_MONO_INCOMPLETE",38,"CAN_MONO_INCOMPLETE","Weakly Supported"
NA,"FAA_filterlen33","Coniferales","NO_CLADE",NA,"NO_CLADE","Missing"
NA,"FAA_filterlen33","Coniferales","NOT_MONO",NA,"CAN_MONO_INCOMPLETE","Weakly Reject"
NA,"FAA_filterlen33","Coniferales","IS_MONO_INCOMPLETE",55,"CAN_MONO_INCOMPLETE","Weakly Supported"
NA,"FAA_filterlen33","Coniferales","NOT_MONO",NA,"CAN_MONO_INCOMPLETE","Weakly Reject"
NA,"FAA_filterlen33","Coniferales","NOT_MONO",NA,"CAN_MONO_INCOMPLETE","Weakly Reject"
NA,"FAA_filterlen33","Coniferales","NOT_MONO",NA,"CAN_MONO","Weakly Reject"
NA,"FAA_filterlen33","Coniferales","IS_MONO_INCOMPLETE",100,"IS_MONO_INCOMPLETE","Strongly Supported"
NA,"FAA_filterlen33","Coniferales","NOT_MONO",NA,"CAN_MONO_INCOMPLETE","Weakly Reject"
NA,"FAA_filterlen33","Coniferales","IS_MONO",59,"CAN_MONO","Weakly Supported"
NA,"FAA_filterlen33","Coniferales","NOT_MONO",NA,"CAN_MONO","Weakly Reject"
NA,"FAA_filterlen33","Coniferales","NOT_MONO",NA,"CAN_MONO_INCOMPLETE","Weakly Reject"
NA,"FAA_filterlen33","Coniferales","NOT_MONO",NA,"NOT_MONO","Strongly Reject"
NA,"FAA_filterlen33","Coniferales","IS_MONO_INCOMPLETE",54,"CAN_MONO_INCOMPLETE","Weakly Supported"
NA,"FAA_filterlen33","Coniferales","IS_MONO_INCOMPLETE",100,"IS_MONO_INCOMPLETE","Strongly Supported"
NA,"FAA_filterlen33","Coniferales","IS_MONO_INCOMPLETE",31,"CAN_MONO_INCOMPLETE","Weakly Supported"
NA,"FAA_filterlen33","Coniferales","NOT_MONO",NA,"CAN_MONO_INCOMPLETE","Weakly Reject"
NA,"FAA_filterlen33","Coniferales","IS_MONO_INCOMPLETE",99,"IS_MONO_INCOMPLETE","Strongly Supported"
NA,"FAA_filterlen33","Coniferales","IS_MONO_INCOMPLETE",51,"CAN_MONO_INCOMPLETE","Weakly Supported"
NA,"FAA_filterlen33","Coniferales","IS_MONO_INCOMPLETE",100,"IS_MONO_INCOMPLETE","Strongly Supported"
NA,"FAA_filterlen33","Coniferales","NOT_MONO",NA,"CAN_MONO_INCOMPLETE","Weakly Reject"
NA,"FAA_filterlen33","Coniferales","IS_MONO_INCOMPLETE",98,"IS_MONO_INCOMPLETE","Strongly Supported"
NA,"FAA_filterlen33","Coniferales","IS_MONO_INCOMPLETE",35,"CAN_MONO_INCOMPLETE","Weakly Supported"
NA,"FAA_filterlen33","Coniferales","NOT_MONO",NA,"CAN_MONO_INCOMPLETE","Weakly Reject"
NA,"FAA_filterlen33","Coniferales","NOT_MONO",NA,"CAN_MONO_INCOMPLETE","Weakly Reject"
NA,"FAA_filterlen33","Coniferales","NOT_MONO",NA,"CAN_MONO_INCOMPLETE","Weakly Reject"
NA,"FAA_filterlen33","Coniferales","NO_CLADE",NA,"NO_CLADE","Missing"
NA,"FAA_filterlen33","Coniferales","NO_CLADE",NA,"NO_CLADE","Missing"
NA,"FAA_filterlen33","Coniferales","IS_MONO_INCOMPLETE",99,"IS_MONO_INCOMPLETE","Strongly Supported"
NA,"FAA_filterlen33","Coniferales","NOT_MONO",NA,"CAN_MONO_INCOMPLETE","Weakly Reject"
NA,"FAA_filterlen33","Coniferales","NO_CLADE",NA,"NO_CLADE","Missing"
NA,"FAA_filterlen33","Coniferales","NOT_MONO",NA,"CAN_MONO_INCOMPLETE","Weakly Reject"
NA,"FAA_filterlen33","Coniferales","NOT_MONO",NA,"CAN_MONO","Weakly Reject"
NA,"FAA_filterlen33","Coniferales","IS_MONO_INCOMPLETE",100,"IS_MONO_INCOMPLETE","Strongly Supported"
NA,"FAA_filterlen33","Coniferales","NOT_MONO",NA,"CAN_MONO","Weakly Reject"
NA,"FAA_filterlen33","Coniferales","NO_CLADE",NA,"NO_CLADE","Missing"
NA,"FAA_filterlen33","Coniferales","NOT_MONO",NA,"CAN_MONO","Weakly Reject"
NA,"FAA_filterlen33","Coniferales","NOT_MONO",NA,"CAN_MONO_INCOMPLETE","Weakly Reject"
NA,"FAA_filterlen33","Coniferales","IS_MONO_INCOMPLETE",73,"CAN_MONO_INCOMPLETE","Weakly Supported"
NA,"FAA_filterlen33","Coniferales","IS_MONO_INCOMPLETE",100,"IS_MONO_INCOMPLETE","Strongly Supported"
NA,"FAA_filterlen33","Coniferales","NOT_MONO",NA,"NOT_MONO","Strongly Reject"
NA,"FAA_filterlen33","Coniferales","NO_CLADE",NA,"NO_CLADE","Missing"
NA,"FAA_filterlen33","Coniferales","NOT_MONO",NA,"CAN_MONO_INCOMPLETE","Weakly Reject"
NA,"FAA_filterlen33","Coniferales","NOT_MONO",NA,"CAN_MONO_INCOMPLETE","Weakly Reject"
NA,"FAA_filterlen33","Coniferales","IS_MONO_INCOMPLETE",95,"IS_MONO_INCOMPLETE","Strongly Supported"
NA,"FAA_filterlen33","Coniferales","NOT_MONO",NA,"CAN_MONO_INCOMPLETE","Weakly Reject"
NA,"FAA_filterlen33","Coniferales","NOT_MONO",NA,"NOT_MONO","Strongly Reject"
NA,"FAA_filterlen33","Coniferales","NOT_MONO",NA,"CAN_MONO","Weakly Reject"
NA,"FAA_filterlen33","Coniferales","IS_MONO_INCOMPLETE",78,"IS_MONO_INCOMPLETE","Strongly Supported"
NA,"FAA_filterlen33","Coniferales","NO_CLADE",NA,"NO_CLADE","Missing"
NA,"FAA_filterlen33","Coniferales","NOT_MONO",NA,"CAN_MONO_INCOMPLETE","Weakly Reject"
NA,"FAA_filterlen33","Coniferales","NOT_MONO",NA,"NOT_MONO","Strongly Reject"
NA,"FAA_filterlen33","Coniferales","NOT_MONO",NA,"CAN_MONO_INCOMPLETE","Weakly Reject"
NA,"FAA_filterlen33","Coniferales","NOT_MONO",NA,"CAN_MONO","Weakly Reject"
NA,"FAA_filterlen33","Coniferales","NO_CLADE",NA,"NO_CLADE","Missing"
NA,"FAA_filterlen33","Coniferales","NOT_MONO",NA,"CAN_MONO","Weakly Reject"
NA,"FAA_filterlen33","Coniferales","NOT_MONO",NA,"CAN_MONO_INCOMPLETE","Weakly Reject"
NA,"FAA_filterlen33","Coniferales","NOT_MONO",NA,"CAN_MONO_INCOMPLETE","Weakly Reject"
NA,"FAA_filterlen33","Coniferales","NOT_MONO",NA,"CAN_MONO_INCOMPLETE","Weakly Reject"
NA,"FAA_filterlen33","Coniferales","IS_MONO_INCOMPLETE",100,"IS_MONO_INCOMPLETE","Strongly Supported"
NA,"FAA_filterlen33","Coniferales","NOT_MONO",NA,"NOT_MONO","Strongly Reject"
NA,"FAA_filterlen33","Coniferales","NOT_MONO",NA,"CAN_MONO_INCOMPLETE","Weakly Reject"
NA,"FAA_filterlen33","Coniferales","IS_MONO_INCOMPLETE",32,"CAN_MONO_INCOMPLETE","Weakly Supported"
NA,"FAA_filterlen33","Coniferales","NOT_MONO",NA,"CAN_MONO_INCOMPLETE","Weakly Reject"
NA,"FAA_filterlen33","Coniferales","NOT_MONO",NA,"NOT_MONO","Strongly Reject"
NA,"FAA_filterlen33","Coniferales","NOT_MONO",NA,"CAN_MONO_INCOMPLETE","Weakly Reject"
NA,"FAA_filterlen33","Coniferales","NOT_MONO",NA,"CAN_MONO_INCOMPLETE","Weakly Reject"
NA,"FAA_filterlen33","Coniferales","NOT_MONO",NA,"NOT_MONO","Strongly Reject"
NA,"FAA_filterlen33","Coniferales","IS_MONO_INCOMPLETE",95,"IS_MONO_INCOMPLETE","Strongly Supported"
NA,"FAA_filterlen33","Coniferales","NO_CLADE",NA,"NO_CLADE","Missing"
NA,"FAA_filterlen33","Coniferales","NOT_MONO",NA,"NOT_MONO","Strongly Reject"
NA,"FAA_filterlen33","Coniferales","NOT_MONO",NA,"CAN_MONO_INCOMPLETE","Weakly Reject"
NA,"FAA_filterlen33","Coniferales","NOT_MONO",NA,"CAN_MONO_INCOMPLETE","Weakly Reject"
NA,"FAA_filterlen33","Coniferales","NO_CLADE",NA,"NO_CLADE","Missing"
NA,"FAA_filterlen33","Coniferales","NOT_MONO",NA,"CAN_MONO_INCOMPLETE","Weakly Reject"
NA,"FAA_filterlen33","Coniferales","NO_CLADE",NA,"NO_CLADE","Missing"
NA,"FAA_filterlen33","Coniferales","NOT_MONO",NA,"CAN_MONO_INCOMPLETE","Weakly Reject"
NA,"FAA_filterlen33","Coniferales","NOT_MONO",NA,"CAN_MONO_INCOMPLETE","Weakly Reject"
NA,"FAA_filterlen33","Coniferales","IS_MONO_INCOMPLETE",59,"CAN_MONO_INCOMPLETE","Weakly Supported"
NA,"FAA_filterlen33","Coniferales","IS_MONO_INCOMPLETE",99,"IS_MONO_INCOMPLETE","Strongly Supported"
NA,"FAA_filterlen33","Coniferales","NOT_MONO",NA,"CAN_MONO","Weakly Reject"
NA,"FAA_filterlen33","Coniferales","NO_CLADE",NA,"NO_CLADE","Missing"
NA,"FAA_filterlen33","Coniferales","NO_CLADE",NA,"NO_CLADE","Missing"
NA,"FAA_filterlen33","Coniferales","NO_CLADE",NA,"NO_CLADE","Missing"
NA,"FAA_filterlen33","Coniferales","NOT_MONO",NA,"CAN_MONO","Weakly Reject"
NA,"FAA_filterlen33","Coniferales","NO_CLADE",NA,"NO_CLADE","Missing"
NA,"FAA_filterlen33","Coniferales","NOT_MONO",NA,"NOT_MONO","Strongly Reject"
NA,"FAA_filterlen33","Coniferales","NO_CLADE",NA,"NO_CLADE","Missing"
NA,"FAA_filterlen33","Coniferales","NO_CLADE",NA,"NO_CLADE","Missing"
NA,"FAA_filterlen33","Coniferales","NOT_MONO",NA,"CAN_MONO_INCOMPLETE","Weakly Reject"
NA,"FAA_filterlen33","Coniferales","NOT_MONO",NA,"CAN_MONO_INCOMPLETE","Weakly Reject"
NA,"FAA_filterlen33","Coniferales","NOT_MONO",NA,"CAN_MONO_INCOMPLETE","Weakly Reject"
NA,"FAA_filterlen33","Coniferales","NOT_MONO",NA,"CAN_MONO_INCOMPLETE","Weakly Reject"
NA,"FAA_filterlen33","Coniferales","IS_MONO_INCOMPLETE",66,"CAN_MONO_INCOMPLETE","Weakly Supported"
NA,"FAA_filterlen33","Coniferales","NOT_MONO",NA,"CAN_MONO","Weakly Reject"
NA,"FAA_filterlen33","Coniferales","IS_MONO_INCOMPLETE",59,"CAN_MONO_INCOMPLETE","Weakly Supported"
NA,"FAA_filterlen33","Coniferales","IS_MONO_INCOMPLETE",68,"CAN_MONO_INCOMPLETE","Weakly Supported"
NA,"FAA_filterlen33","Coniferales","NO_CLADE",NA,"NO_CLADE","Missing"
NA,"FAA_filterlen33","Coniferales","IS_MONO_INCOMPLETE",85,"IS_MONO_INCOMPLETE","Strongly Supported"
NA,"FAA_filterlen33","Coniferales","IS_MONO_INCOMPLETE",90,"IS_MONO_INCOMPLETE","Strongly Supported"
NA,"FAA_filterlen33","Coniferales","NOT_MONO",NA,"CAN_MONO_INCOMPLETE","Weakly Reject"
NA,"FAA_filterlen33","Coniferales","NOT_MONO",NA,"CAN_MONO_INCOMPLETE","Weakly Reject"
NA,"FAA_filterlen33","Coniferales","IS_MONO_INCOMPLETE",54,"CAN_MONO_INCOMPLETE","Weakly Supported"
NA,"FAA_filterlen33","Coniferales","NOT_MONO",NA,"CAN_MONO_INCOMPLETE","Weakly Reject"
NA,"FAA_filterlen33","Coniferales","NO_CLADE",NA,"NO_CLADE","Missing"
NA,"FAA_filterlen33","Coniferales","NO_CLADE",NA,"NO_CLADE","Missing"
NA,"FAA_filterlen33","Coniferales","NOT_MONO",NA,"CAN_MONO","Weakly Reject"
NA,"FAA_filterlen33","Coniferales","IS_MONO_INCOMPLETE",91,"IS_MONO_INCOMPLETE","Strongly Supported"
NA,"FAA_filterlen33","Coniferales","IS_MONO_INCOMPLETE",72,"CAN_MONO_INCOMPLETE","Weakly Supported"
NA,"FAA_filterlen33","Coniferales","NOT_MONO",NA,"CAN_MONO","Weakly Reject"
NA,"FAA_filterlen33","Coniferales","IS_MONO_INCOMPLETE",64,"CAN_MONO_INCOMPLETE","Weakly Supported"
NA,"FAA_filterlen33","Coniferales","NOT_MONO",NA,"CAN_MONO_INCOMPLETE","Weakly Reject"
NA,"FAA_filterlen33","Coniferales","NOT_MONO",NA,"CAN_MONO","Weakly Reject"
NA,"FAA_filterlen33","Coniferales","IS_MONO_INCOMPLETE",74,"CAN_MONO_INCOMPLETE","Weakly Supported"
NA,"FAA_filterlen33","Coniferales","IS_MONO_INCOMPLETE",95,"IS_MONO_INCOMPLETE","Strongly Supported"
NA,"FAA_filterlen33","Coniferales","NOT_MONO",NA,"CAN_MONO_INCOMPLETE","Weakly Reject"
NA,"FAA_filterlen33","Coniferales","IS_MONO_INCOMPLETE",95,"IS_MONO_INCOMPLETE","Strongly Supported"
NA,"FAA_filterlen33","Coniferales","NOT_MONO",NA,"NOT_MONO","Strongly Reject"
NA,"FAA_filterlen33","Coniferales","IS_MONO_INCOMPLETE",25,"CAN_MONO_INCOMPLETE","Weakly Supported"
NA,"FAA_filterlen33","Coniferales","IS_MONO",29,"CAN_MONO","Weakly Supported"
NA,"FAA_filterlen33","Coniferales","NOT_MONO",NA,"CAN_MONO_INCOMPLETE","Weakly Reject"
NA,"FAA_filterlen33","Coniferales","NO_CLADE",NA,"NO_CLADE","Missing"
NA,"FAA_filterlen33","Coniferales","NOT_MONO",NA,"CAN_MONO","Weakly Reject"
NA,"FAA_filterlen33","Coniferales","NO_CLADE",NA,"NO_CLADE","Missing"
NA,"FAA_filterlen33","Coniferales","NO_CLADE",NA,"NO_CLADE","Missing"
NA,"FAA_filterlen33","Coniferales","NOT_MONO",NA,"CAN_MONO_INCOMPLETE","Weakly Reject"
NA,"FAA_filterlen33","Coniferales","NOT_MONO",NA,"CAN_MONO_INCOMPLETE","Weakly Reject"
NA,"FAA_filterlen33","Coniferales","IS_MONO",82,"IS_MONO","Strongly Supported"
NA,"FAA_filterlen33","Coniferales","NO_CLADE",NA,"NO_CLADE","Missing"
NA,"FAA_filterlen33","Coniferales","IS_MONO_INCOMPLETE",48,"CAN_MONO_INCOMPLETE","Weakly Supported"
NA,"FAA_filterlen33","Coniferales","NO_CLADE",NA,"NO_CLADE","Missing"
NA,"FAA_filterlen33","Coniferales","NOT_MONO",NA,"NOT_MONO","Strongly Reject"
NA,"FAA_filterlen33","Coniferales","NOT_MONO",NA,"CAN_MONO","Weakly Reject"
NA,"FAA_filterlen33","Coniferales","NO_CLADE",NA,"NO_CLADE","Missing"
NA,"FAA_filterlen33","Coniferales","NOT_MONO",NA,"NOT_MONO","Strongly Reject"
NA,"FAA_filterlen33","Coniferales","NOT_MONO",NA,"CAN_MONO","Weakly Reject"
NA,"FAA_filterlen33","Coniferales","IS_MONO_INCOMPLETE",7,"CAN_MONO_INCOMPLETE","Weakly Supported"
NA,"FAA_filterlen33","Coniferales","NOT_MONO",NA,"CAN_MONO_INCOMPLETE","Weakly Reject"
NA,"FAA_filterlen33","Coniferales","IS_MONO_INCOMPLETE",70,"CAN_MONO_INCOMPLETE","Weakly Supported"
NA,"FAA_filterlen33","Coniferales","IS_MONO",90,"IS_MONO","Strongly Supported"
NA,"FAA_filterlen33","Coniferales","IS_MONO_INCOMPLETE",79,"IS_MONO_INCOMPLETE","Strongly Supported"
NA,"FAA_filterlen33","Coniferales","IS_MONO_INCOMPLETE",66,"CAN_MONO_INCOMPLETE","Weakly Supported"
NA,"FAA_filterlen33","Coniferales","NO_CLADE",NA,"NO_CLADE","Missing"
NA,"FAA_filterlen33","Coniferales","IS_MONO_INCOMPLETE",57,"CAN_MONO_INCOMPLETE","Weakly Supported"
NA,"FAA_filterlen33","Coniferales","NO_CLADE",NA,"NO_CLADE","Missing"
NA,"FAA_filterlen33","Coniferales","NOT_MONO",NA,"CAN_MONO_INCOMPLETE","Weakly Reject"
NA,"FAA_filterlen33","Coniferales","IS_MONO_INCOMPLETE",83,"IS_MONO_INCOMPLETE","Strongly Supported"
NA,"FAA_filterlen33","Coniferales","IS_MONO_INCOMPLETE",90,"IS_MONO_INCOMPLETE","Strongly Supported"
NA,"FAA_filterlen33","Coniferales","NOT_MONO",NA,"CAN_MONO","Weakly Reject"
NA,"FAA_filterlen33","Coniferales","NO_CLADE",NA,"NO_CLADE","Missing"
NA,"FAA_filterlen33","Coniferales","NOT_MONO",NA,"NOT_MONO","Strongly Reject"
NA,"FAA_filterlen33","Coniferales","NO_CLADE",NA,"NO_CLADE","Missing"
NA,"FAA_filterlen33","Coniferales","NOT_MONO",NA,"CAN_MONO_INCOMPLETE","Weakly Reject"
NA,"FAA_filterlen33","Coniferales","IS_MONO_INCOMPLETE",47,"CAN_MONO_INCOMPLETE","Weakly Supported"
NA,"FAA_filterlen33","Coniferales","NOT_MONO",NA,"CAN_MONO_INCOMPLETE","Weakly Reject"
NA,"FAA_filterlen33","Coniferales","NOT_MONO",NA,"CAN_MONO","Weakly Reject"
NA,"FAA_filterlen33","Coniferales","IS_MONO",36,"CAN_MONO","Weakly Supported"
NA,"FAA_filterlen33","Coniferales","NO_CLADE",NA,"NO_CLADE","Missing"
NA,"FAA_filterlen33","Coniferales","NO_CLADE",NA,"NO_CLADE","Missing"
NA,"FAA_filterlen33","Coniferales","IS_MONO_INCOMPLETE",95,"IS_MONO_INCOMPLETE","Strongly Supported"
NA,"FAA_filterlen33","Coniferales","NOT_MONO",NA,"CAN_MONO_INCOMPLETE","Weakly Reject"
NA,"FAA_filterlen33","Coniferales","IS_MONO_INCOMPLETE",69,"CAN_MONO_INCOMPLETE","Weakly Supported"
NA,"FAA_filterlen33","Coniferales","NOT_MONO",NA,"CAN_MONO_INCOMPLETE","Weakly Reject"
NA,"FAA_filterlen33","Coniferales","NO_CLADE",NA,"NO_CLADE","Missing"
NA,"FAA_filterlen33","Coniferales","NOT_MONO",NA,"CAN_MONO_INCOMPLETE","Weakly Reject"
NA,"FAA_filterlen33","Coniferales","NO_CLADE",NA,"NO_CLADE","Missing"
NA,"FAA_filterlen33","Coniferales","NOT_MONO",NA,"CAN_MONO_INCOMPLETE","Weakly Reject"
NA,"FAA_filterlen33","Coniferales","NOT_MONO",NA,"CAN_MONO","Weakly Reject"
NA,"FAA_filterlen33","Coniferales","IS_MONO_INCOMPLETE",95,"IS_MONO_INCOMPLETE","Strongly Supported"
NA,"FAA_filterlen33","Coniferales","NOT_MONO",NA,"CAN_MONO","Weakly Reject"
NA,"FAA_filterlen33","Coniferales","NOT_MONO",NA,"CAN_MONO","Weakly Reject"
NA,"FAA_filterlen33","Coniferales","NOT_MONO",NA,"CAN_MONO_INCOMPLETE","Weakly Reject"
NA,"FAA_filterlen33","Coniferales","IS_MONO_INCOMPLETE",73,"CAN_MONO_INCOMPLETE","Weakly Supported"
NA,"FAA_filterlen33","Coniferales","NOT_MONO",NA,"CAN_MONO_INCOMPLETE","Weakly Reject"
NA,"FAA_filterlen33","Coniferales","NOT_MONO",NA,"NOT_MONO","Strongly Reject"
NA,"FAA_filterlen33","Coniferales","NOT_MONO",NA,"CAN_MONO_INCOMPLETE","Weakly Reject"
NA,"FAA_filterlen33","Coniferales","IS_MONO_INCOMPLETE",99,"IS_MONO_INCOMPLETE","Strongly Supported"
NA,"FAA_filterlen33","Coniferales","NO_CLADE",NA,"NO_CLADE","Missing"
NA,"FAA_filterlen33","Coniferales","NO_CLADE",NA,"NO_CLADE","Missing"
NA,"FAA_filterlen33","Coniferales","NOT_MONO",NA,"CAN_MONO_INCOMPLETE","Weakly Reject"
NA,"FAA_filterlen33","Coniferales","IS_MONO",59,"CAN_MONO","Weakly Supported"
NA,"FAA_filterlen33","Coniferales","IS_MONO_INCOMPLETE",80,"IS_MONO_INCOMPLETE","Strongly Supported"
NA,"FAA_filterlen33","Coniferales","IS_MONO_INCOMPLETE",61,"CAN_MONO_INCOMPLETE","Weakly Supported"
NA,"FAA_filterlen33","Coniferales","NO_CLADE",NA,"NO_CLADE","Missing"
NA,"FAA_filterlen33","Coniferales","NOT_MONO",NA,"CAN_MONO_INCOMPLETE","Weakly Reject"
NA,"FAA_filterlen33","Coniferales","NO_CLADE",NA,"NO_CLADE","Missing"
NA,"FAA_filterlen33","Coniferales","IS_MONO_INCOMPLETE",97,"IS_MONO_INCOMPLETE","Strongly Supported"
NA,"FAA_filterlen33","Coniferales","NOT_MONO",NA,"CAN_MONO","Weakly Reject"
NA,"FAA_filterlen33","Coniferales","IS_MONO_INCOMPLETE",92,"IS_MONO_INCOMPLETE","Strongly Supported"
NA,"FAA_filterlen33","Coniferales","NOT_MONO",NA,"CAN_MONO_INCOMPLETE","Weakly Reject"
NA,"FAA_filterlen33","Coniferales","IS_MONO",99,"IS_MONO","Strongly Supported"
NA,"FAA_filterlen33","Coniferales","IS_MONO_INCOMPLETE",33,"CAN_MONO_INCOMPLETE","Weakly Supported"
NA,"FAA_filterlen33","Coniferales","NOT_MONO",NA,"CAN_MONO_INCOMPLETE","Weakly Reject"
NA,"FAA_filterlen33","Coniferales","NOT_MONO",NA,"CAN_MONO_INCOMPLETE","Weakly Reject"
NA,"FAA_filterlen33","Coniferales","IS_MONO",59,"CAN_MONO","Weakly Supported"
NA,"FAA_filterlen33","Coniferales","NOT_MONO",NA,"CAN_MONO_INCOMPLETE","Weakly Reject"
NA,"FAA_filterlen33","Coniferales","NOT_MONO",NA,"CAN_MONO_INCOMPLETE","Weakly Reject"
NA,"FAA_filterlen33","Coniferales","IS_MONO_INCOMPLETE",55,"CAN_MONO_INCOMPLETE","Weakly Supported"
NA,"FAA_filterlen33","Coniferales","NOT_MONO",NA,"CAN_MONO_INCOMPLETE","Weakly Reject"
NA,"FAA_filterlen33","Coniferales","NO_CLADE",NA,"NO_CLADE","Missing"
NA,"FAA_filterlen33","Coniferales","NOT_MONO",NA,"CAN_MONO_INCOMPLETE","Weakly Reject"
NA,"FAA_filterlen33","Coniferales","IS_MONO_INCOMPLETE",65,"CAN_MONO_INCOMPLETE","Weakly Supported"
NA,"FAA_filterlen33","Coniferales","NOT_MONO",NA,"CAN_MONO","Weakly Reject"
NA,"FAA_filterlen33","Coniferales","NOT_MONO",NA,"CAN_MONO","Weakly Reject"
NA,"FAA_filterlen33","Coniferales","IS_MONO_INCOMPLETE",100,"IS_MONO_INCOMPLETE","Strongly Supported"
NA,"FAA_filterlen33","Coniferales","IS_MONO",34,"CAN_MONO","Weakly Supported"
NA,"FAA_filterlen33","Coniferales","NOT_MONO",NA,"CAN_MONO_INCOMPLETE","Weakly Reject"
NA,"FAA_filterlen33","Coniferales","NO_CLADE",NA,"NO_CLADE","Missing"
NA,"FAA_filterlen33","Coniferales","NOT_MONO",NA,"CAN_MONO_INCOMPLETE","Weakly Reject"
NA,"FAA_filterlen33","Coniferales","IS_MONO_INCOMPLETE",97,"IS_MONO_INCOMPLETE","Strongly Supported"
NA,"FAA_filterlen33","Coniferales","NO_CLADE",NA,"NO_CLADE","Missing"
NA,"FAA_filterlen33","Coniferales","IS_MONO_INCOMPLETE",90,"IS_MONO_INCOMPLETE","Strongly Supported"
NA,"FAA_filterlen33","Coniferales","NO_CLADE",NA,"NO_CLADE","Missing"
NA,"FAA_filterlen33","Coniferales","NO_CLADE",NA,"NO_CLADE","Missing"
NA,"FAA_filterlen33","Coniferales","IS_MONO_INCOMPLETE",94,"IS_MONO_INCOMPLETE","Strongly Supported"
NA,"FAA_filterlen33","Coniferales","IS_MONO_INCOMPLETE",100,"IS_MONO_INCOMPLETE","Strongly Supported"
NA,"FAA_filterlen33","Coniferales","IS_MONO_INCOMPLETE",66,"CAN_MONO_INCOMPLETE","Weakly Supported"
NA,"FAA_filterlen33","Coniferales","IS_MONO_INCOMPLETE",100,"IS_MONO_INCOMPLETE","Strongly Supported"
NA,"FAA_filterlen33","Coniferales","IS_MONO_INCOMPLETE",88,"IS_MONO_INCOMPLETE","Strongly Supported"
NA,"FAA_filterlen33","Coniferales","IS_MONO",45,"CAN_MONO","Weakly Supported"
NA,"FAA_filterlen33","Coniferales","IS_MONO_INCOMPLETE",90,"IS_MONO_INCOMPLETE","Strongly Supported"
NA,"FAA_filterlen33","Coniferales","IS_MONO_INCOMPLETE",42,"CAN_MONO_INCOMPLETE","Weakly Supported"
NA,"FAA_filterlen33","Coniferales","NOT_MONO",NA,"NOT_MONO","Strongly Reject"
NA,"FAA_filterlen33","Coniferales","NOT_MONO",NA,"CAN_MONO_INCOMPLETE","Weakly Reject"
NA,"FAA_filterlen33","Coniferales","NO_CLADE",NA,"NO_CLADE","Missing"
NA,"FAA_filterlen33","Coniferales","NO_CLADE",NA,"NO_CLADE","Missing"
NA,"FAA_filterlen33","Coniferales","NO_CLADE",NA,"NO_CLADE","Missing"
NA,"FAA_filterlen33","Coniferales","NO_CLADE",NA,"NO_CLADE","Missing"
NA,"FAA_filterlen33","Coniferales","NOT_MONO",NA,"CAN_MONO_INCOMPLETE","Weakly Reject"
NA,"FAA_filterlen33","Coniferales","NOT_MONO",NA,"CAN_MONO_INCOMPLETE","Weakly Reject"
NA,"FAA_filterlen33","Coniferales","NOT_MONO",NA,"CAN_MONO_INCOMPLETE","Weakly Reject"
NA,"FAA_filterlen33","Coniferales","NOT_MONO",NA,"CAN_MONO_INCOMPLETE","Weakly Reject"
NA,"FAA_filterlen33","Coniferales","NOT_MONO",NA,"CAN_MONO_INCOMPLETE","Weakly Reject"
NA,"FAA_filterlen33","Coniferales","IS_MONO_INCOMPLETE",95,"IS_MONO_INCOMPLETE","Strongly Supported"
NA,"FAA_filterlen33","Coniferales","IS_MONO_INCOMPLETE",87,"IS_MONO_INCOMPLETE","Strongly Supported"
NA,"FAA_filterlen33","Coniferales","NOT_MONO",NA,"CAN_MONO_INCOMPLETE","Weakly Reject"
NA,"FAA_filterlen33","Coniferales","NOT_MONO",NA,"CAN_MONO_INCOMPLETE","Weakly Reject"
NA,"FAA_filterlen33","Coniferales","NOT_MONO",NA,"CAN_MONO_INCOMPLETE","Weakly Reject"
NA,"FAA_filterlen33","Coniferales","NOT_MONO",NA,"CAN_MONO","Weakly Reject"
NA,"FAA_filterlen33","Coniferales","NOT_MONO",NA,"CAN_MONO_INCOMPLETE","Weakly Reject"
NA,"FAA_filterlen33","Coniferales","IS_MONO_INCOMPLETE",95,"IS_MONO_INCOMPLETE","Strongly Supported"
NA,"FAA_filterlen33","Coniferales","IS_MONO_INCOMPLETE",100,"IS_MONO_INCOMPLETE","Strongly Supported"
NA,"FAA_filterlen33","Coniferales","IS_MONO_INCOMPLETE",71,"CAN_MONO_INCOMPLETE","Weakly Supported"
NA,"FAA_filterlen33","Coniferales","IS_MONO_INCOMPLETE",87,"IS_MONO_INCOMPLETE","Strongly Supported"
NA,"FAA_filterlen33","Coniferales","NO_CLADE",NA,"NO_CLADE","Missing"
NA,"FAA_filterlen33","Coniferales","NO_CLADE",NA,"NO_CLADE","Missing"
NA,"FAA_filterlen33","Coniferales","IS_MONO_INCOMPLETE",50,"CAN_MONO_INCOMPLETE","Weakly Supported"
NA,"FAA_filterlen33","Coniferales","NOT_MONO",NA,"CAN_MONO","Weakly Reject"
NA,"FAA_filterlen33","Coniferales","NOT_MONO",NA,"CAN_MONO_INCOMPLETE","Weakly Reject"
NA,"FAA_filterlen33","Coniferales","NO_CLADE",NA,"NO_CLADE","Missing"
NA,"FAA_filterlen33","Coniferales","NOT_MONO",NA,"CAN_MONO_INCOMPLETE","Weakly Reject"
NA,"FAA_filterlen33","Coniferales","NOT_MONO",NA,"NOT_MONO","Strongly Reject"
NA,"FAA_filterlen33","Coniferales","NOT_MONO",NA,"CAN_MONO_INCOMPLETE","Weakly Reject"
NA,"FAA_filterlen33","Coniferales","IS_MONO_INCOMPLETE",69,"CAN_MONO_INCOMPLETE","Weakly Supported"
NA,"FAA_filterlen33","Coniferales","NO_CLADE",NA,"NO_CLADE","Missing"
NA,"FAA_filterlen33","Coniferales","NOT_MONO",NA,"CAN_MONO_INCOMPLETE","Weakly Reject"
NA,"FAA_filterlen33","Coniferales","NOT_MONO",NA,"CAN_MONO_INCOMPLETE","Weakly Reject"
NA,"FAA_filterlen33","Coniferales","NO_CLADE",NA,"NO_CLADE","Missing"
NA,"FAA_filterlen33","Coniferales","NOT_MONO",NA,"CAN_MONO_INCOMPLETE","Weakly Reject"
NA,"FAA_filterlen33","Coniferales","NOT_MONO",NA,"CAN_MONO_INCOMPLETE","Weakly Reject"
NA,"FAA_filterlen33","Coniferales","NOT_MONO",NA,"CAN_MONO_INCOMPLETE","Weakly Reject"
NA,"FAA_filterlen33","Coniferales","NO_CLADE",NA,"NO_CLADE","Missing"
NA,"FAA_filterlen33","Coniferales","NOT_MONO",NA,"NOT_MONO","Strongly Reject"
NA,"FAA_filterlen33","Coniferales","IS_MONO_INCOMPLETE",28,"CAN_MONO_INCOMPLETE","Weakly Supported"
NA,"FAA_filterlen33","Coniferales","NO_CLADE",NA,"NO_CLADE","Missing"
NA,"FAA_filterlen33","Coniferales","NOT_MONO",NA,"NOT_MONO","Strongly Reject"
NA,"FAA_filterlen33","Coniferales","CAN_MONO_INCOMPLETE",NA,"CAN_MONO_INCOMPLETE","Weakly Reject"
NA,"FAA_filterlen33","Coniferales","IS_MONO_INCOMPLETE",21,"CAN_MONO_INCOMPLETE","Weakly Supported"
NA,"FAA_filterlen33","Coniferales","NOT_MONO",NA,"CAN_MONO","Weakly Reject"
NA,"FAA_filterlen33","Coniferales","NOT_MONO",NA,"CAN_MONO_INCOMPLETE","Weakly Reject"
NA,"FAA_filterlen33","Coniferales","NOT_MONO",NA,"CAN_MONO","Weakly Reject"
NA,"FAA_filterlen33","Coniferales","NO_CLADE",NA,"NO_CLADE","Missing"
NA,"FAA_filterlen33","Coniferales","CAN_MONO_INCOMPLETE",NA,"CAN_MONO_INCOMPLETE","Weakly Reject"
NA,"FAA_filterlen33","Coniferales","NO_CLADE",NA,"NO_CLADE","Missing"
NA,"FAA_filterlen33","Coniferales","NO_CLADE",NA,"NO_CLADE","Missing"
NA,"FAA_filterlen33","Coniferales","NO_CLADE",NA,"NO_CLADE","Missing"
NA,"FAA_filterlen33","Coniferales","IS_MONO_INCOMPLETE",83,"IS_MONO_INCOMPLETE","Strongly Supported"
NA,"FAA_filterlen33","Coniferales","IS_MONO_INCOMPLETE",20,"CAN_MONO_INCOMPLETE","Weakly Supported"
NA,"FAA_filterlen33","Coniferales","IS_MONO_INCOMPLETE",100,"IS_MONO_INCOMPLETE","Strongly Supported"
NA,"FAA_filterlen33","Coniferales","NO_CLADE",NA,"NO_CLADE","Missing"
NA,"FAA_filterlen33","Coniferales","NO_CLADE",NA,"NO_CLADE","Missing"
NA,"FAA_filterlen33","Coniferales","NOT_MONO",NA,"CAN_MONO_INCOMPLETE","Weakly Reject"
NA,"FAA_filterlen33","Coniferales","IS_MONO_INCOMPLETE",66,"CAN_MONO_INCOMPLETE","Weakly Supported"
NA,"FAA_filterlen33","Coniferales","IS_MONO_INCOMPLETE",100,"IS_MONO_INCOMPLETE","Strongly Supported"
NA,"FAA_filterlen33","Coniferales","NO_CLADE",NA,"NO_CLADE","Missing"
NA,"FAA_filterlen33","Coniferales","NOT_MONO",NA,"CAN_MONO_INCOMPLETE","Weakly Reject"
NA,"FAA_filterlen33","Coniferales","NOT_MONO",NA,"CAN_MONO","Weakly Reject"
NA,"FAA_filterlen33","Coniferales","IS_MONO_INCOMPLETE",58,"CAN_MONO_INCOMPLETE","Weakly Supported"
NA,"FAA_filterlen33","Coniferales","IS_MONO_INCOMPLETE",77,"IS_MONO_INCOMPLETE","Strongly Supported"
NA,"FAA_filterlen33","Coniferales","NOT_MONO",NA,"CAN_MONO_INCOMPLETE","Weakly Reject"
NA,"FAA_filterlen33","Coniferales","IS_MONO_INCOMPLETE",93,"IS_MONO_INCOMPLETE","Strongly Supported"
NA,"FAA_filterlen33","Coniferales","NOT_MONO",NA,"CAN_MONO","Weakly Reject"
NA,"FAA_filterlen33","Coniferales","NOT_MONO",NA,"CAN_MONO_INCOMPLETE","Weakly Reject"
NA,"FAA_filterlen33","Coniferales","NO_CLADE",NA,"NO_CLADE","Missing"
NA,"FAA_filterlen33","Coniferales","IS_MONO_INCOMPLETE",21,"CAN_MONO_INCOMPLETE","Weakly Supported"
NA,"FAA_filterlen33","Coniferales","IS_MONO",56,"CAN_MONO","Weakly Supported"
NA,"FAA_filterlen33","Coniferales","NOT_MONO",NA,"CAN_MONO_INCOMPLETE","Weakly Reject"
NA,"FAA_filterlen33","Coniferales","NO_CLADE",NA,"NO_CLADE","Missing"
NA,"FAA_filterlen33","Coniferales","NO_CLADE",NA,"NO_CLADE","Missing"
NA,"FAA_filterlen33","Coniferales","NO_CLADE",NA,"NO_CLADE","Missing"
NA,"FAA_filterlen33","Coniferales","IS_MONO_INCOMPLETE",100,"IS_MONO_INCOMPLETE","Strongly Supported"
NA,"FAA_filterlen33","Coniferales","IS_MONO_INCOMPLETE",70,"CAN_MONO_INCOMPLETE","Weakly Supported"
NA,"FAA_filterlen33","Coniferales","IS_MONO_INCOMPLETE",65,"CAN_MONO_INCOMPLETE","Weakly Supported"
NA,"FAA_filterlen33","Coniferales","NOT_MONO",NA,"CAN_MONO_INCOMPLETE","Weakly Reject"
NA,"FAA_filterlen33","Coniferales","NOT_MONO",NA,"CAN_MONO_INCOMPLETE","Weakly Reject"
NA,"FAA_filterlen33","Coniferales","NOT_MONO",NA,"CAN_MONO_INCOMPLETE","Weakly Reject"
NA,"FAA_filterlen33","Coniferales","NOT_MONO",NA,"NOT_MONO","Strongly Reject"
NA,"FAA_filterlen33","Coniferales","IS_MONO_INCOMPLETE",94,"IS_MONO_INCOMPLETE","Strongly Supported"
NA,"FAA_filterlen33","Coniferales","NO_CLADE",NA,"NO_CLADE","Missing"
NA,"FAA_filterlen33","Coniferales","IS_MONO_INCOMPLETE",25,"CAN_MONO_INCOMPLETE","Weakly Supported"
NA,"FAA_filterlen33","Coniferales","NOT_MONO",NA,"CAN_MONO_INCOMPLETE","Weakly Reject"
NA,"FAA_filterlen33","Coniferales","NO_CLADE",NA,"NO_CLADE","Missing"
NA,"FAA_filterlen33","Coniferales","NOT_MONO",NA,"NOT_MONO","Strongly Reject"
NA,"FAA_filterlen33","Coniferales","IS_MONO_INCOMPLETE",50,"CAN_MONO_INCOMPLETE","Weakly Supported"
NA,"FAA_filterlen33","Coniferales","NO_CLADE",NA,"NO_CLADE","Missing"
NA,"FAA_filterlen33","Coniferales","NO_CLADE",NA,"NO_CLADE","Missing"
NA,"FAA_filterlen33","Coniferales","IS_MONO_INCOMPLETE",83,"IS_MONO_INCOMPLETE","Strongly Supported"
NA,"FAA_filterlen33","Coniferales","NO_CLADE",NA,"NO_CLADE","Missing"
NA,"FAA_filterlen33","Coniferales","NOT_MONO",NA,"CAN_MONO_INCOMPLETE","Weakly Reject"
NA,"FAA_filterlen33","Coniferales","NOT_MONO",NA,"CAN_MONO_INCOMPLETE","Weakly Reject"
NA,"FAA_filterlen33","Coniferales","NOT_MONO",NA,"CAN_MONO","Weakly Reject"
NA,"FAA_filterlen33","Coniferales","IS_MONO_INCOMPLETE",28,"CAN_MONO_INCOMPLETE","Weakly Supported"
NA,"FAA_filterlen33","Coniferales","NOT_MONO",NA,"CAN_MONO","Weakly Reject"
NA,"FAA_filterlen33","Coniferales","NO_CLADE",NA,"NO_CLADE","Missing"
NA,"FAA_filterlen33","Coniferales","NO_CLADE",NA,"NO_CLADE","Missing"
NA,"FAA_filterlen33","Coniferales","NOT_MONO",NA,"NOT_MONO","Strongly Reject"
NA,"FAA_filterlen33","Coniferales","NOT_MONO",NA,"CAN_MONO_INCOMPLETE","Weakly Reject"
NA,"FAA_filterlen33","Coniferales","NOT_MONO",NA,"CAN_MONO_INCOMPLETE","Weakly Reject"
NA,"FAA_filterlen33","Coniferales","NOT_MONO",NA,"CAN_MONO_INCOMPLETE","Weakly Reject"
NA,"FAA_filterlen33","Coniferales","NO_CLADE",NA,"NO_CLADE","Missing"
NA,"FAA_filterlen33","Coniferales","NO_CLADE",NA,"NO_CLADE","Missing"
NA,"FAA_filterlen33","Coniferales","NO_CLADE",NA,"NO_CLADE","Missing"
NA,"FAA_filterlen33","Coniferales","NOT_MONO",NA,"CAN_MONO_INCOMPLETE","Weakly Reject"
NA,"FAA_filterlen33","Coniferales","NO_CLADE",NA,"NO_CLADE","Missing"
NA,"FAA_filterlen33","Coniferales","IS_MONO",28,"CAN_MONO","Weakly Supported"
NA,"FAA_filterlen33","Coniferales","NO_CLADE",NA,"NO_CLADE","Missing"
NA,"FAA_filterlen33","Coniferales","IS_MONO_INCOMPLETE",100,"IS_MONO_INCOMPLETE","Strongly Supported"
NA,"FAA_filterlen33","Coniferales","NOT_MONO",NA,"NOT_MONO","Strongly Reject"
NA,"FAA_filterlen33","Coniferales","CAN_MONO_INCOMPLETE",NA,"CAN_MONO_INCOMPLETE","Weakly Reject"
NA,"FAA_filterlen33","Coniferales","NO_CLADE",NA,"NO_CLADE","Missing"
NA,"FAA_filterlen33","Coniferales","NO_CLADE",NA,"NO_CLADE","Missing"
NA,"FAA_filterlen33","Coniferales","IS_MONO_INCOMPLETE",94,"IS_MONO_INCOMPLETE","Strongly Supported"
NA,"FAA_filterlen33","Coniferales","NOT_MONO",NA,"CAN_MONO_INCOMPLETE","Weakly Reject"
NA,"FAA_filterlen33","Coniferales","IS_MONO_INCOMPLETE",100,"IS_MONO_INCOMPLETE","Strongly Supported"
NA,"FAA_filterlen33","Coniferales","NOT_MONO",NA,"CAN_MONO_INCOMPLETE","Weakly Reject"
NA,"FAA_filterlen33","Coniferales","NOT_MONO",NA,"CAN_MONO","Weakly Reject"
NA,"FAA_filterlen33","Coniferales","IS_MONO_INCOMPLETE",92,"IS_MONO_INCOMPLETE","Strongly Supported"
NA,"FAA_filterlen33","Coniferales","IS_MONO_INCOMPLETE",49,"CAN_MONO_INCOMPLETE","Weakly Supported"
NA,"FAA_filterlen33","Coniferales","NOT_MONO",NA,"CAN_MONO","Weakly Reject"
NA,"FAA_filterlen33","Coniferales","IS_MONO_INCOMPLETE",90,"IS_MONO_INCOMPLETE","Strongly Supported"
NA,"FAA_filterlen33","Coniferales","NOT_MONO",NA,"CAN_MONO_INCOMPLETE","Weakly Reject"
NA,"FAA_filterlen33","Coniferales","IS_MONO",50,"CAN_MONO","Weakly Supported"
NA,"FAA_filterlen33","Coniferales","IS_MONO_INCOMPLETE",100,"IS_MONO_INCOMPLETE","Strongly Supported"
NA,"FAA_filterlen33","Coniferales","NOT_MONO",NA,"CAN_MONO_INCOMPLETE","Weakly Reject"
NA,"FAA_filterlen33","Coniferales","NO_CLADE",NA,"NO_CLADE","Missing"
NA,"FAA_filterlen33","Coniferales","NO_CLADE",NA,"NO_CLADE","Missing"
NA,"FAA_filterlen33","Coniferales","NO_CLADE",NA,"NO_CLADE","Missing"
NA,"FAA_filterlen33","Coniferales","IS_MONO_INCOMPLETE",99,"IS_MONO_INCOMPLETE","Strongly Supported"
NA,"FAA_filterlen33","Coniferales","NO_CLADE",NA,"NO_CLADE","Missing"
NA,"FAA_filterlen33","Coniferales","IS_MONO_INCOMPLETE",17,"CAN_MONO_INCOMPLETE","Weakly Supported"
NA,"FAA_filterlen33","Coniferales","IS_MONO_INCOMPLETE",96,"IS_MONO_INCOMPLETE","Strongly Supported"
NA,"FAA_filterlen33","Coniferales","NOT_MONO",NA,"NOT_MONO","Strongly Reject"
NA,"FAA_filterlen33","Coniferales","NOT_MONO",NA,"CAN_MONO_INCOMPLETE","Weakly Reject"
NA,"FAA_filterlen33","Coniferales","NO_CLADE",NA,"NO_CLADE","Missing"
NA,"FAA_filterlen33","Coniferales","IS_MONO_INCOMPLETE",87,"IS_MONO_INCOMPLETE","Strongly Supported"
NA,"FAA_filterlen33","Coniferales","NO_CLADE",NA,"NO_CLADE","Missing"
NA,"FAA_filterlen33","Coniferales","NO_CLADE",NA,"NO_CLADE","Missing"
NA,"FAA_filterlen33","Coniferales","NOT_MONO",NA,"CAN_MONO_INCOMPLETE","Weakly Reject"
NA,"FAA_filterlen33","Coniferales","IS_MONO_INCOMPLETE",73,"CAN_MONO_INCOMPLETE","Weakly Supported"
NA,"FAA_filterlen33","Coniferales","NO_CLADE",NA,"NO_CLADE","Missing"
NA,"FAA_filterlen33","Coniferales","IS_MONO_INCOMPLETE",83,"IS_MONO_INCOMPLETE","Strongly Supported"
NA,"FAA_filterlen33","Coniferales","NOT_MONO",NA,"CAN_MONO_INCOMPLETE","Weakly Reject"
NA,"FAA_filterlen33","Coniferales","IS_MONO_INCOMPLETE",38,"CAN_MONO_INCOMPLETE","Weakly Supported"
NA,"FAA_filterlen33","Coniferales","NO_CLADE",NA,"NO_CLADE","Missing"
NA,"FAA_filterlen33","Coniferales","NOT_MONO",NA,"CAN_MONO_INCOMPLETE","Weakly Reject"
NA,"FAA_filterlen33","Coniferales","IS_MONO_INCOMPLETE",99,"IS_MONO_INCOMPLETE","Strongly Supported"
NA,"FAA_filterlen33","Coniferales","NO_CLADE",NA,"NO_CLADE","Missing"
NA,"FAA_filterlen33","Coniferales","NO_CLADE",NA,"NO_CLADE","Missing"
NA,"FAA_filterlen33","Coniferales","IS_MONO_INCOMPLETE",100,"IS_MONO_INCOMPLETE","Strongly Supported"
NA,"FAA_filterlen33","Coniferales","NO_CLADE",NA,"NO_CLADE","Missing"
NA,"FAA_filterlen33","Coniferales","NOT_MONO",NA,"CAN_MONO_INCOMPLETE","Weakly Reject"
NA,"FAA_filterlen33","Coniferales","NO_CLADE",NA,"NO_CLADE","Missing"
NA,"FAA_filterlen33","Coniferales","IS_MONO_INCOMPLETE",95,"IS_MONO_INCOMPLETE","Strongly Supported"
NA,"FAA_filterlen33","Coniferales","NOT_MONO",NA,"NOT_MONO","Strongly Reject"
NA,"FAA_filterlen33","Coniferales","NO_CLADE",NA,"NO_CLADE","Missing"
NA,"FAA_filterlen33","Coniferales","CAN_MONO_INCOMPLETE",NA,"CAN_MONO_INCOMPLETE","Weakly Reject"
NA,"FAA_filterlen33","Coniferales","CAN_MONO_INCOMPLETE",NA,"CAN_MONO_INCOMPLETE","Weakly Reject"
NA,"FAA_filterlen33","Coniferales","NO_CLADE",NA,"NO_CLADE","Missing"
NA,"FAA_filterlen33","Coniferales","NOT_MONO",NA,"CAN_MONO_INCOMPLETE","Weakly Reject"
NA,"FAA_filterlen33","Coniferales","NOT_MONO",NA,"CAN_MONO_INCOMPLETE","Weakly Reject"
NA,"FAA_filterlen33","Coniferales","NO_CLADE",NA,"NO_CLADE","Missing"
NA,"FAA_filterlen33","Coniferales","NO_CLADE",NA,"NO_CLADE","Missing"
NA,"FAA_filterlen33","Coniferales","NO_CLADE",NA,"NO_CLADE","Missing"
NA,"FAA_filterlen33","Coniferales","NOT_MONO",NA,"CAN_MONO_INCOMPLETE","Weakly Reject"
NA,"FAA_filterlen33","Coniferales","NOT_MONO",NA,"NOT_MONO","Strongly Reject"
NA,"FAA_filterlen33","Coniferales","NO_CLADE",NA,"NO_CLADE","Missing"
NA,"FAA_filterlen33","Coniferales","IS_MONO_INCOMPLETE",44,"CAN_MONO_INCOMPLETE","Weakly Supported"
NA,"FAA_filterlen33","Coniferales","NO_CLADE",NA,"NO_CLADE","Missing"
NA,"FAA_filterlen33","Coniferales","NOT_MONO",NA,"CAN_MONO_INCOMPLETE","Weakly Reject"
NA,"FAA_filterlen33","Coniferales","NOT_MONO",NA,"CAN_MONO_INCOMPLETE","Weakly Reject"
NA,"FAA_filterlen33","Coniferales","NO_CLADE",NA,"NO_CLADE","Missing"
NA,"FAA_filterlen33","Coniferales","NOT_MONO",NA,"CAN_MONO_INCOMPLETE","Weakly Reject"
NA,"FAA_filterlen33","Coniferales","NOT_MONO",NA,"CAN_MONO","Weakly Reject"
NA,"FAA_filterlen33","Coniferales","NOT_MONO",NA,"CAN_MONO_INCOMPLETE","Weakly Reject"
NA,"FAA_filterlen33","Coniferales","IS_MONO_INCOMPLETE",67,"CAN_MONO_INCOMPLETE","Weakly Supported"
NA,"FAA_filterlen33","Coniferales","IS_MONO_INCOMPLETE",89,"IS_MONO_INCOMPLETE","Strongly Supported"
NA,"FAA_filterlen33","Coniferales","IS_MONO_INCOMPLETE",47,"CAN_MONO_INCOMPLETE","Weakly Supported"
NA,"FAA_filterlen33","Coniferales","NO_CLADE",NA,"NO_CLADE","Missing"
NA,"FAA_filterlen33","Coniferales","NO_CLADE",NA,"NO_CLADE","Missing"
NA,"FAA_filterlen33","Coniferales","NOT_MONO",NA,"CAN_MONO_INCOMPLETE","Weakly Reject"
NA,"FAA_filterlen33","Coniferales","IS_MONO",55,"CAN_MONO","Weakly Supported"
NA,"FAA_filterlen33","Coniferales","NO_CLADE",NA,"NO_CLADE","Missing"
NA,"FAA_filterlen33","Coniferales","NOT_MONO",NA,"NOT_MONO","Strongly Reject"
NA,"FAA_filterlen33","Coniferales","NOT_MONO",NA,"CAN_MONO_INCOMPLETE","Weakly Reject"
NA,"FAA_filterlen33","Coniferales","NOT_MONO",NA,"CAN_MONO_INCOMPLETE","Weakly Reject"
NA,"FAA_filterlen33","Coniferales","IS_MONO_INCOMPLETE",97,"IS_MONO_INCOMPLETE","Strongly Supported"
NA,"FAA_filterlen33","Coniferales","NO_CLADE",NA,"NO_CLADE","Missing"
NA,"FAA_filterlen33","Coniferales","NO_CLADE",NA,"NO_CLADE","Missing"
NA,"FAA_filterlen33","Coniferales","NOT_MONO",NA,"CAN_MONO_INCOMPLETE","Weakly Reject"
NA,"FAA_filterlen33","Coniferales","IS_MONO_INCOMPLETE",68,"CAN_MONO_INCOMPLETE","Weakly Supported"
NA,"FAA_filterlen33","Coniferales","NOT_MONO",NA,"CAN_MONO_INCOMPLETE","Weakly Reject"
NA,"FAA_filterlen33","Coniferales","NO_CLADE",NA,"NO_CLADE","Missing"
NA,"FAA_filterlen33","Coniferales","NOT_MONO",NA,"CAN_MONO_INCOMPLETE","Weakly Reject"
NA,"FAA_filterlen33","Coniferales","IS_MONO_INCOMPLETE",58,"CAN_MONO_INCOMPLETE","Weakly Supported"
NA,"FAA_filterlen33","Coniferales","IS_MONO_INCOMPLETE",30,"CAN_MONO_INCOMPLETE","Weakly Supported"
NA,"FAA_filterlen33","Coniferales","NO_CLADE",NA,"NO_CLADE","Missing"
NA,"FAA_filterlen33","Coniferales","NOT_MONO",NA,"CAN_MONO_INCOMPLETE","Weakly Reject"
NA,"FAA_filterlen33","Coniferales","NO_CLADE",NA,"NO_CLADE","Missing"
NA,"FAA_filterlen33","Coniferales","NO_CLADE",NA,"NO_CLADE","Missing"
NA,"FAA_filterlen33","Coniferales","NO_CLADE",NA,"NO_CLADE","Missing"
NA,"FAA_filterlen33","Coniferales","NO_CLADE",NA,"NO_CLADE","Missing"
NA,"FAA_filterlen33","Coniferales","NO_CLADE",NA,"NO_CLADE","Missing"
NA,"FAA_filterlen33","Coniferales","NOT_MONO",NA,"CAN_MONO_INCOMPLETE","Weakly Reject"
NA,"FAA_filterlen33","Coniferales","NOT_MONO",NA,"CAN_MONO_INCOMPLETE","Weakly Reject"
NA,"FAA_filterlen33","Coniferales","NOT_MONO",NA,"CAN_MONO_INCOMPLETE","Weakly Reject"
NA,"FAA_filterlen33","Coniferales","NO_CLADE",NA,"NO_CLADE","Missing"
NA,"FAA_filterlen33","Coniferales","NOT_MONO",NA,"CAN_MONO_INCOMPLETE","Weakly Reject"
NA,"FAA_filterlen33","Coniferales","NO_CLADE",NA,"NO_CLADE","Missing"
NA,"FAA_filterlen33","Coniferales","IS_MONO_INCOMPLETE",97,"IS_MONO_INCOMPLETE","Strongly Supported"
NA,"FAA_filterlen33","Coniferales","NO_CLADE",NA,"NO_CLADE","Missing"
NA,"FAA_filterlen33","Coniferales","IS_MONO_INCOMPLETE",91,"IS_MONO_INCOMPLETE","Strongly Supported"
NA,"FAA_filterlen33","Coniferales","NOT_MONO",NA,"CAN_MONO_INCOMPLETE","Weakly Reject"
NA,"FAA_filterlen33","Coniferales","NOT_MONO",NA,"NOT_MONO","Strongly Reject"
NA,"FAA_filterlen33","Coniferales","NO_CLADE",NA,"NO_CLADE","Missing"
NA,"FAA_filterlen33","Coniferales","NOT_MONO",NA,"CAN_MONO_INCOMPLETE","Weakly Reject"
NA,"FAA_filterlen33","Coniferales","NOT_MONO",NA,"CAN_MONO_INCOMPLETE","Weakly Reject"
NA,"FAA_filterlen33","Coniferales","IS_MONO_INCOMPLETE",71,"CAN_MONO_INCOMPLETE","Weakly Supported"
NA,"FAA_filterlen33","Coniferales","IS_MONO_INCOMPLETE",52,"CAN_MONO_INCOMPLETE","Weakly Supported"
NA,"FAA_filterlen33","Coniferales","IS_MONO_INCOMPLETE",17,"CAN_MONO_INCOMPLETE","Weakly Supported"
NA,"FAA_filterlen33","Coniferales","NO_CLADE",NA,"NO_CLADE","Missing"
NA,"FAA_filterlen33","Coniferales","NOT_MONO",NA,"CAN_MONO_INCOMPLETE","Weakly Reject"
NA,"FAA_filterlen33","Coniferales","NOT_MONO",NA,"NOT_MONO","Strongly Reject"
NA,"FAA_filterlen33","Coniferales","NOT_MONO",NA,"CAN_MONO_INCOMPLETE","Weakly Reject"
NA,"FAA_filterlen33","Coniferales","NO_CLADE",NA,"NO_CLADE","Missing"
NA,"FAA_filterlen33","Coniferales","NO_CLADE",NA,"NO_CLADE","Missing"
NA,"FAA_filterlen33","Coniferales","IS_MONO_INCOMPLETE",100,"IS_MONO_INCOMPLETE","Strongly Supported"
NA,"FAA_filterlen33","Coniferales","NO_CLADE",NA,"NO_CLADE","Missing"
NA,"FAA_filterlen33","Coniferales","IS_MONO_INCOMPLETE",71,"CAN_MONO_INCOMPLETE","Weakly Supported"
NA,"FAA_filterlen33","Coniferales","IS_MONO",69,"CAN_MONO","Weakly Supported"
NA,"FAA_filterlen33","Coniferales","NOT_MONO",NA,"CAN_MONO","Weakly Reject"
NA,"FAA_filterlen33","Coniferales","IS_MONO_INCOMPLETE",25,"CAN_MONO_INCOMPLETE","Weakly Supported"
NA,"FAA_filterlen33","Coniferales","NO_CLADE",NA,"NO_CLADE","Missing"
NA,"FAA_filterlen33","Coniferales","NO_CLADE",NA,"NO_CLADE","Missing"
NA,"FAA_filterlen33","Coniferales","IS_MONO_INCOMPLETE",28,"CAN_MONO_INCOMPLETE","Weakly Supported"
NA,"FAA_filterlen33","Coniferales","NO_CLADE",NA,"NO_CLADE","Missing"
NA,"FAA_filterlen33","Coniferales","NO_CLADE",NA,"NO_CLADE","Missing"
NA,"FAA_filterlen33","Coniferales","NO_CLADE",NA,"NO_CLADE","Missing"
NA,"FAA_filterlen33","Coniferales","NOT_MONO",NA,"NOT_MONO","Strongly Reject"
NA,"FAA_filterlen33","Coniferales","NOT_MONO",NA,"CAN_MONO_INCOMPLETE","Weakly Reject"
NA,"FAA_filterlen33","Coniferales","NO_CLADE",NA,"NO_CLADE","Missing"
NA,"FAA_filterlen33","Coniferales","NOT_MONO",NA,"NOT_MONO","Strongly Reject"
NA,"FAA_filterlen33","Coniferales","NOT_MONO",NA,"NOT_MONO","Strongly Reject"
NA,"FAA_filterlen33","Coniferales","NO_CLADE",NA,"NO_CLADE","Missing"
NA,"FAA_filterlen33","Coniferales","NO_CLADE",NA,"NO_CLADE","Missing"
NA,"FAA_filterlen33","Coniferales","NO_CLADE",NA,"NO_CLADE","Missing"
NA,"FAA_filterlen33","Coniferales","IS_MONO_INCOMPLETE",100,"IS_MONO_INCOMPLETE","Strongly Supported"
