"ID","DS","CLADE","MONO","BOOT","MONO.75","Classification"
NA,"FAA_filterlen33","Bryophyta/Tracheophytes","COMP_MISSING",NA,"COMP_MISSING","Missing"
NA,"FAA_filterlen33","Bryophyta/Tracheophytes","NOT_MONO",NA,"CAN_MONO_INCOMPLETE","Weakly Reject"
NA,"FAA_filterlen33","Bryophyta/Tracheophytes","NOT_MONO",NA,"NOT_MONO","Strongly Reject"
NA,"FAA_filterlen33","Bryophyta/Tracheophytes","NOT_MONO",NA,"NOT_MONO","Strongly Reject"
NA,"FAA_filterlen33","Bryophyta/Tracheophytes","NOT_MONO",NA,"CAN_MONO_INCOMPLETE","Weakly Reject"
NA,"FAA_filterlen33","Bryophyta/Tracheophytes","NOT_MONO",NA,"CAN_MONO_INCOMPLETE","Weakly Reject"
NA,"FAA_filterlen33","Bryophyta/Tracheophytes","IS_MONO_INCOMPLETE",60,"CAN_MONO_INCOMPLETE","Weakly Supported"
NA,"FAA_filterlen33","Bryophyta/Tracheophytes","NOT_MONO",NA,"CAN_MONO_INCOMPLETE","Weakly Reject"
NA,"FAA_filterlen33","Bryophyta/Tracheophytes","NOT_MONO",NA,"CAN_MONO_INCOMPLETE","Weakly Reject"
NA,"FAA_filterlen33","Bryophyta/Tracheophytes","NOT_MONO",NA,"NOT_MONO","Strongly Reject"
NA,"FAA_filterlen33","Bryophyta/Tracheophytes","NOT_MONO",NA,"CAN_MONO_INCOMPLETE","Weakly Reject"
NA,"FAA_filterlen33","Bryophyta/Tracheophytes","NOT_MONO",NA,"CAN_MONO_INCOMPLETE","Weakly Reject"
NA,"FAA_filterlen33","Bryophyta/Tracheophytes","NOT_MONO",NA,"CAN_MONO_INCOMPLETE","Weakly Reject"
NA,"FAA_filterlen33","Bryophyta/Tracheophytes","NOT_MONO",NA,"NOT_MONO","Strongly Reject"
NA,"FAA_filterlen33","Bryophyta/Tracheophytes","NOT_MONO",NA,"CAN_MONO_INCOMPLETE","Weakly Reject"
NA,"FAA_filterlen33","Bryophyta/Tracheophytes","NOT_MONO",NA,"CAN_MONO_INCOMPLETE","Weakly Reject"
NA,"FAA_filterlen33","Bryophyta/Tracheophytes","NOT_MONO",NA,"CAN_MONO_INCOMPLETE","Weakly Reject"
NA,"FAA_filterlen33","Bryophyta/Tracheophytes","IS_MONO_INCOMPLETE",41,"CAN_MONO_INCOMPLETE","Weakly Supported"
NA,"FAA_filterlen33","Bryophyta/Tracheophytes","NOT_MONO",NA,"CAN_MONO_INCOMPLETE","Weakly Reject"
NA,"FAA_filterlen33","Bryophyta/Tracheophytes","CAN_MONO_INCOMPLETE",NA,"CAN_MONO_INCOMPLETE","Weakly Reject"
NA,"FAA_filterlen33","Bryophyta/Tracheophytes","IS_MONO_INCOMPLETE",88,"IS_MONO_INCOMPLETE","Strongly Supported"
NA,"FAA_filterlen33","Bryophyta/Tracheophytes","NOT_MONO",NA,"CAN_MONO_INCOMPLETE","Weakly Reject"
NA,"FAA_filterlen33","Bryophyta/Tracheophytes","IS_MONO_INCOMPLETE",80,"IS_MONO_INCOMPLETE","Strongly Supported"
NA,"FAA_filterlen33","Bryophyta/Tracheophytes","NOT_MONO",NA,"NOT_MONO","Strongly Reject"
NA,"FAA_filterlen33","Bryophyta/Tracheophytes","NOT_MONO",NA,"NOT_MONO","Strongly Reject"
NA,"FAA_filterlen33","Bryophyta/Tracheophytes","NOT_MONO",NA,"CAN_MONO_INCOMPLETE","Weakly Reject"
NA,"FAA_filterlen33","Bryophyta/Tracheophytes","CAN_MONO_INCOMPLETE",NA,"CAN_MONO_INCOMPLETE","Weakly Reject"
NA,"FAA_filterlen33","Bryophyta/Tracheophytes","NOT_MONO",NA,"NOT_MONO","Strongly Reject"
NA,"FAA_filterlen33","Bryophyta/Tracheophytes","NOT_MONO",NA,"CAN_MONO_INCOMPLETE","Weakly Reject"
NA,"FAA_filterlen33","Bryophyta/Tracheophytes","COMP_MISSING",NA,"COMP_MISSING","Missing"
NA,"FAA_filterlen33","Bryophyta/Tracheophytes","NOT_MONO",NA,"CAN_MONO_INCOMPLETE","Weakly Reject"
NA,"FAA_filterlen33","Bryophyta/Tracheophytes","CAN_MONO_INCOMPLETE",NA,"CAN_MONO_INCOMPLETE","Weakly Reject"
NA,"FAA_filterlen33","Bryophyta/Tracheophytes","NOT_MONO",NA,"CAN_MONO_INCOMPLETE","Weakly Reject"
NA,"FAA_filterlen33","Bryophyta/Tracheophytes","NOT_MONO",NA,"CAN_MONO_INCOMPLETE","Weakly Reject"
NA,"FAA_filterlen33","Bryophyta/Tracheophytes","NOT_MONO",NA,"CAN_MONO_INCOMPLETE","Weakly Reject"
NA,"FAA_filterlen33","Bryophyta/Tracheophytes","NOT_MONO",NA,"NOT_MONO","Strongly Reject"
NA,"FAA_filterlen33","Bryophyta/Tracheophytes","NOT_MONO",NA,"NOT_MONO","Strongly Reject"
NA,"FAA_filterlen33","Bryophyta/Tracheophytes","NOT_MONO",NA,"NOT_MONO","Strongly Reject"
NA,"FAA_filterlen33","Bryophyta/Tracheophytes","NOT_MONO",NA,"CAN_MONO_INCOMPLETE","Weakly Reject"
NA,"FAA_filterlen33","Bryophyta/Tracheophytes","NOT_MONO",NA,"CAN_MONO_INCOMPLETE","Weakly Reject"
NA,"FAA_filterlen33","Bryophyta/Tracheophytes","IS_MONO_INCOMPLETE",100,"IS_MONO_INCOMPLETE","Strongly Supported"
NA,"FAA_filterlen33","Bryophyta/Tracheophytes","IS_MONO_INCOMPLETE",17,"CAN_MONO_INCOMPLETE","Weakly Supported"
NA,"FAA_filterlen33","Bryophyta/Tracheophytes","NOT_MONO",NA,"CAN_MONO_INCOMPLETE","Weakly Reject"
NA,"FAA_filterlen33","Bryophyta/Tracheophytes","NOT_MONO",NA,"CAN_MONO_INCOMPLETE","Weakly Reject"
NA,"FAA_filterlen33","Bryophyta/Tracheophytes","IS_MONO_INCOMPLETE",40,"CAN_MONO_INCOMPLETE","Weakly Supported"
NA,"FAA_filterlen33","Bryophyta/Tracheophytes","NOT_MONO",NA,"NOT_MONO","Strongly Reject"
NA,"FAA_filterlen33","Bryophyta/Tracheophytes","NOT_MONO",NA,"CAN_MONO_INCOMPLETE","Weakly Reject"
NA,"FAA_filterlen33","Bryophyta/Tracheophytes","NOT_MONO",NA,"CAN_MONO_INCOMPLETE","Weakly Reject"
NA,"FAA_filterlen33","Bryophyta/Tracheophytes","IS_MONO_INCOMPLETE",100,"IS_MONO_INCOMPLETE","Strongly Supported"
NA,"FAA_filterlen33","Bryophyta/Tracheophytes","NOT_MONO",NA,"CAN_MONO_INCOMPLETE","Weakly Reject"
NA,"FAA_filterlen33","Bryophyta/Tracheophytes","NOT_MONO",NA,"CAN_MONO_INCOMPLETE","Weakly Reject"
NA,"FAA_filterlen33","Bryophyta/Tracheophytes","NOT_MONO",NA,"CAN_MONO_INCOMPLETE","Weakly Reject"
NA,"FAA_filterlen33","Bryophyta/Tracheophytes","NOT_MONO",NA,"NOT_MONO","Strongly Reject"
NA,"FAA_filterlen33","Bryophyta/Tracheophytes","NOT_MONO",NA,"CAN_MONO_INCOMPLETE","Weakly Reject"
NA,"FAA_filterlen33","Bryophyta/Tracheophytes","COMP_MISSING",NA,"COMP_MISSING","Missing"
NA,"FAA_filterlen33","Bryophyta/Tracheophytes","NOT_MONO",NA,"NOT_MONO","Strongly Reject"
NA,"FAA_filterlen33","Bryophyta/Tracheophytes","COMP_MISSING",NA,"COMP_MISSING","Missing"
NA,"FAA_filterlen33","Bryophyta/Tracheophytes","NOT_MONO",NA,"CAN_MONO_INCOMPLETE","Weakly Reject"
NA,"FAA_filterlen33","Bryophyta/Tracheophytes","IS_MONO_INCOMPLETE",7,"CAN_MONO_INCOMPLETE","Weakly Supported"
NA,"FAA_filterlen33","Bryophyta/Tracheophytes","NOT_MONO",NA,"NOT_MONO","Strongly Reject"
NA,"FAA_filterlen33","Bryophyta/Tracheophytes","NOT_MONO",NA,"CAN_MONO_INCOMPLETE","Weakly Reject"
NA,"FAA_filterlen33","Bryophyta/Tracheophytes","NOT_MONO",NA,"CAN_MONO_INCOMPLETE","Weakly Reject"
NA,"FAA_filterlen33","Bryophyta/Tracheophytes","NOT_MONO",NA,"CAN_MONO_INCOMPLETE","Weakly Reject"
NA,"FAA_filterlen33","Bryophyta/Tracheophytes","NOT_MONO",NA,"CAN_MONO_INCOMPLETE","Weakly Reject"
NA,"FAA_filterlen33","Bryophyta/Tracheophytes","NOT_MONO",NA,"NOT_MONO","Strongly Reject"
NA,"FAA_filterlen33","Bryophyta/Tracheophytes","NOT_MONO",NA,"CAN_MONO_INCOMPLETE","Weakly Reject"
NA,"FAA_filterlen33","Bryophyta/Tracheophytes","IS_MONO_INCOMPLETE",1,"IS_MONO_INCOMPLETE","Strongly Supported"
NA,"FAA_filterlen33","Bryophyta/Tracheophytes","CAN_MONO_INCOMPLETE",NA,"CAN_MONO_INCOMPLETE","Weakly Reject"
NA,"FAA_filterlen33","Bryophyta/Tracheophytes","NOT_MONO",NA,"CAN_MONO_INCOMPLETE","Weakly Reject"
NA,"FAA_filterlen33","Bryophyta/Tracheophytes","NOT_MONO",NA,"NOT_MONO","Strongly Reject"
NA,"FAA_filterlen33","Bryophyta/Tracheophytes","NOT_MONO",NA,"CAN_MONO_INCOMPLETE","Weakly Reject"
NA,"FAA_filterlen33","Bryophyta/Tracheophytes","COMP_MISSING",NA,"COMP_MISSING","Missing"
NA,"FAA_filterlen33","Bryophyta/Tracheophytes","NOT_MONO",NA,"NOT_MONO","Strongly Reject"
NA,"FAA_filterlen33","Bryophyta/Tracheophytes","NOT_MONO",NA,"CAN_MONO_INCOMPLETE","Weakly Reject"
NA,"FAA_filterlen33","Bryophyta/Tracheophytes","NOT_MONO",NA,"CAN_MONO_INCOMPLETE","Weakly Reject"
NA,"FAA_filterlen33","Bryophyta/Tracheophytes","NOT_MONO",NA,"CAN_MONO_INCOMPLETE","Weakly Reject"
NA,"FAA_filterlen33","Bryophyta/Tracheophytes","CAN_MONO_INCOMPLETE",NA,"CAN_MONO_INCOMPLETE","Weakly Reject"
NA,"FAA_filterlen33","Bryophyta/Tracheophytes","CAN_MONO_INCOMPLETE",NA,"CAN_MONO_INCOMPLETE","Weakly Reject"
NA,"FAA_filterlen33","Bryophyta/Tracheophytes","NOT_MONO",NA,"NOT_MONO","Strongly Reject"
NA,"FAA_filterlen33","Bryophyta/Tracheophytes","NOT_MONO",NA,"NOT_MONO","Strongly Reject"
NA,"FAA_filterlen33","Bryophyta/Tracheophytes","NOT_MONO",NA,"CAN_MONO_INCOMPLETE","Weakly Reject"
NA,"FAA_filterlen33","Bryophyta/Tracheophytes","IS_MONO_INCOMPLETE",1,"IS_MONO_INCOMPLETE","Strongly Supported"
NA,"FAA_filterlen33","Bryophyta/Tracheophytes","NOT_MONO",NA,"CAN_MONO_INCOMPLETE","Weakly Reject"
NA,"FAA_filterlen33","Bryophyta/Tracheophytes","NOT_MONO",NA,"NOT_MONO","Strongly Reject"
NA,"FAA_filterlen33","Bryophyta/Tracheophytes","COMP_MISSING",NA,"COMP_MISSING","Missing"
NA,"FAA_filterlen33","Bryophyta/Tracheophytes","NOT_MONO",NA,"CAN_MONO_INCOMPLETE","Weakly Reject"
NA,"FAA_filterlen33","Bryophyta/Tracheophytes","NOT_MONO",NA,"NOT_MONO","Strongly Reject"
NA,"FAA_filterlen33","Bryophyta/Tracheophytes","NOT_MONO",NA,"CAN_MONO_INCOMPLETE","Weakly Reject"
NA,"FAA_filterlen33","Bryophyta/Tracheophytes","IS_MONO_INCOMPLETE",96,"IS_MONO_INCOMPLETE","Strongly Supported"
NA,"FAA_filterlen33","Bryophyta/Tracheophytes","NOT_MONO",NA,"CAN_MONO_INCOMPLETE","Weakly Reject"
NA,"FAA_filterlen33","Bryophyta/Tracheophytes","NOT_MONO",NA,"CAN_MONO_INCOMPLETE","Weakly Reject"
NA,"FAA_filterlen33","Bryophyta/Tracheophytes","NOT_MONO",NA,"CAN_MONO_INCOMPLETE","Weakly Reject"
NA,"FAA_filterlen33","Bryophyta/Tracheophytes","NOT_MONO",NA,"NOT_MONO","Strongly Reject"
NA,"FAA_filterlen33","Bryophyta/Tracheophytes","NOT_MONO",NA,"CAN_MONO_INCOMPLETE","Weakly Reject"
NA,"FAA_filterlen33","Bryophyta/Tracheophytes","IS_MONO_INCOMPLETE",100,"IS_MONO_INCOMPLETE","Strongly Supported"
NA,"FAA_filterlen33","Bryophyta/Tracheophytes","IS_MONO_INCOMPLETE",20,"CAN_MONO_INCOMPLETE","Weakly Supported"
NA,"FAA_filterlen33","Bryophyta/Tracheophytes","NOT_MONO",NA,"CAN_MONO_INCOMPLETE","Weakly Reject"
NA,"FAA_filterlen33","Bryophyta/Tracheophytes","NOT_MONO",NA,"CAN_MONO_INCOMPLETE","Weakly Reject"
NA,"FAA_filterlen33","Bryophyta/Tracheophytes","CAN_MONO_INCOMPLETE",NA,"CAN_MONO_INCOMPLETE","Weakly Reject"
NA,"FAA_filterlen33","Bryophyta/Tracheophytes","NOT_MONO",NA,"CAN_MONO_INCOMPLETE","Weakly Reject"
NA,"FAA_filterlen33","Bryophyta/Tracheophytes","NOT_MONO",NA,"CAN_MONO_INCOMPLETE","Weakly Reject"
NA,"FAA_filterlen33","Bryophyta/Tracheophytes","NOT_MONO",NA,"CAN_MONO_INCOMPLETE","Weakly Reject"
NA,"FAA_filterlen33","Bryophyta/Tracheophytes","NOT_MONO",NA,"NOT_MONO","Strongly Reject"
NA,"FAA_filterlen33","Bryophyta/Tracheophytes","NOT_MONO",NA,"CAN_MONO_INCOMPLETE","Weakly Reject"
NA,"FAA_filterlen33","Bryophyta/Tracheophytes","NOT_MONO",NA,"NOT_MONO","Strongly Reject"
NA,"FAA_filterlen33","Bryophyta/Tracheophytes","IS_MONO_INCOMPLETE",100,"IS_MONO_INCOMPLETE","Strongly Supported"
NA,"FAA_filterlen33","Bryophyta/Tracheophytes","NOT_MONO",NA,"CAN_MONO_INCOMPLETE","Weakly Reject"
NA,"FAA_filterlen33","Bryophyta/Tracheophytes","NOT_MONO",NA,"NOT_MONO","Strongly Reject"
NA,"FAA_filterlen33","Bryophyta/Tracheophytes","NOT_MONO",NA,"CAN_MONO_INCOMPLETE","Weakly Reject"
NA,"FAA_filterlen33","Bryophyta/Tracheophytes","NOT_MONO",NA,"CAN_MONO_INCOMPLETE","Weakly Reject"
NA,"FAA_filterlen33","Bryophyta/Tracheophytes","IS_MONO_INCOMPLETE",100,"IS_MONO_INCOMPLETE","Strongly Supported"
NA,"FAA_filterlen33","Bryophyta/Tracheophytes","COMP_MISSING",NA,"COMP_MISSING","Missing"
NA,"FAA_filterlen33","Bryophyta/Tracheophytes","NOT_MONO",NA,"CAN_MONO_INCOMPLETE","Weakly Reject"
NA,"FAA_filterlen33","Bryophyta/Tracheophytes","NOT_MONO",NA,"CAN_MONO_INCOMPLETE","Weakly Reject"
NA,"FAA_filterlen33","Bryophyta/Tracheophytes","NOT_MONO",NA,"NOT_MONO","Strongly Reject"
NA,"FAA_filterlen33","Bryophyta/Tracheophytes","NOT_MONO",NA,"CAN_MONO_INCOMPLETE","Weakly Reject"
NA,"FAA_filterlen33","Bryophyta/Tracheophytes","NOT_MONO",NA,"CAN_MONO_INCOMPLETE","Weakly Reject"
NA,"FAA_filterlen33","Bryophyta/Tracheophytes","NOT_MONO",NA,"CAN_MONO_INCOMPLETE","Weakly Reject"
NA,"FAA_filterlen33","Bryophyta/Tracheophytes","NOT_MONO",NA,"CAN_MONO_INCOMPLETE","Weakly Reject"
NA,"FAA_filterlen33","Bryophyta/Tracheophytes","NOT_MONO",NA,"CAN_MONO_INCOMPLETE","Weakly Reject"
NA,"FAA_filterlen33","Bryophyta/Tracheophytes","CAN_MONO_INCOMPLETE",NA,"CAN_MONO_INCOMPLETE","Weakly Reject"
NA,"FAA_filterlen33","Bryophyta/Tracheophytes","NOT_MONO",NA,"CAN_MONO_INCOMPLETE","Weakly Reject"
NA,"FAA_filterlen33","Bryophyta/Tracheophytes","NOT_MONO",NA,"CAN_MONO_INCOMPLETE","Weakly Reject"
NA,"FAA_filterlen33","Bryophyta/Tracheophytes","NOT_MONO",NA,"NOT_MONO","Strongly Reject"
NA,"FAA_filterlen33","Bryophyta/Tracheophytes","NOT_MONO",NA,"CAN_MONO_INCOMPLETE","Weakly Reject"
NA,"FAA_filterlen33","Bryophyta/Tracheophytes","NOT_MONO",NA,"CAN_MONO_INCOMPLETE","Weakly Reject"
NA,"FAA_filterlen33","Bryophyta/Tracheophytes","IS_MONO_INCOMPLETE",38,"CAN_MONO_INCOMPLETE","Weakly Supported"
NA,"FAA_filterlen33","Bryophyta/Tracheophytes","NOT_MONO",NA,"NOT_MONO","Strongly Reject"
NA,"FAA_filterlen33","Bryophyta/Tracheophytes","COMP_MISSING",NA,"COMP_MISSING","Missing"
NA,"FAA_filterlen33","Bryophyta/Tracheophytes","NOT_MONO",NA,"CAN_MONO_INCOMPLETE","Weakly Reject"
NA,"FAA_filterlen33","Bryophyta/Tracheophytes","NOT_MONO",NA,"CAN_MONO_INCOMPLETE","Weakly Reject"
NA,"FAA_filterlen33","Bryophyta/Tracheophytes","NOT_MONO",NA,"CAN_MONO_INCOMPLETE","Weakly Reject"
NA,"FAA_filterlen33","Bryophyta/Tracheophytes","NOT_MONO",NA,"NOT_MONO","Strongly Reject"
NA,"FAA_filterlen33","Bryophyta/Tracheophytes","NOT_MONO",NA,"CAN_MONO_INCOMPLETE","Weakly Reject"
NA,"FAA_filterlen33","Bryophyta/Tracheophytes","NOT_MONO",NA,"CAN_MONO_INCOMPLETE","Weakly Reject"
NA,"FAA_filterlen33","Bryophyta/Tracheophytes","CAN_MONO_INCOMPLETE",NA,"CAN_MONO_INCOMPLETE","Weakly Reject"
NA,"FAA_filterlen33","Bryophyta/Tracheophytes","COMP_MISSING",NA,"COMP_MISSING","Missing"
NA,"FAA_filterlen33","Bryophyta/Tracheophytes","NOT_MONO",NA,"NOT_MONO","Strongly Reject"
NA,"FAA_filterlen33","Bryophyta/Tracheophytes","NOT_MONO",NA,"CAN_MONO_INCOMPLETE","Weakly Reject"
NA,"FAA_filterlen33","Bryophyta/Tracheophytes","NOT_MONO",NA,"CAN_MONO_INCOMPLETE","Weakly Reject"
NA,"FAA_filterlen33","Bryophyta/Tracheophytes","NOT_MONO",NA,"CAN_MONO_INCOMPLETE","Weakly Reject"
NA,"FAA_filterlen33","Bryophyta/Tracheophytes","NOT_MONO",NA,"NOT_MONO","Strongly Reject"
NA,"FAA_filterlen33","Bryophyta/Tracheophytes","IS_MONO_INCOMPLETE",89,"IS_MONO_INCOMPLETE","Strongly Supported"
NA,"FAA_filterlen33","Bryophyta/Tracheophytes","NOT_MONO",NA,"NOT_MONO","Strongly Reject"
NA,"FAA_filterlen33","Bryophyta/Tracheophytes","NOT_MONO",NA,"CAN_MONO_INCOMPLETE","Weakly Reject"
NA,"FAA_filterlen33","Bryophyta/Tracheophytes","NOT_MONO",NA,"NOT_MONO","Strongly Reject"
NA,"FAA_filterlen33","Bryophyta/Tracheophytes","NOT_MONO",NA,"CAN_MONO_INCOMPLETE","Weakly Reject"
NA,"FAA_filterlen33","Bryophyta/Tracheophytes","NOT_MONO",NA,"NOT_MONO","Strongly Reject"
NA,"FAA_filterlen33","Bryophyta/Tracheophytes","NOT_MONO",NA,"CAN_MONO_INCOMPLETE","Weakly Reject"
NA,"FAA_filterlen33","Bryophyta/Tracheophytes","NOT_MONO",NA,"NOT_MONO","Strongly Reject"
NA,"FAA_filterlen33","Bryophyta/Tracheophytes","NOT_MONO",NA,"CAN_MONO_INCOMPLETE","Weakly Reject"
NA,"FAA_filterlen33","Bryophyta/Tracheophytes","IS_MONO_INCOMPLETE",32,"CAN_MONO_INCOMPLETE","Weakly Supported"
NA,"FAA_filterlen33","Bryophyta/Tracheophytes","NOT_MONO",NA,"CAN_MONO_INCOMPLETE","Weakly Reject"
NA,"FAA_filterlen33","Bryophyta/Tracheophytes","NOT_MONO",NA,"CAN_MONO_INCOMPLETE","Weakly Reject"
NA,"FAA_filterlen33","Bryophyta/Tracheophytes","IS_MONO_INCOMPLETE",28,"CAN_MONO_INCOMPLETE","Weakly Supported"
NA,"FAA_filterlen33","Bryophyta/Tracheophytes","COMP_MISSING",NA,"COMP_MISSING","Missing"
NA,"FAA_filterlen33","Bryophyta/Tracheophytes","NOT_MONO",NA,"CAN_MONO_INCOMPLETE","Weakly Reject"
NA,"FAA_filterlen33","Bryophyta/Tracheophytes","IS_MONO_INCOMPLETE",44,"CAN_MONO_INCOMPLETE","Weakly Supported"
NA,"FAA_filterlen33","Bryophyta/Tracheophytes","NOT_MONO",NA,"CAN_MONO_INCOMPLETE","Weakly Reject"
NA,"FAA_filterlen33","Bryophyta/Tracheophytes","NOT_MONO",NA,"CAN_MONO_INCOMPLETE","Weakly Reject"
NA,"FAA_filterlen33","Bryophyta/Tracheophytes","CAN_MONO_INCOMPLETE",NA,"CAN_MONO_INCOMPLETE","Weakly Reject"
NA,"FAA_filterlen33","Bryophyta/Tracheophytes","NOT_MONO",NA,"CAN_MONO_INCOMPLETE","Weakly Reject"
NA,"FAA_filterlen33","Bryophyta/Tracheophytes","NOT_MONO",NA,"CAN_MONO_INCOMPLETE","Weakly Reject"
NA,"FAA_filterlen33","Bryophyta/Tracheophytes","COMP_MISSING",NA,"COMP_MISSING","Missing"
NA,"FAA_filterlen33","Bryophyta/Tracheophytes","NOT_MONO",NA,"CAN_MONO_INCOMPLETE","Weakly Reject"
NA,"FAA_filterlen33","Bryophyta/Tracheophytes","NOT_MONO",NA,"CAN_MONO_INCOMPLETE","Weakly Reject"
NA,"FAA_filterlen33","Bryophyta/Tracheophytes","NOT_MONO",NA,"NOT_MONO","Strongly Reject"
NA,"FAA_filterlen33","Bryophyta/Tracheophytes","NOT_MONO",NA,"CAN_MONO_INCOMPLETE","Weakly Reject"
NA,"FAA_filterlen33","Bryophyta/Tracheophytes","NOT_MONO",NA,"CAN_MONO_INCOMPLETE","Weakly Reject"
NA,"FAA_filterlen33","Bryophyta/Tracheophytes","NOT_MONO",NA,"CAN_MONO_INCOMPLETE","Weakly Reject"
NA,"FAA_filterlen33","Bryophyta/Tracheophytes","NOT_MONO",NA,"CAN_MONO_INCOMPLETE","Weakly Reject"
NA,"FAA_filterlen33","Bryophyta/Tracheophytes","NOT_MONO",NA,"CAN_MONO_INCOMPLETE","Weakly Reject"
NA,"FAA_filterlen33","Bryophyta/Tracheophytes","NOT_MONO",NA,"CAN_MONO_INCOMPLETE","Weakly Reject"
NA,"FAA_filterlen33","Bryophyta/Tracheophytes","NOT_MONO",NA,"CAN_MONO_INCOMPLETE","Weakly Reject"
NA,"FAA_filterlen33","Bryophyta/Tracheophytes","IS_MONO_INCOMPLETE",37,"CAN_MONO_INCOMPLETE","Weakly Supported"
NA,"FAA_filterlen33","Bryophyta/Tracheophytes","NOT_MONO",NA,"CAN_MONO_INCOMPLETE","Weakly Reject"
NA,"FAA_filterlen33","Bryophyta/Tracheophytes","IS_MONO_INCOMPLETE",100,"IS_MONO_INCOMPLETE","Strongly Supported"
NA,"FAA_filterlen33","Bryophyta/Tracheophytes","NOT_MONO",NA,"CAN_MONO_INCOMPLETE","Weakly Reject"
NA,"FAA_filterlen33","Bryophyta/Tracheophytes","NOT_MONO",NA,"CAN_MONO_INCOMPLETE","Weakly Reject"
NA,"FAA_filterlen33","Bryophyta/Tracheophytes","IS_MONO_INCOMPLETE",44,"CAN_MONO_INCOMPLETE","Weakly Supported"
NA,"FAA_filterlen33","Bryophyta/Tracheophytes","NOT_MONO",NA,"CAN_MONO_INCOMPLETE","Weakly Reject"
NA,"FAA_filterlen33","Bryophyta/Tracheophytes","NOT_MONO",NA,"CAN_MONO_INCOMPLETE","Weakly Reject"
NA,"FAA_filterlen33","Bryophyta/Tracheophytes","NOT_MONO",NA,"CAN_MONO_INCOMPLETE","Weakly Reject"
NA,"FAA_filterlen33","Bryophyta/Tracheophytes","NOT_MONO",NA,"CAN_MONO_INCOMPLETE","Weakly Reject"
NA,"FAA_filterlen33","Bryophyta/Tracheophytes","NOT_MONO",NA,"NOT_MONO","Strongly Reject"
NA,"FAA_filterlen33","Bryophyta/Tracheophytes","NOT_MONO",NA,"CAN_MONO_INCOMPLETE","Weakly Reject"
NA,"FAA_filterlen33","Bryophyta/Tracheophytes","CAN_MONO_INCOMPLETE",NA,"CAN_MONO_INCOMPLETE","Weakly Reject"
NA,"FAA_filterlen33","Bryophyta/Tracheophytes","NOT_MONO",NA,"CAN_MONO_INCOMPLETE","Weakly Reject"
NA,"FAA_filterlen33","Bryophyta/Tracheophytes","NOT_MONO",NA,"NOT_MONO","Strongly Reject"
NA,"FAA_filterlen33","Bryophyta/Tracheophytes","IS_MONO_INCOMPLETE",1,"IS_MONO_INCOMPLETE","Strongly Supported"
NA,"FAA_filterlen33","Bryophyta/Tracheophytes","NOT_MONO",NA,"CAN_MONO_INCOMPLETE","Weakly Reject"
NA,"FAA_filterlen33","Bryophyta/Tracheophytes","NOT_MONO",NA,"CAN_MONO_INCOMPLETE","Weakly Reject"
NA,"FAA_filterlen33","Bryophyta/Tracheophytes","NOT_MONO",NA,"NOT_MONO","Strongly Reject"
NA,"FAA_filterlen33","Bryophyta/Tracheophytes","NOT_MONO",NA,"CAN_MONO_INCOMPLETE","Weakly Reject"
NA,"FAA_filterlen33","Bryophyta/Tracheophytes","NOT_MONO",NA,"CAN_MONO_INCOMPLETE","Weakly Reject"
NA,"FAA_filterlen33","Bryophyta/Tracheophytes","NOT_MONO",NA,"CAN_MONO_INCOMPLETE","Weakly Reject"
NA,"FAA_filterlen33","Bryophyta/Tracheophytes","IS_MONO_INCOMPLETE",28,"CAN_MONO_INCOMPLETE","Weakly Supported"
NA,"FAA_filterlen33","Bryophyta/Tracheophytes","COMP_MISSING",NA,"COMP_MISSING","Missing"
NA,"FAA_filterlen33","Bryophyta/Tracheophytes","CAN_MONO_INCOMPLETE",NA,"CAN_MONO_INCOMPLETE","Weakly Reject"
NA,"FAA_filterlen33","Bryophyta/Tracheophytes","NOT_MONO",NA,"CAN_MONO_INCOMPLETE","Weakly Reject"
NA,"FAA_filterlen33","Bryophyta/Tracheophytes","NOT_MONO",NA,"CAN_MONO_INCOMPLETE","Weakly Reject"
NA,"FAA_filterlen33","Bryophyta/Tracheophytes","IS_MONO_INCOMPLETE",39,"CAN_MONO_INCOMPLETE","Weakly Supported"
NA,"FAA_filterlen33","Bryophyta/Tracheophytes","NOT_MONO",NA,"CAN_MONO_INCOMPLETE","Weakly Reject"
NA,"FAA_filterlen33","Bryophyta/Tracheophytes","NOT_MONO",NA,"CAN_MONO_INCOMPLETE","Weakly Reject"
NA,"FAA_filterlen33","Bryophyta/Tracheophytes","NOT_MONO",NA,"CAN_MONO_INCOMPLETE","Weakly Reject"
NA,"FAA_filterlen33","Bryophyta/Tracheophytes","NOT_MONO",NA,"CAN_MONO_INCOMPLETE","Weakly Reject"
NA,"FAA_filterlen33","Bryophyta/Tracheophytes","NOT_MONO",NA,"CAN_MONO_INCOMPLETE","Weakly Reject"
NA,"FAA_filterlen33","Bryophyta/Tracheophytes","NOT_MONO",NA,"CAN_MONO_INCOMPLETE","Weakly Reject"
NA,"FAA_filterlen33","Bryophyta/Tracheophytes","NOT_MONO",NA,"CAN_MONO_INCOMPLETE","Weakly Reject"
NA,"FAA_filterlen33","Bryophyta/Tracheophytes","NOT_MONO",NA,"CAN_MONO_INCOMPLETE","Weakly Reject"
NA,"FAA_filterlen33","Bryophyta/Tracheophytes","COMP_MISSING",NA,"COMP_MISSING","Missing"
NA,"FAA_filterlen33","Bryophyta/Tracheophytes","NOT_MONO",NA,"CAN_MONO_INCOMPLETE","Weakly Reject"
NA,"FAA_filterlen33","Bryophyta/Tracheophytes","COMP_MISSING",NA,"COMP_MISSING","Missing"
NA,"FAA_filterlen33","Bryophyta/Tracheophytes","COMP_MISSING",NA,"COMP_MISSING","Missing"
NA,"FAA_filterlen33","Bryophyta/Tracheophytes","NOT_MONO",NA,"CAN_MONO_INCOMPLETE","Weakly Reject"
NA,"FAA_filterlen33","Bryophyta/Tracheophytes","NOT_MONO",NA,"CAN_MONO_INCOMPLETE","Weakly Reject"
NA,"FAA_filterlen33","Bryophyta/Tracheophytes","IS_MONO_INCOMPLETE",1,"IS_MONO_INCOMPLETE","Strongly Supported"
NA,"FAA_filterlen33","Bryophyta/Tracheophytes","NOT_MONO",NA,"CAN_MONO_INCOMPLETE","Weakly Reject"
NA,"FAA_filterlen33","Bryophyta/Tracheophytes","NOT_MONO",NA,"CAN_MONO_INCOMPLETE","Weakly Reject"
NA,"FAA_filterlen33","Bryophyta/Tracheophytes","NOT_MONO",NA,"CAN_MONO_INCOMPLETE","Weakly Reject"
NA,"FAA_filterlen33","Bryophyta/Tracheophytes","NOT_MONO",NA,"CAN_MONO_INCOMPLETE","Weakly Reject"
NA,"FAA_filterlen33","Bryophyta/Tracheophytes","NOT_MONO",NA,"CAN_MONO_INCOMPLETE","Weakly Reject"
NA,"FAA_filterlen33","Bryophyta/Tracheophytes","IS_MONO_INCOMPLETE",1,"IS_MONO_INCOMPLETE","Strongly Supported"
NA,"FAA_filterlen33","Bryophyta/Tracheophytes","NOT_MONO",NA,"CAN_MONO_INCOMPLETE","Weakly Reject"
NA,"FAA_filterlen33","Bryophyta/Tracheophytes","COMP_MISSING",NA,"COMP_MISSING","Missing"
NA,"FAA_filterlen33","Bryophyta/Tracheophytes","CAN_MONO_INCOMPLETE",NA,"CAN_MONO_INCOMPLETE","Weakly Reject"
NA,"FAA_filterlen33","Bryophyta/Tracheophytes","NOT_MONO",NA,"CAN_MONO_INCOMPLETE","Weakly Reject"
NA,"FAA_filterlen33","Bryophyta/Tracheophytes","NOT_MONO",NA,"NOT_MONO","Strongly Reject"
NA,"FAA_filterlen33","Bryophyta/Tracheophytes","NOT_MONO",NA,"CAN_MONO_INCOMPLETE","Weakly Reject"
NA,"FAA_filterlen33","Bryophyta/Tracheophytes","NOT_MONO",NA,"CAN_MONO_INCOMPLETE","Weakly Reject"
NA,"FAA_filterlen33","Bryophyta/Tracheophytes","IS_MONO_INCOMPLETE",95,"IS_MONO_INCOMPLETE","Strongly Supported"
NA,"FAA_filterlen33","Bryophyta/Tracheophytes","IS_MONO_INCOMPLETE",1,"IS_MONO_INCOMPLETE","Strongly Supported"
NA,"FAA_filterlen33","Bryophyta/Tracheophytes","NOT_MONO",NA,"CAN_MONO_INCOMPLETE","Weakly Reject"
NA,"FAA_filterlen33","Bryophyta/Tracheophytes","NOT_MONO",NA,"CAN_MONO_INCOMPLETE","Weakly Reject"
NA,"FAA_filterlen33","Bryophyta/Tracheophytes","NOT_MONO",NA,"CAN_MONO_INCOMPLETE","Weakly Reject"
NA,"FAA_filterlen33","Bryophyta/Tracheophytes","NOT_MONO",NA,"CAN_MONO_INCOMPLETE","Weakly Reject"
NA,"FAA_filterlen33","Bryophyta/Tracheophytes","NOT_MONO",NA,"CAN_MONO_INCOMPLETE","Weakly Reject"
NA,"FAA_filterlen33","Bryophyta/Tracheophytes","NOT_MONO",NA,"CAN_MONO_INCOMPLETE","Weakly Reject"
NA,"FAA_filterlen33","Bryophyta/Tracheophytes","NOT_MONO",NA,"CAN_MONO_INCOMPLETE","Weakly Reject"
NA,"FAA_filterlen33","Bryophyta/Tracheophytes","NOT_MONO",NA,"CAN_MONO_INCOMPLETE","Weakly Reject"
NA,"FAA_filterlen33","Bryophyta/Tracheophytes","CAN_MONO_INCOMPLETE",NA,"CAN_MONO_INCOMPLETE","Weakly Reject"
NA,"FAA_filterlen33","Bryophyta/Tracheophytes","NOT_MONO",NA,"CAN_MONO_INCOMPLETE","Weakly Reject"
NA,"FAA_filterlen33","Bryophyta/Tracheophytes","COMP_MISSING",NA,"COMP_MISSING","Missing"
NA,"FAA_filterlen33","Bryophyta/Tracheophytes","NOT_MONO",NA,"NOT_MONO","Strongly Reject"
NA,"FAA_filterlen33","Bryophyta/Tracheophytes","IS_MONO_INCOMPLETE",44,"CAN_MONO_INCOMPLETE","Weakly Supported"
NA,"FAA_filterlen33","Bryophyta/Tracheophytes","COMP_MISSING",NA,"COMP_MISSING","Missing"
NA,"FAA_filterlen33","Bryophyta/Tracheophytes","NOT_MONO",NA,"NOT_MONO","Strongly Reject"
NA,"FAA_filterlen33","Bryophyta/Tracheophytes","NOT_MONO",NA,"CAN_MONO_INCOMPLETE","Weakly Reject"
NA,"FAA_filterlen33","Bryophyta/Tracheophytes","COMP_MISSING",NA,"COMP_MISSING","Missing"
NA,"FAA_filterlen33","Bryophyta/Tracheophytes","NOT_MONO",NA,"CAN_MONO_INCOMPLETE","Weakly Reject"
NA,"FAA_filterlen33","Bryophyta/Tracheophytes","NOT_MONO",NA,"NOT_MONO","Strongly Reject"
NA,"FAA_filterlen33","Bryophyta/Tracheophytes","NOT_MONO",NA,"CAN_MONO_INCOMPLETE","Weakly Reject"
NA,"FAA_filterlen33","Bryophyta/Tracheophytes","NOT_MONO",NA,"CAN_MONO_INCOMPLETE","Weakly Reject"
NA,"FAA_filterlen33","Bryophyta/Tracheophytes","NOT_MONO",NA,"CAN_MONO_INCOMPLETE","Weakly Reject"
NA,"FAA_filterlen33","Bryophyta/Tracheophytes","COMP_MISSING",NA,"COMP_MISSING","Missing"
NA,"FAA_filterlen33","Bryophyta/Tracheophytes","NOT_MONO",NA,"CAN_MONO_INCOMPLETE","Weakly Reject"
NA,"FAA_filterlen33","Bryophyta/Tracheophytes","IS_MONO_INCOMPLETE",80,"IS_MONO_INCOMPLETE","Strongly Supported"
NA,"FAA_filterlen33","Bryophyta/Tracheophytes","NOT_MONO",NA,"CAN_MONO_INCOMPLETE","Weakly Reject"
NA,"FAA_filterlen33","Bryophyta/Tracheophytes","NOT_MONO",NA,"CAN_MONO_INCOMPLETE","Weakly Reject"
NA,"FAA_filterlen33","Bryophyta/Tracheophytes","NOT_MONO",NA,"CAN_MONO_INCOMPLETE","Weakly Reject"
NA,"FAA_filterlen33","Bryophyta/Tracheophytes","IS_MONO_INCOMPLETE",100,"IS_MONO_INCOMPLETE","Strongly Supported"
NA,"FAA_filterlen33","Bryophyta/Tracheophytes","NOT_MONO",NA,"CAN_MONO_INCOMPLETE","Weakly Reject"
NA,"FAA_filterlen33","Bryophyta/Tracheophytes","NOT_MONO",NA,"CAN_MONO_INCOMPLETE","Weakly Reject"
NA,"FAA_filterlen33","Bryophyta/Tracheophytes","NOT_MONO",NA,"CAN_MONO_INCOMPLETE","Weakly Reject"
NA,"FAA_filterlen33","Bryophyta/Tracheophytes","IS_MONO_INCOMPLETE",20,"CAN_MONO_INCOMPLETE","Weakly Supported"
NA,"FAA_filterlen33","Bryophyta/Tracheophytes","NOT_MONO",NA,"CAN_MONO_INCOMPLETE","Weakly Reject"
NA,"FAA_filterlen33","Bryophyta/Tracheophytes","CAN_MONO_INCOMPLETE",NA,"CAN_MONO_INCOMPLETE","Weakly Reject"
NA,"FAA_filterlen33","Bryophyta/Tracheophytes","NOT_MONO",NA,"CAN_MONO_INCOMPLETE","Weakly Reject"
NA,"FAA_filterlen33","Bryophyta/Tracheophytes","NOT_MONO",NA,"CAN_MONO_INCOMPLETE","Weakly Reject"
NA,"FAA_filterlen33","Bryophyta/Tracheophytes","NOT_MONO",NA,"NOT_MONO","Strongly Reject"
NA,"FAA_filterlen33","Bryophyta/Tracheophytes","IS_MONO_INCOMPLETE",1,"IS_MONO_INCOMPLETE","Strongly Supported"
NA,"FAA_filterlen33","Bryophyta/Tracheophytes","IS_MONO_INCOMPLETE",56,"CAN_MONO_INCOMPLETE","Weakly Supported"
NA,"FAA_filterlen33","Bryophyta/Tracheophytes","NOT_MONO",NA,"CAN_MONO_INCOMPLETE","Weakly Reject"
NA,"FAA_filterlen33","Bryophyta/Tracheophytes","IS_MONO_INCOMPLETE",37,"CAN_MONO_INCOMPLETE","Weakly Supported"
NA,"FAA_filterlen33","Bryophyta/Tracheophytes","NOT_MONO",NA,"CAN_MONO_INCOMPLETE","Weakly Reject"
NA,"FAA_filterlen33","Bryophyta/Tracheophytes","IS_MONO_INCOMPLETE",100,"IS_MONO_INCOMPLETE","Strongly Supported"
NA,"FAA_filterlen33","Bryophyta/Tracheophytes","COMP_MISSING",NA,"COMP_MISSING","Missing"
NA,"FAA_filterlen33","Bryophyta/Tracheophytes","NOT_MONO",NA,"NOT_MONO","Strongly Reject"
NA,"FAA_filterlen33","Bryophyta/Tracheophytes","IS_MONO_INCOMPLETE",66,"CAN_MONO_INCOMPLETE","Weakly Supported"
NA,"FAA_filterlen33","Bryophyta/Tracheophytes","IS_MONO_INCOMPLETE",100,"IS_MONO_INCOMPLETE","Strongly Supported"
NA,"FAA_filterlen33","Bryophyta/Tracheophytes","IS_MONO_INCOMPLETE",52,"CAN_MONO_INCOMPLETE","Weakly Supported"
NA,"FAA_filterlen33","Bryophyta/Tracheophytes","NOT_MONO",NA,"CAN_MONO_INCOMPLETE","Weakly Reject"
NA,"FAA_filterlen33","Bryophyta/Tracheophytes","NOT_MONO",NA,"CAN_MONO_INCOMPLETE","Weakly Reject"
NA,"FAA_filterlen33","Bryophyta/Tracheophytes","NOT_MONO",NA,"NOT_MONO","Strongly Reject"
NA,"FAA_filterlen33","Bryophyta/Tracheophytes","NOT_MONO",NA,"CAN_MONO_INCOMPLETE","Weakly Reject"
NA,"FAA_filterlen33","Bryophyta/Tracheophytes","NOT_MONO",NA,"CAN_MONO_INCOMPLETE","Weakly Reject"
NA,"FAA_filterlen33","Bryophyta/Tracheophytes","NOT_MONO",NA,"CAN_MONO_INCOMPLETE","Weakly Reject"
NA,"FAA_filterlen33","Bryophyta/Tracheophytes","COMP_MISSING",NA,"COMP_MISSING","Missing"
NA,"FAA_filterlen33","Bryophyta/Tracheophytes","NOT_MONO",NA,"CAN_MONO_INCOMPLETE","Weakly Reject"
NA,"FAA_filterlen33","Bryophyta/Tracheophytes","NOT_MONO",NA,"NOT_MONO","Strongly Reject"
NA,"FAA_filterlen33","Bryophyta/Tracheophytes","NOT_MONO",NA,"CAN_MONO_INCOMPLETE","Weakly Reject"
NA,"FAA_filterlen33","Bryophyta/Tracheophytes","COMP_MISSING",NA,"COMP_MISSING","Missing"
NA,"FAA_filterlen33","Bryophyta/Tracheophytes","NOT_MONO",NA,"NOT_MONO","Strongly Reject"
NA,"FAA_filterlen33","Bryophyta/Tracheophytes","NOT_MONO",NA,"CAN_MONO_INCOMPLETE","Weakly Reject"
NA,"FAA_filterlen33","Bryophyta/Tracheophytes","NOT_MONO",NA,"CAN_MONO_INCOMPLETE","Weakly Reject"
NA,"FAA_filterlen33","Bryophyta/Tracheophytes","NOT_MONO",NA,"CAN_MONO_INCOMPLETE","Weakly Reject"
NA,"FAA_filterlen33","Bryophyta/Tracheophytes","NOT_MONO",NA,"CAN_MONO_INCOMPLETE","Weakly Reject"
NA,"FAA_filterlen33","Bryophyta/Tracheophytes","NOT_MONO",NA,"CAN_MONO_INCOMPLETE","Weakly Reject"
NA,"FAA_filterlen33","Bryophyta/Tracheophytes","COMP_MISSING",NA,"COMP_MISSING","Missing"
NA,"FAA_filterlen33","Bryophyta/Tracheophytes","NOT_MONO",NA,"NOT_MONO","Strongly Reject"
NA,"FAA_filterlen33","Bryophyta/Tracheophytes","IS_MONO_INCOMPLETE",97,"IS_MONO_INCOMPLETE","Strongly Supported"
NA,"FAA_filterlen33","Bryophyta/Tracheophytes","CAN_MONO_INCOMPLETE",NA,"CAN_MONO_INCOMPLETE","Weakly Reject"
NA,"FAA_filterlen33","Bryophyta/Tracheophytes","NOT_MONO",NA,"NOT_MONO","Strongly Reject"
NA,"FAA_filterlen33","Bryophyta/Tracheophytes","NOT_MONO",NA,"CAN_MONO_INCOMPLETE","Weakly Reject"
NA,"FAA_filterlen33","Bryophyta/Tracheophytes","NOT_MONO",NA,"CAN_MONO_INCOMPLETE","Weakly Reject"
NA,"FAA_filterlen33","Bryophyta/Tracheophytes","IS_MONO_INCOMPLETE",53,"CAN_MONO_INCOMPLETE","Weakly Supported"
NA,"FAA_filterlen33","Bryophyta/Tracheophytes","NOT_MONO",NA,"NOT_MONO","Strongly Reject"
NA,"FAA_filterlen33","Bryophyta/Tracheophytes","NOT_MONO",NA,"CAN_MONO_INCOMPLETE","Weakly Reject"
NA,"FAA_filterlen33","Bryophyta/Tracheophytes","IS_MONO_INCOMPLETE",27,"CAN_MONO_INCOMPLETE","Weakly Supported"
NA,"FAA_filterlen33","Bryophyta/Tracheophytes","NOT_MONO",NA,"CAN_MONO_INCOMPLETE","Weakly Reject"
NA,"FAA_filterlen33","Bryophyta/Tracheophytes","NOT_MONO",NA,"NOT_MONO","Strongly Reject"
NA,"FAA_filterlen33","Bryophyta/Tracheophytes","NOT_MONO",NA,"CAN_MONO_INCOMPLETE","Weakly Reject"
NA,"FAA_filterlen33","Bryophyta/Tracheophytes","NOT_MONO",NA,"CAN_MONO_INCOMPLETE","Weakly Reject"
NA,"FAA_filterlen33","Bryophyta/Tracheophytes","NOT_MONO",NA,"CAN_MONO_INCOMPLETE","Weakly Reject"
NA,"FAA_filterlen33","Bryophyta/Tracheophytes","NOT_MONO",NA,"CAN_MONO_INCOMPLETE","Weakly Reject"
NA,"FAA_filterlen33","Bryophyta/Tracheophytes","NOT_MONO",NA,"CAN_MONO_INCOMPLETE","Weakly Reject"
NA,"FAA_filterlen33","Bryophyta/Tracheophytes","IS_MONO_INCOMPLETE",4,"CAN_MONO_INCOMPLETE","Weakly Supported"
NA,"FAA_filterlen33","Bryophyta/Tracheophytes","NOT_MONO",NA,"CAN_MONO_INCOMPLETE","Weakly Reject"
NA,"FAA_filterlen33","Bryophyta/Tracheophytes","COMP_MISSING",NA,"COMP_MISSING","Missing"
NA,"FAA_filterlen33","Bryophyta/Tracheophytes","NOT_MONO",NA,"NOT_MONO","Strongly Reject"
NA,"FAA_filterlen33","Bryophyta/Tracheophytes","NOT_MONO",NA,"CAN_MONO_INCOMPLETE","Weakly Reject"
NA,"FAA_filterlen33","Bryophyta/Tracheophytes","NOT_MONO",NA,"NOT_MONO","Strongly Reject"
NA,"FAA_filterlen33","Bryophyta/Tracheophytes","NOT_MONO",NA,"CAN_MONO_INCOMPLETE","Weakly Reject"
NA,"FAA_filterlen33","Bryophyta/Tracheophytes","NOT_MONO",NA,"NOT_MONO","Strongly Reject"
NA,"FAA_filterlen33","Bryophyta/Tracheophytes","NOT_MONO",NA,"CAN_MONO_INCOMPLETE","Weakly Reject"
NA,"FAA_filterlen33","Bryophyta/Tracheophytes","IS_MONO_INCOMPLETE",100,"IS_MONO_INCOMPLETE","Strongly Supported"
NA,"FAA_filterlen33","Bryophyta/Tracheophytes","NOT_MONO",NA,"CAN_MONO_INCOMPLETE","Weakly Reject"
NA,"FAA_filterlen33","Bryophyta/Tracheophytes","NOT_MONO",NA,"NOT_MONO","Strongly Reject"
NA,"FAA_filterlen33","Bryophyta/Tracheophytes","COMP_MISSING",NA,"COMP_MISSING","Missing"
NA,"FAA_filterlen33","Bryophyta/Tracheophytes","NOT_MONO",NA,"NOT_MONO","Strongly Reject"
NA,"FAA_filterlen33","Bryophyta/Tracheophytes","NOT_MONO",NA,"CAN_MONO_INCOMPLETE","Weakly Reject"
NA,"FAA_filterlen33","Bryophyta/Tracheophytes","NOT_MONO",NA,"CAN_MONO_INCOMPLETE","Weakly Reject"
NA,"FAA_filterlen33","Bryophyta/Tracheophytes","COMP_MISSING",NA,"COMP_MISSING","Missing"
NA,"FAA_filterlen33","Bryophyta/Tracheophytes","NOT_MONO",NA,"NOT_MONO","Strongly Reject"
NA,"FAA_filterlen33","Bryophyta/Tracheophytes","NOT_MONO",NA,"NOT_MONO","Strongly Reject"
NA,"FAA_filterlen33","Bryophyta/Tracheophytes","COMP_MISSING",NA,"COMP_MISSING","Missing"
NA,"FAA_filterlen33","Bryophyta/Tracheophytes","NOT_MONO",NA,"CAN_MONO_INCOMPLETE","Weakly Reject"
NA,"FAA_filterlen33","Bryophyta/Tracheophytes","NOT_MONO",NA,"CAN_MONO_INCOMPLETE","Weakly Reject"
NA,"FAA_filterlen33","Bryophyta/Tracheophytes","COMP_MISSING",NA,"COMP_MISSING","Missing"
NA,"FAA_filterlen33","Bryophyta/Tracheophytes","COMP_MISSING",NA,"COMP_MISSING","Missing"
NA,"FAA_filterlen33","Bryophyta/Tracheophytes","NOT_MONO",NA,"CAN_MONO_INCOMPLETE","Weakly Reject"
NA,"FAA_filterlen33","Bryophyta/Tracheophytes","NOT_MONO",NA,"CAN_MONO_INCOMPLETE","Weakly Reject"
NA,"FAA_filterlen33","Bryophyta/Tracheophytes","NOT_MONO",NA,"CAN_MONO_INCOMPLETE","Weakly Reject"
NA,"FAA_filterlen33","Bryophyta/Tracheophytes","NOT_MONO",NA,"CAN_MONO_INCOMPLETE","Weakly Reject"
NA,"FAA_filterlen33","Bryophyta/Tracheophytes","IS_MONO_INCOMPLETE",1,"IS_MONO_INCOMPLETE","Strongly Supported"
NA,"FAA_filterlen33","Bryophyta/Tracheophytes","NOT_MONO",NA,"NOT_MONO","Strongly Reject"
NA,"FAA_filterlen33","Bryophyta/Tracheophytes","COMP_MISSING",NA,"COMP_MISSING","Missing"
NA,"FAA_filterlen33","Bryophyta/Tracheophytes","NOT_MONO",NA,"NOT_MONO","Strongly Reject"
NA,"FAA_filterlen33","Bryophyta/Tracheophytes","CAN_MONO_INCOMPLETE",NA,"CAN_MONO_INCOMPLETE","Weakly Reject"
NA,"FAA_filterlen33","Bryophyta/Tracheophytes","NOT_MONO",NA,"CAN_MONO_INCOMPLETE","Weakly Reject"
NA,"FAA_filterlen33","Bryophyta/Tracheophytes","CAN_MONO_INCOMPLETE",NA,"CAN_MONO_INCOMPLETE","Weakly Reject"
NA,"FAA_filterlen33","Bryophyta/Tracheophytes","NOT_MONO",NA,"CAN_MONO_INCOMPLETE","Weakly Reject"
NA,"FAA_filterlen33","Bryophyta/Tracheophytes","NOT_MONO",NA,"CAN_MONO_INCOMPLETE","Weakly Reject"
NA,"FAA_filterlen33","Bryophyta/Tracheophytes","IS_MONO_INCOMPLETE",18,"CAN_MONO_INCOMPLETE","Weakly Supported"
NA,"FAA_filterlen33","Bryophyta/Tracheophytes","COMP_MISSING",NA,"COMP_MISSING","Missing"
NA,"FAA_filterlen33","Bryophyta/Tracheophytes","NOT_MONO",NA,"CAN_MONO_INCOMPLETE","Weakly Reject"
NA,"FAA_filterlen33","Bryophyta/Tracheophytes","NOT_MONO",NA,"NOT_MONO","Strongly Reject"
NA,"FAA_filterlen33","Bryophyta/Tracheophytes","CAN_MONO_INCOMPLETE",NA,"CAN_MONO_INCOMPLETE","Weakly Reject"
NA,"FAA_filterlen33","Bryophyta/Tracheophytes","IS_MONO_INCOMPLETE",57,"CAN_MONO_INCOMPLETE","Weakly Supported"
NA,"FAA_filterlen33","Bryophyta/Tracheophytes","NOT_MONO",NA,"CAN_MONO_INCOMPLETE","Weakly Reject"
NA,"FAA_filterlen33","Bryophyta/Tracheophytes","NOT_MONO",NA,"CAN_MONO_INCOMPLETE","Weakly Reject"
NA,"FAA_filterlen33","Bryophyta/Tracheophytes","NOT_MONO",NA,"CAN_MONO_INCOMPLETE","Weakly Reject"
NA,"FAA_filterlen33","Bryophyta/Tracheophytes","NOT_MONO",NA,"CAN_MONO_INCOMPLETE","Weakly Reject"
NA,"FAA_filterlen33","Bryophyta/Tracheophytes","NOT_MONO",NA,"CAN_MONO_INCOMPLETE","Weakly Reject"
NA,"FAA_filterlen33","Bryophyta/Tracheophytes","IS_MONO_INCOMPLETE",12,"CAN_MONO_INCOMPLETE","Weakly Supported"
NA,"FAA_filterlen33","Bryophyta/Tracheophytes","NOT_MONO",NA,"NOT_MONO","Strongly Reject"
NA,"FAA_filterlen33","Bryophyta/Tracheophytes","NOT_MONO",NA,"CAN_MONO_INCOMPLETE","Weakly Reject"
NA,"FAA_filterlen33","Bryophyta/Tracheophytes","NOT_MONO",NA,"CAN_MONO_INCOMPLETE","Weakly Reject"
NA,"FAA_filterlen33","Bryophyta/Tracheophytes","NOT_MONO",NA,"CAN_MONO_INCOMPLETE","Weakly Reject"
NA,"FAA_filterlen33","Bryophyta/Tracheophytes","NOT_MONO",NA,"CAN_MONO_INCOMPLETE","Weakly Reject"
NA,"FAA_filterlen33","Bryophyta/Tracheophytes","NOT_MONO",NA,"CAN_MONO_INCOMPLETE","Weakly Reject"
NA,"FAA_filterlen33","Bryophyta/Tracheophytes","COMP_MISSING",NA,"COMP_MISSING","Missing"
NA,"FAA_filterlen33","Bryophyta/Tracheophytes","NOT_MONO",NA,"CAN_MONO_INCOMPLETE","Weakly Reject"
NA,"FAA_filterlen33","Bryophyta/Tracheophytes","NOT_MONO",NA,"CAN_MONO_INCOMPLETE","Weakly Reject"
NA,"FAA_filterlen33","Bryophyta/Tracheophytes","NOT_MONO",NA,"CAN_MONO_INCOMPLETE","Weakly Reject"
NA,"FAA_filterlen33","Bryophyta/Tracheophytes","COMP_MISSING",NA,"COMP_MISSING","Missing"
NA,"FAA_filterlen33","Bryophyta/Tracheophytes","NOT_MONO",NA,"CAN_MONO_INCOMPLETE","Weakly Reject"
NA,"FAA_filterlen33","Bryophyta/Tracheophytes","NOT_MONO",NA,"NOT_MONO","Strongly Reject"
NA,"FAA_filterlen33","Bryophyta/Tracheophytes","IS_MONO_INCOMPLETE",49,"CAN_MONO_INCOMPLETE","Weakly Supported"
NA,"FAA_filterlen33","Bryophyta/Tracheophytes","NOT_MONO",NA,"CAN_MONO_INCOMPLETE","Weakly Reject"
NA,"FAA_filterlen33","Bryophyta/Tracheophytes","COMP_MISSING",NA,"COMP_MISSING","Missing"
NA,"FAA_filterlen33","Bryophyta/Tracheophytes","NOT_MONO",NA,"NOT_MONO","Strongly Reject"
NA,"FAA_filterlen33","Bryophyta/Tracheophytes","NOT_MONO",NA,"CAN_MONO_INCOMPLETE","Weakly Reject"
NA,"FAA_filterlen33","Bryophyta/Tracheophytes","NOT_MONO",NA,"CAN_MONO_INCOMPLETE","Weakly Reject"
NA,"FAA_filterlen33","Bryophyta/Tracheophytes","IS_MONO_INCOMPLETE",1,"IS_MONO_INCOMPLETE","Strongly Supported"
NA,"FAA_filterlen33","Bryophyta/Tracheophytes","CAN_MONO_INCOMPLETE",NA,"CAN_MONO_INCOMPLETE","Weakly Reject"
NA,"FAA_filterlen33","Bryophyta/Tracheophytes","NOT_MONO",NA,"CAN_MONO_INCOMPLETE","Weakly Reject"
NA,"FAA_filterlen33","Bryophyta/Tracheophytes","COMP_MISSING",NA,"COMP_MISSING","Missing"
NA,"FAA_filterlen33","Bryophyta/Tracheophytes","NOT_MONO",NA,"CAN_MONO_INCOMPLETE","Weakly Reject"
NA,"FAA_filterlen33","Bryophyta/Tracheophytes","NOT_MONO",NA,"NOT_MONO","Strongly Reject"
NA,"FAA_filterlen33","Bryophyta/Tracheophytes","IS_MONO_INCOMPLETE",1,"IS_MONO_INCOMPLETE","Strongly Supported"
NA,"FAA_filterlen33","Bryophyta/Tracheophytes","COMP_MISSING",NA,"COMP_MISSING","Missing"
NA,"FAA_filterlen33","Bryophyta/Tracheophytes","NOT_MONO",NA,"CAN_MONO_INCOMPLETE","Weakly Reject"
NA,"FAA_filterlen33","Bryophyta/Tracheophytes","NOT_MONO",NA,"NOT_MONO","Strongly Reject"
NA,"FAA_filterlen33","Bryophyta/Tracheophytes","CAN_MONO_INCOMPLETE",NA,"CAN_MONO_INCOMPLETE","Weakly Reject"
NA,"FAA_filterlen33","Bryophyta/Tracheophytes","CAN_MONO_INCOMPLETE",NA,"CAN_MONO_INCOMPLETE","Weakly Reject"
NA,"FAA_filterlen33","Bryophyta/Tracheophytes","NOT_MONO",NA,"CAN_MONO_INCOMPLETE","Weakly Reject"
NA,"FAA_filterlen33","Bryophyta/Tracheophytes","NOT_MONO",NA,"CAN_MONO_INCOMPLETE","Weakly Reject"
NA,"FAA_filterlen33","Bryophyta/Tracheophytes","IS_MONO_INCOMPLETE",60,"CAN_MONO_INCOMPLETE","Weakly Supported"
NA,"FAA_filterlen33","Bryophyta/Tracheophytes","NOT_MONO",NA,"CAN_MONO_INCOMPLETE","Weakly Reject"
NA,"FAA_filterlen33","Bryophyta/Tracheophytes","NOT_MONO",NA,"CAN_MONO_INCOMPLETE","Weakly Reject"
NA,"FAA_filterlen33","Bryophyta/Tracheophytes","CAN_MONO_INCOMPLETE",NA,"CAN_MONO_INCOMPLETE","Weakly Reject"
NA,"FAA_filterlen33","Bryophyta/Tracheophytes","NOT_MONO",NA,"CAN_MONO_INCOMPLETE","Weakly Reject"
NA,"FAA_filterlen33","Bryophyta/Tracheophytes","COMP_MISSING",NA,"COMP_MISSING","Missing"
NA,"FAA_filterlen33","Bryophyta/Tracheophytes","NOT_MONO",NA,"CAN_MONO_INCOMPLETE","Weakly Reject"
NA,"FAA_filterlen33","Bryophyta/Tracheophytes","NOT_MONO",NA,"CAN_MONO_INCOMPLETE","Weakly Reject"
NA,"FAA_filterlen33","Bryophyta/Tracheophytes","NOT_MONO",NA,"CAN_MONO_INCOMPLETE","Weakly Reject"
NA,"FAA_filterlen33","Bryophyta/Tracheophytes","IS_MONO_INCOMPLETE",1,"IS_MONO_INCOMPLETE","Strongly Supported"
NA,"FAA_filterlen33","Bryophyta/Tracheophytes","IS_MONO_INCOMPLETE",100,"IS_MONO_INCOMPLETE","Strongly Supported"
NA,"FAA_filterlen33","Bryophyta/Tracheophytes","CAN_MONO_INCOMPLETE",NA,"CAN_MONO_INCOMPLETE","Weakly Reject"
NA,"FAA_filterlen33","Bryophyta/Tracheophytes","NOT_MONO",NA,"CAN_MONO_INCOMPLETE","Weakly Reject"
NA,"FAA_filterlen33","Bryophyta/Tracheophytes","NOT_MONO",NA,"CAN_MONO_INCOMPLETE","Weakly Reject"
NA,"FAA_filterlen33","Bryophyta/Tracheophytes","NOT_MONO",NA,"CAN_MONO_INCOMPLETE","Weakly Reject"
NA,"FAA_filterlen33","Bryophyta/Tracheophytes","NOT_MONO",NA,"CAN_MONO_INCOMPLETE","Weakly Reject"
NA,"FAA_filterlen33","Bryophyta/Tracheophytes","IS_MONO_INCOMPLETE",91,"IS_MONO_INCOMPLETE","Strongly Supported"
NA,"FAA_filterlen33","Bryophyta/Tracheophytes","NOT_MONO",NA,"CAN_MONO_INCOMPLETE","Weakly Reject"
NA,"FAA_filterlen33","Bryophyta/Tracheophytes","NOT_MONO",NA,"CAN_MONO_INCOMPLETE","Weakly Reject"
NA,"FAA_filterlen33","Bryophyta/Tracheophytes","COMP_MISSING",NA,"COMP_MISSING","Missing"
NA,"FAA_filterlen33","Bryophyta/Tracheophytes","NOT_MONO",NA,"CAN_MONO_INCOMPLETE","Weakly Reject"
NA,"FAA_filterlen33","Bryophyta/Tracheophytes","NOT_MONO",NA,"CAN_MONO_INCOMPLETE","Weakly Reject"
NA,"FAA_filterlen33","Bryophyta/Tracheophytes","NOT_MONO",NA,"CAN_MONO_INCOMPLETE","Weakly Reject"
NA,"FAA_filterlen33","Bryophyta/Tracheophytes","NOT_MONO",NA,"CAN_MONO_INCOMPLETE","Weakly Reject"
NA,"FAA_filterlen33","Bryophyta/Tracheophytes","CAN_MONO_INCOMPLETE",NA,"CAN_MONO_INCOMPLETE","Weakly Reject"
NA,"FAA_filterlen33","Bryophyta/Tracheophytes","NOT_MONO",NA,"CAN_MONO_INCOMPLETE","Weakly Reject"
NA,"FAA_filterlen33","Bryophyta/Tracheophytes","NOT_MONO",NA,"CAN_MONO_INCOMPLETE","Weakly Reject"
NA,"FAA_filterlen33","Bryophyta/Tracheophytes","NOT_MONO",NA,"CAN_MONO_INCOMPLETE","Weakly Reject"
NA,"FAA_filterlen33","Bryophyta/Tracheophytes","IS_MONO_INCOMPLETE",40,"CAN_MONO_INCOMPLETE","Weakly Supported"
NA,"FAA_filterlen33","Bryophyta/Tracheophytes","NOT_MONO",NA,"NOT_MONO","Strongly Reject"
NA,"FAA_filterlen33","Bryophyta/Tracheophytes","NOT_MONO",NA,"NOT_MONO","Strongly Reject"
NA,"FAA_filterlen33","Bryophyta/Tracheophytes","NOT_MONO",NA,"CAN_MONO_INCOMPLETE","Weakly Reject"
NA,"FAA_filterlen33","Bryophyta/Tracheophytes","NOT_MONO",NA,"CAN_MONO_INCOMPLETE","Weakly Reject"
NA,"FAA_filterlen33","Bryophyta/Tracheophytes","NOT_MONO",NA,"CAN_MONO_INCOMPLETE","Weakly Reject"
NA,"FAA_filterlen33","Bryophyta/Tracheophytes","NOT_MONO",NA,"CAN_MONO_INCOMPLETE","Weakly Reject"
NA,"FAA_filterlen33","Bryophyta/Tracheophytes","NOT_MONO",NA,"CAN_MONO_INCOMPLETE","Weakly Reject"
NA,"FAA_filterlen33","Bryophyta/Tracheophytes","NOT_MONO",NA,"NOT_MONO","Strongly Reject"
NA,"FAA_filterlen33","Bryophyta/Tracheophytes","NOT_MONO",NA,"CAN_MONO_INCOMPLETE","Weakly Reject"
NA,"FAA_filterlen33","Bryophyta/Tracheophytes","CAN_MONO_INCOMPLETE",NA,"CAN_MONO_INCOMPLETE","Weakly Reject"
NA,"FAA_filterlen33","Bryophyta/Tracheophytes","COMP_MISSING",NA,"COMP_MISSING","Missing"
NA,"FAA_filterlen33","Bryophyta/Tracheophytes","NOT_MONO",NA,"CAN_MONO_INCOMPLETE","Weakly Reject"
NA,"FAA_filterlen33","Bryophyta/Tracheophytes","NOT_MONO",NA,"CAN_MONO_INCOMPLETE","Weakly Reject"
NA,"FAA_filterlen33","Bryophyta/Tracheophytes","NOT_MONO",NA,"CAN_MONO_INCOMPLETE","Weakly Reject"
NA,"FAA_filterlen33","Bryophyta/Tracheophytes","COMP_MISSING",NA,"COMP_MISSING","Missing"
NA,"FAA_filterlen33","Bryophyta/Tracheophytes","NOT_MONO",NA,"CAN_MONO_INCOMPLETE","Weakly Reject"
NA,"FAA_filterlen33","Bryophyta/Tracheophytes","NOT_MONO",NA,"CAN_MONO_INCOMPLETE","Weakly Reject"
NA,"FAA_filterlen33","Bryophyta/Tracheophytes","NOT_MONO",NA,"CAN_MONO_INCOMPLETE","Weakly Reject"
NA,"FAA_filterlen33","Bryophyta/Tracheophytes","IS_MONO_INCOMPLETE",39,"CAN_MONO_INCOMPLETE","Weakly Supported"
NA,"FAA_filterlen33","Bryophyta/Tracheophytes","NOT_MONO",NA,"CAN_MONO_INCOMPLETE","Weakly Reject"
NA,"FAA_filterlen33","Bryophyta/Tracheophytes","CAN_MONO_INCOMPLETE",NA,"CAN_MONO_INCOMPLETE","Weakly Reject"
NA,"FAA_filterlen33","Bryophyta/Tracheophytes","NOT_MONO",NA,"CAN_MONO_INCOMPLETE","Weakly Reject"
NA,"FAA_filterlen33","Bryophyta/Tracheophytes","CAN_MONO_INCOMPLETE",NA,"CAN_MONO_INCOMPLETE","Weakly Reject"
NA,"FAA_filterlen33","Bryophyta/Tracheophytes","NOT_MONO",NA,"NOT_MONO","Strongly Reject"
NA,"FAA_filterlen33","Bryophyta/Tracheophytes","CAN_MONO_INCOMPLETE",NA,"CAN_MONO_INCOMPLETE","Weakly Reject"
NA,"FAA_filterlen33","Bryophyta/Tracheophytes","NOT_MONO",NA,"CAN_MONO_INCOMPLETE","Weakly Reject"
NA,"FAA_filterlen33","Bryophyta/Tracheophytes","CAN_MONO_INCOMPLETE",NA,"CAN_MONO_INCOMPLETE","Weakly Reject"
NA,"FAA_filterlen33","Bryophyta/Tracheophytes","COMP_MISSING",NA,"COMP_MISSING","Missing"
NA,"FAA_filterlen33","Bryophyta/Tracheophytes","NOT_MONO",NA,"CAN_MONO_INCOMPLETE","Weakly Reject"
NA,"FAA_filterlen33","Bryophyta/Tracheophytes","NOT_MONO",NA,"NOT_MONO","Strongly Reject"
NA,"FAA_filterlen33","Bryophyta/Tracheophytes","NOT_MONO",NA,"CAN_MONO_INCOMPLETE","Weakly Reject"
NA,"FAA_filterlen33","Bryophyta/Tracheophytes","IS_MONO_INCOMPLETE",1,"IS_MONO_INCOMPLETE","Strongly Supported"
NA,"FAA_filterlen33","Bryophyta/Tracheophytes","NOT_MONO",NA,"CAN_MONO_INCOMPLETE","Weakly Reject"
NA,"FAA_filterlen33","Bryophyta/Tracheophytes","NOT_MONO",NA,"NOT_MONO","Strongly Reject"
NA,"FAA_filterlen33","Bryophyta/Tracheophytes","IS_MONO_INCOMPLETE",1,"IS_MONO_INCOMPLETE","Strongly Supported"
NA,"FAA_filterlen33","Bryophyta/Tracheophytes","NOT_MONO",NA,"CAN_MONO_INCOMPLETE","Weakly Reject"
NA,"FAA_filterlen33","Bryophyta/Tracheophytes","NOT_MONO",NA,"CAN_MONO_INCOMPLETE","Weakly Reject"
NA,"FAA_filterlen33","Bryophyta/Tracheophytes","NOT_MONO",NA,"CAN_MONO_INCOMPLETE","Weakly Reject"
NA,"FAA_filterlen33","Bryophyta/Tracheophytes","CAN_MONO_INCOMPLETE",NA,"CAN_MONO_INCOMPLETE","Weakly Reject"
NA,"FAA_filterlen33","Bryophyta/Tracheophytes","NOT_MONO",NA,"NOT_MONO","Strongly Reject"
NA,"FAA_filterlen33","Bryophyta/Tracheophytes","NOT_MONO",NA,"CAN_MONO_INCOMPLETE","Weakly Reject"
NA,"FAA_filterlen33","Bryophyta/Tracheophytes","NOT_MONO",NA,"CAN_MONO_INCOMPLETE","Weakly Reject"
NA,"FAA_filterlen33","Bryophyta/Tracheophytes","IS_MONO_INCOMPLETE",99,"IS_MONO_INCOMPLETE","Strongly Supported"
NA,"FAA_filterlen33","Bryophyta/Tracheophytes","NOT_MONO",NA,"CAN_MONO_INCOMPLETE","Weakly Reject"
NA,"FAA_filterlen33","Bryophyta/Tracheophytes","IS_MONO_INCOMPLETE",1,"IS_MONO_INCOMPLETE","Strongly Supported"
NA,"FAA_filterlen33","Bryophyta/Tracheophytes","COMP_MISSING",NA,"COMP_MISSING","Missing"
NA,"FAA_filterlen33","Bryophyta/Tracheophytes","COMP_MISSING",NA,"COMP_MISSING","Missing"
NA,"FAA_filterlen33","Bryophyta/Tracheophytes","NOT_MONO",NA,"CAN_MONO_INCOMPLETE","Weakly Reject"
NA,"FAA_filterlen33","Bryophyta/Tracheophytes","NOT_MONO",NA,"CAN_MONO_INCOMPLETE","Weakly Reject"
NA,"FAA_filterlen33","Bryophyta/Tracheophytes","IS_MONO_INCOMPLETE",27,"CAN_MONO_INCOMPLETE","Weakly Supported"
NA,"FAA_filterlen33","Bryophyta/Tracheophytes","NOT_MONO",NA,"CAN_MONO_INCOMPLETE","Weakly Reject"
NA,"FAA_filterlen33","Bryophyta/Tracheophytes","NOT_MONO",NA,"CAN_MONO_INCOMPLETE","Weakly Reject"
NA,"FAA_filterlen33","Bryophyta/Tracheophytes","NOT_MONO",NA,"CAN_MONO_INCOMPLETE","Weakly Reject"
NA,"FAA_filterlen33","Bryophyta/Tracheophytes","COMP_MISSING",NA,"COMP_MISSING","Missing"
NA,"FAA_filterlen33","Bryophyta/Tracheophytes","COMP_MISSING",NA,"COMP_MISSING","Missing"
NA,"FAA_filterlen33","Bryophyta/Tracheophytes","IS_MONO_INCOMPLETE",89,"IS_MONO_INCOMPLETE","Strongly Supported"
NA,"FAA_filterlen33","Bryophyta/Tracheophytes","NOT_MONO",NA,"CAN_MONO_INCOMPLETE","Weakly Reject"
NA,"FAA_filterlen33","Bryophyta/Tracheophytes","NOT_MONO",NA,"CAN_MONO_INCOMPLETE","Weakly Reject"
NA,"FAA_filterlen33","Bryophyta/Tracheophytes","COMP_MISSING",NA,"COMP_MISSING","Missing"
NA,"FAA_filterlen33","Bryophyta/Tracheophytes","NOT_MONO",NA,"CAN_MONO_INCOMPLETE","Weakly Reject"
NA,"FAA_filterlen33","Bryophyta/Tracheophytes","NOT_MONO",NA,"CAN_MONO_INCOMPLETE","Weakly Reject"
NA,"FAA_filterlen33","Bryophyta/Tracheophytes","NOT_MONO",NA,"CAN_MONO_INCOMPLETE","Weakly Reject"
NA,"FAA_filterlen33","Bryophyta/Tracheophytes","NOT_MONO",NA,"CAN_MONO_INCOMPLETE","Weakly Reject"
NA,"FAA_filterlen33","Bryophyta/Tracheophytes","NOT_MONO",NA,"CAN_MONO_INCOMPLETE","Weakly Reject"
NA,"FAA_filterlen33","Bryophyta/Tracheophytes","NOT_MONO",NA,"CAN_MONO_INCOMPLETE","Weakly Reject"
NA,"FAA_filterlen33","Bryophyta/Tracheophytes","COMP_MISSING",NA,"COMP_MISSING","Missing"
NA,"FAA_filterlen33","Bryophyta/Tracheophytes","NOT_MONO",NA,"CAN_MONO_INCOMPLETE","Weakly Reject"
NA,"FAA_filterlen33","Bryophyta/Tracheophytes","IS_MONO_INCOMPLETE",43,"CAN_MONO_INCOMPLETE","Weakly Supported"
NA,"FAA_filterlen33","Bryophyta/Tracheophytes","NOT_MONO",NA,"CAN_MONO_INCOMPLETE","Weakly Reject"
NA,"FAA_filterlen33","Bryophyta/Tracheophytes","NOT_MONO",NA,"CAN_MONO_INCOMPLETE","Weakly Reject"
NA,"FAA_filterlen33","Bryophyta/Tracheophytes","IS_MONO_INCOMPLETE",65,"CAN_MONO_INCOMPLETE","Weakly Supported"
NA,"FAA_filterlen33","Bryophyta/Tracheophytes","COMP_MISSING",NA,"COMP_MISSING","Missing"
NA,"FAA_filterlen33","Bryophyta/Tracheophytes","NOT_MONO",NA,"CAN_MONO_INCOMPLETE","Weakly Reject"
NA,"FAA_filterlen33","Bryophyta/Tracheophytes","NOT_MONO",NA,"CAN_MONO_INCOMPLETE","Weakly Reject"
NA,"FAA_filterlen33","Bryophyta/Tracheophytes","COMP_MISSING",NA,"COMP_MISSING","Missing"
NA,"FAA_filterlen33","Bryophyta/Tracheophytes","NOT_MONO",NA,"CAN_MONO_INCOMPLETE","Weakly Reject"
NA,"FAA_filterlen33","Bryophyta/Tracheophytes","NOT_MONO",NA,"NOT_MONO","Strongly Reject"
NA,"FAA_filterlen33","Bryophyta/Tracheophytes","NOT_MONO",NA,"CAN_MONO_INCOMPLETE","Weakly Reject"
NA,"FAA_filterlen33","Bryophyta/Tracheophytes","COMP_MISSING",NA,"COMP_MISSING","Missing"
NA,"FAA_filterlen33","Bryophyta/Tracheophytes","NOT_MONO",NA,"NOT_MONO","Strongly Reject"
NA,"FAA_filterlen33","Bryophyta/Tracheophytes","NOT_MONO",NA,"CAN_MONO_INCOMPLETE","Weakly Reject"
NA,"FAA_filterlen33","Bryophyta/Tracheophytes","NOT_MONO",NA,"CAN_MONO_INCOMPLETE","Weakly Reject"
NA,"FAA_filterlen33","Bryophyta/Tracheophytes","NOT_MONO",NA,"CAN_MONO_INCOMPLETE","Weakly Reject"
NA,"FAA_filterlen33","Bryophyta/Tracheophytes","IS_MONO_INCOMPLETE",94,"IS_MONO_INCOMPLETE","Strongly Supported"
NA,"FAA_filterlen33","Bryophyta/Tracheophytes","COMP_MISSING",NA,"COMP_MISSING","Missing"
NA,"FAA_filterlen33","Bryophyta/Tracheophytes","COMP_MISSING",NA,"COMP_MISSING","Missing"
NA,"FAA_filterlen33","Bryophyta/Tracheophytes","NOT_MONO",NA,"CAN_MONO_INCOMPLETE","Weakly Reject"
NA,"FAA_filterlen33","Bryophyta/Tracheophytes","NOT_MONO",NA,"NOT_MONO","Strongly Reject"
NA,"FAA_filterlen33","Bryophyta/Tracheophytes","NOT_MONO",NA,"CAN_MONO_INCOMPLETE","Weakly Reject"
NA,"FAA_filterlen33","Bryophyta/Tracheophytes","IS_MONO_INCOMPLETE",65,"CAN_MONO_INCOMPLETE","Weakly Supported"
NA,"FAA_filterlen33","Bryophyta/Tracheophytes","NOT_MONO",NA,"CAN_MONO_INCOMPLETE","Weakly Reject"
NA,"FAA_filterlen33","Bryophyta/Tracheophytes","NOT_MONO",NA,"NOT_MONO","Strongly Reject"
NA,"FAA_filterlen33","Bryophyta/Tracheophytes","COMP_MISSING",NA,"COMP_MISSING","Missing"
NA,"FAA_filterlen33","Bryophyta/Tracheophytes","NOT_MONO",NA,"CAN_MONO_INCOMPLETE","Weakly Reject"
NA,"FAA_filterlen33","Bryophyta/Tracheophytes","NOT_MONO",NA,"CAN_MONO_INCOMPLETE","Weakly Reject"
NA,"FAA_filterlen33","Bryophyta/Tracheophytes","NOT_MONO",NA,"CAN_MONO_INCOMPLETE","Weakly Reject"
NA,"FAA_filterlen33","Bryophyta/Tracheophytes","NOT_MONO",NA,"CAN_MONO_INCOMPLETE","Weakly Reject"
NA,"FAA_filterlen33","Bryophyta/Tracheophytes","NOT_MONO",NA,"CAN_MONO_INCOMPLETE","Weakly Reject"
NA,"FAA_filterlen33","Bryophyta/Tracheophytes","COMP_MISSING",NA,"COMP_MISSING","Missing"
NA,"FAA_filterlen33","Bryophyta/Tracheophytes","NOT_MONO",NA,"CAN_MONO_INCOMPLETE","Weakly Reject"
NA,"FAA_filterlen33","Bryophyta/Tracheophytes","NOT_MONO",NA,"CAN_MONO_INCOMPLETE","Weakly Reject"
NA,"FAA_filterlen33","Bryophyta/Tracheophytes","NOT_MONO",NA,"CAN_MONO_INCOMPLETE","Weakly Reject"
NA,"FAA_filterlen33","Bryophyta/Tracheophytes","NOT_MONO",NA,"CAN_MONO_INCOMPLETE","Weakly Reject"
NA,"FAA_filterlen33","Bryophyta/Tracheophytes","NOT_MONO",NA,"CAN_MONO_INCOMPLETE","Weakly Reject"
NA,"FAA_filterlen33","Bryophyta/Tracheophytes","COMP_MISSING",NA,"COMP_MISSING","Missing"
NA,"FAA_filterlen33","Bryophyta/Tracheophytes","NOT_MONO",NA,"CAN_MONO_INCOMPLETE","Weakly Reject"
NA,"FAA_filterlen33","Bryophyta/Tracheophytes","COMP_MISSING",NA,"COMP_MISSING","Missing"
NA,"FAA_filterlen33","Bryophyta/Tracheophytes","NOT_MONO",NA,"CAN_MONO_INCOMPLETE","Weakly Reject"
NA,"FAA_filterlen33","Bryophyta/Tracheophytes","NOT_MONO",NA,"CAN_MONO_INCOMPLETE","Weakly Reject"
NA,"FAA_filterlen33","Bryophyta/Tracheophytes","NOT_MONO",NA,"CAN_MONO_INCOMPLETE","Weakly Reject"
NA,"FAA_filterlen33","Bryophyta/Tracheophytes","NOT_MONO",NA,"CAN_MONO_INCOMPLETE","Weakly Reject"
NA,"FAA_filterlen33","Bryophyta/Tracheophytes","IS_MONO_INCOMPLETE",100,"IS_MONO_INCOMPLETE","Strongly Supported"
NA,"FAA_filterlen33","Bryophyta/Tracheophytes","CAN_MONO_INCOMPLETE",NA,"CAN_MONO_INCOMPLETE","Weakly Reject"
NA,"FAA_filterlen33","Bryophyta/Tracheophytes","NOT_MONO",NA,"CAN_MONO_INCOMPLETE","Weakly Reject"
NA,"FAA_filterlen33","Bryophyta/Tracheophytes","NOT_MONO",NA,"CAN_MONO_INCOMPLETE","Weakly Reject"
NA,"FAA_filterlen33","Bryophyta/Tracheophytes","NOT_MONO",NA,"CAN_MONO_INCOMPLETE","Weakly Reject"
NA,"FAA_filterlen33","Bryophyta/Tracheophytes","NOT_MONO",NA,"CAN_MONO_INCOMPLETE","Weakly Reject"
NA,"FAA_filterlen33","Bryophyta/Tracheophytes","COMP_MISSING",NA,"COMP_MISSING","Missing"
NA,"FAA_filterlen33","Bryophyta/Tracheophytes","COMP_MISSING",NA,"COMP_MISSING","Missing"
NA,"FAA_filterlen33","Bryophyta/Tracheophytes","COMP_MISSING",NA,"COMP_MISSING","Missing"
NA,"FAA_filterlen33","Bryophyta/Tracheophytes","NOT_MONO",NA,"CAN_MONO_INCOMPLETE","Weakly Reject"
NA,"FAA_filterlen33","Bryophyta/Tracheophytes","NOT_MONO",NA,"NOT_MONO","Strongly Reject"
NA,"FAA_filterlen33","Bryophyta/Tracheophytes","CAN_MONO_INCOMPLETE",NA,"CAN_MONO_INCOMPLETE","Weakly Reject"
NA,"FAA_filterlen33","Bryophyta/Tracheophytes","NOT_MONO",NA,"CAN_MONO_INCOMPLETE","Weakly Reject"
NA,"FAA_filterlen33","Bryophyta/Tracheophytes","CAN_MONO_INCOMPLETE",NA,"CAN_MONO_INCOMPLETE","Weakly Reject"
NA,"FAA_filterlen33","Bryophyta/Tracheophytes","NOT_MONO",NA,"CAN_MONO_INCOMPLETE","Weakly Reject"
NA,"FAA_filterlen33","Bryophyta/Tracheophytes","COMP_MISSING",NA,"COMP_MISSING","Missing"
NA,"FAA_filterlen33","Bryophyta/Tracheophytes","NOT_MONO",NA,"CAN_MONO_INCOMPLETE","Weakly Reject"
NA,"FAA_filterlen33","Bryophyta/Tracheophytes","COMP_MISSING",NA,"COMP_MISSING","Missing"
NA,"FAA_filterlen33","Bryophyta/Tracheophytes","NOT_MONO",NA,"CAN_MONO_INCOMPLETE","Weakly Reject"
NA,"FAA_filterlen33","Bryophyta/Tracheophytes","COMP_MISSING",NA,"COMP_MISSING","Missing"
NA,"FAA_filterlen33","Bryophyta/Tracheophytes","NOT_MONO",NA,"CAN_MONO_INCOMPLETE","Weakly Reject"
NA,"FAA_filterlen33","Bryophyta/Tracheophytes","NOT_MONO",NA,"CAN_MONO_INCOMPLETE","Weakly Reject"
NA,"FAA_filterlen33","Bryophyta/Tracheophytes","NOT_MONO",NA,"CAN_MONO_INCOMPLETE","Weakly Reject"
NA,"FAA_filterlen33","Bryophyta/Tracheophytes","NOT_MONO",NA,"CAN_MONO_INCOMPLETE","Weakly Reject"
NA,"FAA_filterlen33","Bryophyta/Tracheophytes","NOT_MONO",NA,"CAN_MONO_INCOMPLETE","Weakly Reject"
NA,"FAA_filterlen33","Bryophyta/Tracheophytes","NOT_MONO",NA,"NOT_MONO","Strongly Reject"
NA,"FAA_filterlen33","Bryophyta/Tracheophytes","NOT_MONO",NA,"NOT_MONO","Strongly Reject"
NA,"FAA_filterlen33","Bryophyta/Tracheophytes","NOT_MONO",NA,"CAN_MONO_INCOMPLETE","Weakly Reject"
NA,"FAA_filterlen33","Bryophyta/Tracheophytes","NOT_MONO",NA,"CAN_MONO_INCOMPLETE","Weakly Reject"
NA,"FAA_filterlen33","Bryophyta/Tracheophytes","NOT_MONO",NA,"NOT_MONO","Strongly Reject"
NA,"FAA_filterlen33","Bryophyta/Tracheophytes","NOT_MONO",NA,"NOT_MONO","Strongly Reject"
NA,"FAA_filterlen33","Bryophyta/Tracheophytes","NOT_MONO",NA,"NOT_MONO","Strongly Reject"
NA,"FAA_filterlen33","Bryophyta/Tracheophytes","NOT_MONO",NA,"CAN_MONO_INCOMPLETE","Weakly Reject"
NA,"FAA_filterlen33","Bryophyta/Tracheophytes","NOT_MONO",NA,"CAN_MONO_INCOMPLETE","Weakly Reject"
NA,"FAA_filterlen33","Bryophyta/Tracheophytes","COMP_MISSING",NA,"COMP_MISSING","Missing"
NA,"FAA_filterlen33","Bryophyta/Tracheophytes","NOT_MONO",NA,"CAN_MONO_INCOMPLETE","Weakly Reject"
NA,"FAA_filterlen33","Bryophyta/Tracheophytes","NOT_MONO",NA,"CAN_MONO_INCOMPLETE","Weakly Reject"
NA,"FAA_filterlen33","Bryophyta/Tracheophytes","NOT_MONO",NA,"NOT_MONO","Strongly Reject"
NA,"FAA_filterlen33","Bryophyta/Tracheophytes","NOT_MONO",NA,"NOT_MONO","Strongly Reject"
NA,"FAA_filterlen33","Bryophyta/Tracheophytes","COMP_MISSING",NA,"COMP_MISSING","Missing"
NA,"FAA_filterlen33","Bryophyta/Tracheophytes","CAN_MONO_INCOMPLETE",NA,"CAN_MONO_INCOMPLETE","Weakly Reject"
NA,"FAA_filterlen33","Bryophyta/Tracheophytes","NOT_MONO",NA,"CAN_MONO_INCOMPLETE","Weakly Reject"
NA,"FAA_filterlen33","Bryophyta/Tracheophytes","COMP_MISSING",NA,"COMP_MISSING","Missing"
NA,"FAA_filterlen33","Bryophyta/Tracheophytes","COMP_MISSING",NA,"COMP_MISSING","Missing"
NA,"FAA_filterlen33","Bryophyta/Tracheophytes","NOT_MONO",NA,"CAN_MONO_INCOMPLETE","Weakly Reject"
NA,"FAA_filterlen33","Bryophyta/Tracheophytes","NOT_MONO",NA,"CAN_MONO_INCOMPLETE","Weakly Reject"
NA,"FAA_filterlen33","Bryophyta/Tracheophytes","NOT_MONO",NA,"CAN_MONO_INCOMPLETE","Weakly Reject"
NA,"FAA_filterlen33","Bryophyta/Tracheophytes","COMP_MISSING",NA,"COMP_MISSING","Missing"
NA,"FAA_filterlen33","Bryophyta/Tracheophytes","NOT_MONO",NA,"NOT_MONO","Strongly Reject"
NA,"FAA_filterlen33","Bryophyta/Tracheophytes","NOT_MONO",NA,"CAN_MONO_INCOMPLETE","Weakly Reject"
NA,"FAA_filterlen33","Bryophyta/Tracheophytes","NOT_MONO",NA,"CAN_MONO_INCOMPLETE","Weakly Reject"
NA,"FAA_filterlen33","Bryophyta/Tracheophytes","NOT_MONO",NA,"NOT_MONO","Strongly Reject"
NA,"FAA_filterlen33","Bryophyta/Tracheophytes","COMP_MISSING",NA,"COMP_MISSING","Missing"
NA,"FAA_filterlen33","Bryophyta/Tracheophytes","NOT_MONO",NA,"CAN_MONO_INCOMPLETE","Weakly Reject"
NA,"FAA_filterlen33","Bryophyta/Tracheophytes","COMP_MISSING",NA,"COMP_MISSING","Missing"
NA,"FAA_filterlen33","Bryophyta/Tracheophytes","NOT_MONO",NA,"NOT_MONO","Strongly Reject"
NA,"FAA_filterlen33","Bryophyta/Tracheophytes","COMP_MISSING",NA,"COMP_MISSING","Missing"
NA,"FAA_filterlen33","Bryophyta/Tracheophytes","CAN_MONO_INCOMPLETE",NA,"CAN_MONO_INCOMPLETE","Weakly Reject"
NA,"FAA_filterlen33","Bryophyta/Tracheophytes","IS_MONO_INCOMPLETE",27,"CAN_MONO_INCOMPLETE","Weakly Supported"
NA,"FAA_filterlen33","Bryophyta/Tracheophytes","NOT_MONO",NA,"CAN_MONO_INCOMPLETE","Weakly Reject"
NA,"FAA_filterlen33","Bryophyta/Tracheophytes","NOT_MONO",NA,"CAN_MONO_INCOMPLETE","Weakly Reject"
NA,"FAA_filterlen33","Bryophyta/Tracheophytes","IS_MONO_INCOMPLETE",100,"IS_MONO_INCOMPLETE","Strongly Supported"
NA,"FAA_filterlen33","Bryophyta/Tracheophytes","NOT_MONO",NA,"CAN_MONO_INCOMPLETE","Weakly Reject"
NA,"FAA_filterlen33","Bryophyta/Tracheophytes","NOT_MONO",NA,"CAN_MONO_INCOMPLETE","Weakly Reject"
NA,"FAA_filterlen33","Bryophyta/Tracheophytes","IS_MONO_INCOMPLETE",82,"IS_MONO_INCOMPLETE","Strongly Supported"
NA,"FAA_filterlen33","Bryophyta/Tracheophytes","NOT_MONO",NA,"CAN_MONO_INCOMPLETE","Weakly Reject"
NA,"FAA_filterlen33","Bryophyta/Tracheophytes","NOT_MONO",NA,"CAN_MONO_INCOMPLETE","Weakly Reject"
NA,"FAA_filterlen33","Bryophyta/Tracheophytes","COMP_MISSING",NA,"COMP_MISSING","Missing"
NA,"FAA_filterlen33","Bryophyta/Tracheophytes","NOT_MONO",NA,"CAN_MONO_INCOMPLETE","Weakly Reject"
NA,"FAA_filterlen33","Bryophyta/Tracheophytes","NOT_MONO",NA,"CAN_MONO_INCOMPLETE","Weakly Reject"
NA,"FAA_filterlen33","Bryophyta/Tracheophytes","NOT_MONO",NA,"CAN_MONO_INCOMPLETE","Weakly Reject"
NA,"FAA_filterlen33","Bryophyta/Tracheophytes","NOT_MONO",NA,"NOT_MONO","Strongly Reject"
NA,"FAA_filterlen33","Bryophyta/Tracheophytes","NOT_MONO",NA,"NOT_MONO","Strongly Reject"
NA,"FAA_filterlen33","Bryophyta/Tracheophytes","NOT_MONO",NA,"CAN_MONO_INCOMPLETE","Weakly Reject"
NA,"FAA_filterlen33","Bryophyta/Tracheophytes","COMP_MISSING",NA,"COMP_MISSING","Missing"
NA,"FAA_filterlen33","Bryophyta/Tracheophytes","COMP_MISSING",NA,"COMP_MISSING","Missing"
NA,"FAA_filterlen33","Bryophyta/Tracheophytes","NOT_MONO",NA,"CAN_MONO_INCOMPLETE","Weakly Reject"
NA,"FAA_filterlen33","Bryophyta/Tracheophytes","NOT_MONO",NA,"CAN_MONO_INCOMPLETE","Weakly Reject"
NA,"FAA_filterlen33","Bryophyta/Tracheophytes","NOT_MONO",NA,"CAN_MONO_INCOMPLETE","Weakly Reject"
NA,"FAA_filterlen33","Bryophyta/Tracheophytes","NOT_MONO",NA,"CAN_MONO_INCOMPLETE","Weakly Reject"
NA,"FAA_filterlen33","Bryophyta/Tracheophytes","IS_MONO_INCOMPLETE",32,"CAN_MONO_INCOMPLETE","Weakly Supported"
NA,"FAA_filterlen33","Bryophyta/Tracheophytes","NOT_MONO",NA,"CAN_MONO_INCOMPLETE","Weakly Reject"
NA,"FAA_filterlen33","Bryophyta/Tracheophytes","NOT_MONO",NA,"CAN_MONO_INCOMPLETE","Weakly Reject"
NA,"FAA_filterlen33","Bryophyta/Tracheophytes","NOT_MONO",NA,"CAN_MONO_INCOMPLETE","Weakly Reject"
NA,"FAA_filterlen33","Bryophyta/Tracheophytes","NOT_MONO",NA,"CAN_MONO_INCOMPLETE","Weakly Reject"
NA,"FAA_filterlen33","Bryophyta/Tracheophytes","NOT_MONO",NA,"CAN_MONO_INCOMPLETE","Weakly Reject"
NA,"FAA_filterlen33","Bryophyta/Tracheophytes","NOT_MONO",NA,"CAN_MONO_INCOMPLETE","Weakly Reject"
NA,"FAA_filterlen33","Bryophyta/Tracheophytes","IS_MONO_INCOMPLETE",87,"IS_MONO_INCOMPLETE","Strongly Supported"
NA,"FAA_filterlen33","Bryophyta/Tracheophytes","NOT_MONO",NA,"NOT_MONO","Strongly Reject"
NA,"FAA_filterlen33","Bryophyta/Tracheophytes","COMP_MISSING",NA,"COMP_MISSING","Missing"
NA,"FAA_filterlen33","Bryophyta/Tracheophytes","IS_MONO_INCOMPLETE",4,"CAN_MONO_INCOMPLETE","Weakly Supported"
NA,"FAA_filterlen33","Bryophyta/Tracheophytes","IS_MONO_INCOMPLETE",1,"IS_MONO_INCOMPLETE","Strongly Supported"
NA,"FAA_filterlen33","Bryophyta/Tracheophytes","IS_MONO_INCOMPLETE",40,"CAN_MONO_INCOMPLETE","Weakly Supported"
NA,"FAA_filterlen33","Bryophyta/Tracheophytes","CAN_MONO_INCOMPLETE",NA,"CAN_MONO_INCOMPLETE","Weakly Reject"
NA,"FAA_filterlen33","Bryophyta/Tracheophytes","CAN_MONO_INCOMPLETE",NA,"CAN_MONO_INCOMPLETE","Weakly Reject"
NA,"FAA_filterlen33","Bryophyta/Tracheophytes","NOT_MONO",NA,"CAN_MONO_INCOMPLETE","Weakly Reject"
NA,"FAA_filterlen33","Bryophyta/Tracheophytes","IS_MONO_INCOMPLETE",33,"CAN_MONO_INCOMPLETE","Weakly Supported"
NA,"FAA_filterlen33","Bryophyta/Tracheophytes","IS_MONO_INCOMPLETE",8,"CAN_MONO_INCOMPLETE","Weakly Supported"
NA,"FAA_filterlen33","Bryophyta/Tracheophytes","IS_MONO_INCOMPLETE",90,"IS_MONO_INCOMPLETE","Strongly Supported"
NA,"FAA_filterlen33","Bryophyta/Tracheophytes","NOT_MONO",NA,"CAN_MONO_INCOMPLETE","Weakly Reject"
NA,"FAA_filterlen33","Bryophyta/Tracheophytes","NOT_MONO",NA,"CAN_MONO_INCOMPLETE","Weakly Reject"
NA,"FAA_filterlen33","Bryophyta/Tracheophytes","COMP_MISSING",NA,"COMP_MISSING","Missing"
NA,"FAA_filterlen33","Bryophyta/Tracheophytes","NOT_MONO",NA,"CAN_MONO_INCOMPLETE","Weakly Reject"
NA,"FAA_filterlen33","Bryophyta/Tracheophytes","NOT_MONO",NA,"CAN_MONO_INCOMPLETE","Weakly Reject"
NA,"FAA_filterlen33","Bryophyta/Tracheophytes","CAN_MONO_INCOMPLETE",NA,"CAN_MONO_INCOMPLETE","Weakly Reject"
NA,"FAA_filterlen33","Bryophyta/Tracheophytes","CAN_MONO_INCOMPLETE",NA,"CAN_MONO_INCOMPLETE","Weakly Reject"
NA,"FAA_filterlen33","Bryophyta/Tracheophytes","COMP_MISSING",NA,"COMP_MISSING","Missing"
NA,"FAA_filterlen33","Bryophyta/Tracheophytes","NOT_MONO",NA,"CAN_MONO_INCOMPLETE","Weakly Reject"
NA,"FAA_filterlen33","Bryophyta/Tracheophytes","NOT_MONO",NA,"CAN_MONO_INCOMPLETE","Weakly Reject"
NA,"FAA_filterlen33","Bryophyta/Tracheophytes","NOT_MONO",NA,"CAN_MONO_INCOMPLETE","Weakly Reject"
NA,"FAA_filterlen33","Bryophyta/Tracheophytes","COMP_MISSING",NA,"COMP_MISSING","Missing"
NA,"FAA_filterlen33","Bryophyta/Tracheophytes","NOT_MONO",NA,"CAN_MONO_INCOMPLETE","Weakly Reject"
NA,"FAA_filterlen33","Bryophyta/Tracheophytes","COMP_MISSING",NA,"COMP_MISSING","Missing"
NA,"FAA_filterlen33","Bryophyta/Tracheophytes","NOT_MONO",NA,"CAN_MONO_INCOMPLETE","Weakly Reject"
NA,"FAA_filterlen33","Bryophyta/Tracheophytes","IS_MONO_INCOMPLETE",1,"IS_MONO_INCOMPLETE","Strongly Supported"
NA,"FAA_filterlen33","Bryophyta/Tracheophytes","NOT_MONO",NA,"CAN_MONO_INCOMPLETE","Weakly Reject"
NA,"FAA_filterlen33","Bryophyta/Tracheophytes","NOT_MONO",NA,"CAN_MONO_INCOMPLETE","Weakly Reject"
NA,"FAA_filterlen33","Bryophyta/Tracheophytes","COMP_MISSING",NA,"COMP_MISSING","Missing"
NA,"FAA_filterlen33","Bryophyta/Tracheophytes","NOT_MONO",NA,"CAN_MONO_INCOMPLETE","Weakly Reject"
NA,"FAA_filterlen33","Bryophyta/Tracheophytes","NOT_MONO",NA,"CAN_MONO_INCOMPLETE","Weakly Reject"
NA,"FAA_filterlen33","Bryophyta/Tracheophytes","NOT_MONO",NA,"CAN_MONO_INCOMPLETE","Weakly Reject"
NA,"FAA_filterlen33","Bryophyta/Tracheophytes","NOT_MONO",NA,"CAN_MONO_INCOMPLETE","Weakly Reject"
NA,"FAA_filterlen33","Bryophyta/Tracheophytes","NOT_MONO",NA,"CAN_MONO_INCOMPLETE","Weakly Reject"
NA,"FAA_filterlen33","Bryophyta/Tracheophytes","COMP_MISSING",NA,"COMP_MISSING","Missing"
NA,"FAA_filterlen33","Bryophyta/Tracheophytes","NOT_MONO",NA,"CAN_MONO_INCOMPLETE","Weakly Reject"
NA,"FAA_filterlen33","Bryophyta/Tracheophytes","NOT_MONO",NA,"CAN_MONO_INCOMPLETE","Weakly Reject"
NA,"FAA_filterlen33","Bryophyta/Tracheophytes","NOT_MONO",NA,"CAN_MONO_INCOMPLETE","Weakly Reject"
NA,"FAA_filterlen33","Bryophyta/Tracheophytes","NOT_MONO",NA,"CAN_MONO_INCOMPLETE","Weakly Reject"
NA,"FAA_filterlen33","Bryophyta/Tracheophytes","COMP_MISSING",NA,"COMP_MISSING","Missing"
NA,"FAA_filterlen33","Bryophyta/Tracheophytes","CAN_MONO_INCOMPLETE",NA,"CAN_MONO_INCOMPLETE","Weakly Reject"
NA,"FAA_filterlen33","Bryophyta/Tracheophytes","IS_MONO_INCOMPLETE",33,"CAN_MONO_INCOMPLETE","Weakly Supported"
NA,"FAA_filterlen33","Bryophyta/Tracheophytes","NOT_MONO",NA,"CAN_MONO_INCOMPLETE","Weakly Reject"
NA,"FAA_filterlen33","Bryophyta/Tracheophytes","NOT_MONO",NA,"NOT_MONO","Strongly Reject"
NA,"FAA_filterlen33","Bryophyta/Tracheophytes","NOT_MONO",NA,"CAN_MONO_INCOMPLETE","Weakly Reject"
NA,"FAA_filterlen33","Bryophyta/Tracheophytes","NOT_MONO",NA,"NOT_MONO","Strongly Reject"
NA,"FAA_filterlen33","Bryophyta/Tracheophytes","NOT_MONO",NA,"NOT_MONO","Strongly Reject"
NA,"FAA_filterlen33","Bryophyta/Tracheophytes","NOT_MONO",NA,"CAN_MONO_INCOMPLETE","Weakly Reject"
NA,"FAA_filterlen33","Bryophyta/Tracheophytes","IS_MONO_INCOMPLETE",56,"CAN_MONO_INCOMPLETE","Weakly Supported"
NA,"FAA_filterlen33","Bryophyta/Tracheophytes","CAN_MONO_INCOMPLETE",NA,"CAN_MONO_INCOMPLETE","Weakly Reject"
NA,"FAA_filterlen33","Bryophyta/Tracheophytes","NOT_MONO",NA,"CAN_MONO_INCOMPLETE","Weakly Reject"
NA,"FAA_filterlen33","Bryophyta/Tracheophytes","IS_MONO_INCOMPLETE",1,"IS_MONO_INCOMPLETE","Strongly Supported"
NA,"FAA_filterlen33","Bryophyta/Tracheophytes","NOT_MONO",NA,"CAN_MONO_INCOMPLETE","Weakly Reject"
NA,"FAA_filterlen33","Bryophyta/Tracheophytes","NOT_MONO",NA,"CAN_MONO_INCOMPLETE","Weakly Reject"
NA,"FAA_filterlen33","Bryophyta/Tracheophytes","IS_MONO_INCOMPLETE",89,"IS_MONO_INCOMPLETE","Strongly Supported"
NA,"FAA_filterlen33","Bryophyta/Tracheophytes","COMP_MISSING",NA,"COMP_MISSING","Missing"
NA,"FAA_filterlen33","Bryophyta/Tracheophytes","IS_MONO_INCOMPLETE",1,"IS_MONO_INCOMPLETE","Strongly Supported"
NA,"FAA_filterlen33","Bryophyta/Tracheophytes","NOT_MONO",NA,"CAN_MONO_INCOMPLETE","Weakly Reject"
NA,"FAA_filterlen33","Bryophyta/Tracheophytes","COMP_MISSING",NA,"COMP_MISSING","Missing"
NA,"FAA_filterlen33","Bryophyta/Tracheophytes","NOT_MONO",NA,"CAN_MONO_INCOMPLETE","Weakly Reject"
NA,"FAA_filterlen33","Bryophyta/Tracheophytes","NOT_MONO",NA,"CAN_MONO_INCOMPLETE","Weakly Reject"
NA,"FAA_filterlen33","Bryophyta/Tracheophytes","NOT_MONO",NA,"CAN_MONO_INCOMPLETE","Weakly Reject"
NA,"FAA_filterlen33","Bryophyta/Tracheophytes","NOT_MONO",NA,"CAN_MONO_INCOMPLETE","Weakly Reject"
NA,"FAA_filterlen33","Bryophyta/Tracheophytes","NOT_MONO",NA,"CAN_MONO_INCOMPLETE","Weakly Reject"
NA,"FAA_filterlen33","Bryophyta/Tracheophytes","NOT_MONO",NA,"CAN_MONO_INCOMPLETE","Weakly Reject"
NA,"FAA_filterlen33","Bryophyta/Tracheophytes","COMP_MISSING",NA,"COMP_MISSING","Missing"
NA,"FAA_filterlen33","Bryophyta/Tracheophytes","COMP_MISSING",NA,"COMP_MISSING","Missing"
NA,"FAA_filterlen33","Bryophyta/Tracheophytes","NOT_MONO",NA,"CAN_MONO_INCOMPLETE","Weakly Reject"
NA,"FAA_filterlen33","Bryophyta/Tracheophytes","NOT_MONO",NA,"CAN_MONO_INCOMPLETE","Weakly Reject"
NA,"FAA_filterlen33","Bryophyta/Tracheophytes","NOT_MONO",NA,"CAN_MONO_INCOMPLETE","Weakly Reject"
NA,"FAA_filterlen33","Bryophyta/Tracheophytes","IS_MONO_INCOMPLETE",74,"CAN_MONO_INCOMPLETE","Weakly Supported"
NA,"FAA_filterlen33","Bryophyta/Tracheophytes","CAN_MONO_INCOMPLETE",NA,"CAN_MONO_INCOMPLETE","Weakly Reject"
NA,"FAA_filterlen33","Bryophyta/Tracheophytes","COMP_MISSING",NA,"COMP_MISSING","Missing"
NA,"FAA_filterlen33","Bryophyta/Tracheophytes","NOT_MONO",NA,"CAN_MONO_INCOMPLETE","Weakly Reject"
NA,"FAA_filterlen33","Bryophyta/Tracheophytes","COMP_MISSING",NA,"COMP_MISSING","Missing"
NA,"FAA_filterlen33","Bryophyta/Tracheophytes","NOT_MONO",NA,"CAN_MONO_INCOMPLETE","Weakly Reject"
NA,"FAA_filterlen33","Bryophyta/Tracheophytes","COMP_MISSING",NA,"COMP_MISSING","Missing"
NA,"FAA_filterlen33","Bryophyta/Tracheophytes","COMP_MISSING",NA,"COMP_MISSING","Missing"
NA,"FAA_filterlen33","Bryophyta/Tracheophytes","COMP_MISSING",NA,"COMP_MISSING","Missing"
NA,"FAA_filterlen33","Bryophyta/Tracheophytes","IS_MONO_INCOMPLETE",22,"CAN_MONO_INCOMPLETE","Weakly Supported"
NA,"FAA_filterlen33","Bryophyta/Tracheophytes","COMP_MISSING",NA,"COMP_MISSING","Missing"
NA,"FAA_filterlen33","Bryophyta/Tracheophytes","NOT_MONO",NA,"CAN_MONO_INCOMPLETE","Weakly Reject"
NA,"FAA_filterlen33","Bryophyta/Tracheophytes","NOT_MONO",NA,"NOT_MONO","Strongly Reject"
NA,"FAA_filterlen33","Bryophyta/Tracheophytes","CAN_MONO_INCOMPLETE",NA,"CAN_MONO_INCOMPLETE","Weakly Reject"
NA,"FAA_filterlen33","Bryophyta/Tracheophytes","NOT_MONO",NA,"CAN_MONO_INCOMPLETE","Weakly Reject"
NA,"FAA_filterlen33","Bryophyta/Tracheophytes","CAN_MONO_INCOMPLETE",NA,"CAN_MONO_INCOMPLETE","Weakly Reject"
NA,"FAA_filterlen33","Bryophyta/Tracheophytes","NOT_MONO",NA,"CAN_MONO_INCOMPLETE","Weakly Reject"
NA,"FAA_filterlen33","Bryophyta/Tracheophytes","CAN_MONO_INCOMPLETE",NA,"CAN_MONO_INCOMPLETE","Weakly Reject"
NA,"FAA_filterlen33","Bryophyta/Tracheophytes","NOT_MONO",NA,"CAN_MONO_INCOMPLETE","Weakly Reject"
NA,"FAA_filterlen33","Bryophyta/Tracheophytes","NOT_MONO",NA,"CAN_MONO_INCOMPLETE","Weakly Reject"
NA,"FAA_filterlen33","Bryophyta/Tracheophytes","NOT_MONO",NA,"CAN_MONO_INCOMPLETE","Weakly Reject"
NA,"FAA_filterlen33","Bryophyta/Tracheophytes","NOT_MONO",NA,"CAN_MONO_INCOMPLETE","Weakly Reject"
NA,"FAA_filterlen33","Bryophyta/Tracheophytes","NOT_MONO",NA,"CAN_MONO_INCOMPLETE","Weakly Reject"
NA,"FAA_filterlen33","Bryophyta/Tracheophytes","NOT_MONO",NA,"CAN_MONO_INCOMPLETE","Weakly Reject"
NA,"FAA_filterlen33","Bryophyta/Tracheophytes","NOT_MONO",NA,"CAN_MONO_INCOMPLETE","Weakly Reject"
NA,"FAA_filterlen33","Bryophyta/Tracheophytes","CAN_MONO_INCOMPLETE",NA,"CAN_MONO_INCOMPLETE","Weakly Reject"
NA,"FAA_filterlen33","Bryophyta/Tracheophytes","COMP_MISSING",NA,"COMP_MISSING","Missing"
NA,"FAA_filterlen33","Bryophyta/Tracheophytes","NOT_MONO",NA,"CAN_MONO_INCOMPLETE","Weakly Reject"
NA,"FAA_filterlen33","Bryophyta/Tracheophytes","NOT_MONO",NA,"CAN_MONO_INCOMPLETE","Weakly Reject"
NA,"FAA_filterlen33","Bryophyta/Tracheophytes","COMP_MISSING",NA,"COMP_MISSING","Missing"
NA,"FAA_filterlen33","Bryophyta/Tracheophytes","NOT_MONO",NA,"CAN_MONO_INCOMPLETE","Weakly Reject"
NA,"FAA_filterlen33","Bryophyta/Tracheophytes","CAN_MONO_INCOMPLETE",NA,"CAN_MONO_INCOMPLETE","Weakly Reject"
NA,"FAA_filterlen33","Bryophyta/Tracheophytes","COMP_MISSING",NA,"COMP_MISSING","Missing"
NA,"FAA_filterlen33","Bryophyta/Tracheophytes","NOT_MONO",NA,"CAN_MONO_INCOMPLETE","Weakly Reject"
NA,"FAA_filterlen33","Bryophyta/Tracheophytes","IS_MONO_INCOMPLETE",1,"IS_MONO_INCOMPLETE","Strongly Supported"
NA,"FAA_filterlen33","Bryophyta/Tracheophytes","NOT_MONO",NA,"CAN_MONO_INCOMPLETE","Weakly Reject"
NA,"FAA_filterlen33","Bryophyta/Tracheophytes","NOT_MONO",NA,"CAN_MONO_INCOMPLETE","Weakly Reject"
NA,"FAA_filterlen33","Bryophyta/Tracheophytes","COMP_MISSING",NA,"COMP_MISSING","Missing"
NA,"FAA_filterlen33","Bryophyta/Tracheophytes","NOT_MONO",NA,"CAN_MONO_INCOMPLETE","Weakly Reject"
NA,"FAA_filterlen33","Bryophyta/Tracheophytes","IS_MONO_INCOMPLETE",30,"CAN_MONO_INCOMPLETE","Weakly Supported"
NA,"FAA_filterlen33","Bryophyta/Tracheophytes","NOT_MONO",NA,"CAN_MONO_INCOMPLETE","Weakly Reject"
NA,"FAA_filterlen33","Bryophyta/Tracheophytes","IS_MONO_INCOMPLETE",1,"IS_MONO_INCOMPLETE","Strongly Supported"
NA,"FAA_filterlen33","Bryophyta/Tracheophytes","COMP_MISSING",NA,"COMP_MISSING","Missing"
NA,"FAA_filterlen33","Bryophyta/Tracheophytes","NOT_MONO",NA,"CAN_MONO_INCOMPLETE","Weakly Reject"
NA,"FAA_filterlen33","Bryophyta/Tracheophytes","IS_MONO_INCOMPLETE",1,"IS_MONO_INCOMPLETE","Strongly Supported"
NA,"FAA_filterlen33","Bryophyta/Tracheophytes","NOT_MONO",NA,"CAN_MONO_INCOMPLETE","Weakly Reject"
NA,"FAA_filterlen33","Bryophyta/Tracheophytes","COMP_MISSING",NA,"COMP_MISSING","Missing"
NA,"FAA_filterlen33","Bryophyta/Tracheophytes","COMP_MISSING",NA,"COMP_MISSING","Missing"
NA,"FAA_filterlen33","Bryophyta/Tracheophytes","COMP_MISSING",NA,"COMP_MISSING","Missing"
NA,"FAA_filterlen33","Bryophyta/Tracheophytes","IS_MONO_INCOMPLETE",1,"IS_MONO_INCOMPLETE","Strongly Supported"
NA,"FAA_filterlen33","Bryophyta/Tracheophytes","COMP_MISSING",NA,"COMP_MISSING","Missing"
NA,"FAA_filterlen33","Bryophyta/Tracheophytes","IS_MONO_INCOMPLETE",1,"IS_MONO_INCOMPLETE","Strongly Supported"
NA,"FAA_filterlen33","Bryophyta/Tracheophytes","COMP_MISSING",NA,"COMP_MISSING","Missing"
NA,"FAA_filterlen33","Bryophyta/Tracheophytes","NOT_MONO",NA,"CAN_MONO_INCOMPLETE","Weakly Reject"
NA,"FAA_filterlen33","Bryophyta/Tracheophytes","NOT_MONO",NA,"CAN_MONO_INCOMPLETE","Weakly Reject"
NA,"FAA_filterlen33","Bryophyta/Tracheophytes","NOT_MONO",NA,"NOT_MONO","Strongly Reject"
NA,"FAA_filterlen33","Bryophyta/Tracheophytes","COMP_MISSING",NA,"COMP_MISSING","Missing"
NA,"FAA_filterlen33","Bryophyta/Tracheophytes","NOT_MONO",NA,"CAN_MONO_INCOMPLETE","Weakly Reject"
NA,"FAA_filterlen33","Bryophyta/Tracheophytes","CAN_MONO_INCOMPLETE",NA,"CAN_MONO_INCOMPLETE","Weakly Reject"
NA,"FAA_filterlen33","Bryophyta/Tracheophytes","NOT_MONO",NA,"CAN_MONO_INCOMPLETE","Weakly Reject"
NA,"FAA_filterlen33","Bryophyta/Tracheophytes","NOT_MONO",NA,"CAN_MONO_INCOMPLETE","Weakly Reject"
NA,"FAA_filterlen33","Bryophyta/Tracheophytes","CAN_MONO_INCOMPLETE",NA,"CAN_MONO_INCOMPLETE","Weakly Reject"
NA,"FAA_filterlen33","Bryophyta/Tracheophytes","NOT_MONO",NA,"NOT_MONO","Strongly Reject"
NA,"FAA_filterlen33","Bryophyta/Tracheophytes","COMP_MISSING",NA,"COMP_MISSING","Missing"
NA,"FAA_filterlen33","Bryophyta/Tracheophytes","COMP_MISSING",NA,"COMP_MISSING","Missing"
NA,"FAA_filterlen33","Bryophyta/Tracheophytes","NOT_MONO",NA,"CAN_MONO_INCOMPLETE","Weakly Reject"
NA,"FAA_filterlen33","Bryophyta/Tracheophytes","CAN_MONO_INCOMPLETE",NA,"CAN_MONO_INCOMPLETE","Weakly Reject"
NA,"FAA_filterlen33","Bryophyta/Tracheophytes","NOT_MONO",NA,"CAN_MONO_INCOMPLETE","Weakly Reject"
NA,"FAA_filterlen33","Bryophyta/Tracheophytes","CAN_MONO_INCOMPLETE",NA,"CAN_MONO_INCOMPLETE","Weakly Reject"
NA,"FAA_filterlen33","Bryophyta/Tracheophytes","IS_MONO_INCOMPLETE",43,"CAN_MONO_INCOMPLETE","Weakly Supported"
NA,"FAA_filterlen33","Bryophyta/Tracheophytes","NOT_MONO",NA,"CAN_MONO_INCOMPLETE","Weakly Reject"
NA,"FAA_filterlen33","Bryophyta/Tracheophytes","IS_MONO_INCOMPLETE",1,"IS_MONO_INCOMPLETE","Strongly Supported"
NA,"FAA_filterlen33","Bryophyta/Tracheophytes","NOT_MONO",NA,"CAN_MONO_INCOMPLETE","Weakly Reject"
NA,"FAA_filterlen33","Bryophyta/Tracheophytes","NOT_MONO",NA,"CAN_MONO_INCOMPLETE","Weakly Reject"
NA,"FAA_filterlen33","Bryophyta/Tracheophytes","NOT_MONO",NA,"CAN_MONO_INCOMPLETE","Weakly Reject"
NA,"FAA_filterlen33","Bryophyta/Tracheophytes","IS_MONO_INCOMPLETE",100,"IS_MONO_INCOMPLETE","Strongly Supported"
NA,"FAA_filterlen33","Bryophyta/Tracheophytes","NOT_MONO",NA,"CAN_MONO_INCOMPLETE","Weakly Reject"
NA,"FAA_filterlen33","Bryophyta/Tracheophytes","COMP_MISSING",NA,"COMP_MISSING","Missing"
NA,"FAA_filterlen33","Bryophyta/Tracheophytes","COMP_MISSING",NA,"COMP_MISSING","Missing"
NA,"FAA_filterlen33","Bryophyta/Tracheophytes","NOT_MONO",NA,"CAN_MONO_INCOMPLETE","Weakly Reject"
NA,"FAA_filterlen33","Bryophyta/Tracheophytes","NOT_MONO",NA,"CAN_MONO_INCOMPLETE","Weakly Reject"
NA,"FAA_filterlen33","Bryophyta/Tracheophytes","NOT_MONO",NA,"CAN_MONO_INCOMPLETE","Weakly Reject"
NA,"FAA_filterlen33","Bryophyta/Tracheophytes","COMP_MISSING",NA,"COMP_MISSING","Missing"
NA,"FAA_filterlen33","Bryophyta/Tracheophytes","NOT_MONO",NA,"NOT_MONO","Strongly Reject"
NA,"FAA_filterlen33","Bryophyta/Tracheophytes","NOT_MONO",NA,"NOT_MONO","Strongly Reject"
NA,"FAA_filterlen33","Bryophyta/Tracheophytes","COMP_MISSING",NA,"COMP_MISSING","Missing"
NA,"FAA_filterlen33","Bryophyta/Tracheophytes","NOT_MONO",NA,"CAN_MONO_INCOMPLETE","Weakly Reject"
NA,"FAA_filterlen33","Bryophyta/Tracheophytes","IS_MONO_INCOMPLETE",90,"IS_MONO_INCOMPLETE","Strongly Supported"
NA,"FAA_filterlen33","Bryophyta/Tracheophytes","IS_MONO_INCOMPLETE",1,"IS_MONO_INCOMPLETE","Strongly Supported"
NA,"FAA_filterlen33","Bryophyta/Tracheophytes","NOT_MONO",NA,"CAN_MONO_INCOMPLETE","Weakly Reject"
NA,"FAA_filterlen33","Bryophyta/Tracheophytes","NOT_MONO",NA,"NOT_MONO","Strongly Reject"
NA,"FAA_filterlen33","Bryophyta/Tracheophytes","IS_MONO_INCOMPLETE",1,"IS_MONO_INCOMPLETE","Strongly Supported"
NA,"FAA_filterlen33","Bryophyta/Tracheophytes","COMP_MISSING",NA,"COMP_MISSING","Missing"
NA,"FAA_filterlen33","Bryophyta/Tracheophytes","NOT_MONO",NA,"CAN_MONO_INCOMPLETE","Weakly Reject"
NA,"FAA_filterlen33","Bryophyta/Tracheophytes","CAN_MONO_INCOMPLETE",NA,"CAN_MONO_INCOMPLETE","Weakly Reject"
NA,"FAA_filterlen33","Bryophyta/Tracheophytes","NOT_MONO",NA,"NOT_MONO","Strongly Reject"
NA,"FAA_filterlen33","Bryophyta/Tracheophytes","NOT_MONO",NA,"CAN_MONO_INCOMPLETE","Weakly Reject"
NA,"FAA_filterlen33","Bryophyta/Tracheophytes","IS_MONO_INCOMPLETE",18,"CAN_MONO_INCOMPLETE","Weakly Supported"
NA,"FAA_filterlen33","Bryophyta/Tracheophytes","COMP_MISSING",NA,"COMP_MISSING","Missing"
NA,"FAA_filterlen33","Bryophyta/Tracheophytes","NOT_MONO",NA,"CAN_MONO_INCOMPLETE","Weakly Reject"
NA,"FAA_filterlen33","Bryophyta/Tracheophytes","NOT_MONO",NA,"CAN_MONO_INCOMPLETE","Weakly Reject"
NA,"FAA_filterlen33","Bryophyta/Tracheophytes","IS_MONO_INCOMPLETE",100,"IS_MONO_INCOMPLETE","Strongly Supported"
NA,"FAA_filterlen33","Bryophyta/Tracheophytes","COMP_MISSING",NA,"COMP_MISSING","Missing"
NA,"FAA_filterlen33","Bryophyta/Tracheophytes","COMP_MISSING",NA,"COMP_MISSING","Missing"
NA,"FAA_filterlen33","Bryophyta/Tracheophytes","NOT_MONO",NA,"CAN_MONO_INCOMPLETE","Weakly Reject"
NA,"FAA_filterlen33","Bryophyta/Tracheophytes","COMP_MISSING",NA,"COMP_MISSING","Missing"
NA,"FAA_filterlen33","Bryophyta/Tracheophytes","CAN_MONO_INCOMPLETE",NA,"CAN_MONO_INCOMPLETE","Weakly Reject"
NA,"FAA_filterlen33","Bryophyta/Tracheophytes","NOT_MONO",NA,"CAN_MONO_INCOMPLETE","Weakly Reject"
NA,"FAA_filterlen33","Bryophyta/Tracheophytes","COMP_MISSING",NA,"COMP_MISSING","Missing"
NA,"FAA_filterlen33","Bryophyta/Tracheophytes","CAN_MONO_INCOMPLETE",NA,"CAN_MONO_INCOMPLETE","Weakly Reject"
NA,"FAA_filterlen33","Bryophyta/Tracheophytes","COMP_MISSING",NA,"COMP_MISSING","Missing"
NA,"FAA_filterlen33","Bryophyta/Tracheophytes","COMP_MISSING",NA,"COMP_MISSING","Missing"
NA,"FAA_filterlen33","Bryophyta/Tracheophytes","NOT_MONO",NA,"CAN_MONO_INCOMPLETE","Weakly Reject"
NA,"FAA_filterlen33","Bryophyta/Tracheophytes","IS_MONO_INCOMPLETE",46,"CAN_MONO_INCOMPLETE","Weakly Supported"
NA,"FAA_filterlen33","Bryophyta/Tracheophytes","COMP_MISSING",NA,"COMP_MISSING","Missing"
NA,"FAA_filterlen33","Bryophyta/Tracheophytes","NOT_MONO",NA,"CAN_MONO_INCOMPLETE","Weakly Reject"
NA,"FAA_filterlen33","Bryophyta/Tracheophytes","NOT_MONO",NA,"CAN_MONO_INCOMPLETE","Weakly Reject"
NA,"FAA_filterlen33","Bryophyta/Tracheophytes","COMP_MISSING",NA,"COMP_MISSING","Missing"
NA,"FAA_filterlen33","Bryophyta/Tracheophytes","NOT_MONO",NA,"CAN_MONO_INCOMPLETE","Weakly Reject"
NA,"FAA_filterlen33","Bryophyta/Tracheophytes","NOT_MONO",NA,"CAN_MONO_INCOMPLETE","Weakly Reject"
NA,"FAA_filterlen33","Bryophyta/Tracheophytes","COMP_MISSING",NA,"COMP_MISSING","Missing"
NA,"FAA_filterlen33","Bryophyta/Tracheophytes","NOT_MONO",NA,"CAN_MONO_INCOMPLETE","Weakly Reject"
NA,"FAA_filterlen33","Bryophyta/Tracheophytes","NOT_MONO",NA,"NOT_MONO","Strongly Reject"
NA,"FAA_filterlen33","Bryophyta/Tracheophytes","IS_MONO_INCOMPLETE",1,"IS_MONO_INCOMPLETE","Strongly Supported"
NA,"FAA_filterlen33","Bryophyta/Tracheophytes","IS_MONO_INCOMPLETE",1,"IS_MONO_INCOMPLETE","Strongly Supported"
NA,"FAA_filterlen33","Bryophyta/Tracheophytes","CAN_MONO_INCOMPLETE",NA,"CAN_MONO_INCOMPLETE","Weakly Reject"
NA,"FAA_filterlen33","Bryophyta/Tracheophytes","NOT_MONO",NA,"CAN_MONO_INCOMPLETE","Weakly Reject"
NA,"FAA_filterlen33","Bryophyta/Tracheophytes","COMP_MISSING",NA,"COMP_MISSING","Missing"
NA,"FAA_filterlen33","Bryophyta/Tracheophytes","NOT_MONO",NA,"CAN_MONO_INCOMPLETE","Weakly Reject"
NA,"FAA_filterlen33","Bryophyta/Tracheophytes","IS_MONO_INCOMPLETE",100,"IS_MONO_INCOMPLETE","Strongly Supported"
NA,"FAA_filterlen33","Bryophyta/Tracheophytes","NOT_MONO",NA,"CAN_MONO_INCOMPLETE","Weakly Reject"
NA,"FAA_filterlen33","Bryophyta/Tracheophytes","NOT_MONO",NA,"CAN_MONO_INCOMPLETE","Weakly Reject"
NA,"FAA_filterlen33","Bryophyta/Tracheophytes","COMP_MISSING",NA,"COMP_MISSING","Missing"
NA,"FAA_filterlen33","Bryophyta/Tracheophytes","CAN_MONO_INCOMPLETE",NA,"CAN_MONO_INCOMPLETE","Weakly Reject"
NA,"FAA_filterlen33","Bryophyta/Tracheophytes","NOT_MONO",NA,"CAN_MONO_INCOMPLETE","Weakly Reject"
NA,"FAA_filterlen33","Bryophyta/Tracheophytes","COMP_MISSING",NA,"COMP_MISSING","Missing"
NA,"FAA_filterlen33","Bryophyta/Tracheophytes","COMP_MISSING",NA,"COMP_MISSING","Missing"
NA,"FAA_filterlen33","Bryophyta/Tracheophytes","COMP_MISSING",NA,"COMP_MISSING","Missing"
NA,"FAA_filterlen33","Bryophyta/Tracheophytes","NOT_MONO",NA,"NOT_MONO","Strongly Reject"
NA,"FAA_filterlen33","Bryophyta/Tracheophytes","IS_MONO_INCOMPLETE",1,"IS_MONO_INCOMPLETE","Strongly Supported"
NA,"FAA_filterlen33","Bryophyta/Tracheophytes","CAN_MONO_INCOMPLETE",NA,"CAN_MONO_INCOMPLETE","Weakly Reject"
NA,"FAA_filterlen33","Bryophyta/Tracheophytes","IS_MONO_INCOMPLETE",72,"CAN_MONO_INCOMPLETE","Weakly Supported"
NA,"FAA_filterlen33","Bryophyta/Tracheophytes","NOT_MONO",NA,"CAN_MONO_INCOMPLETE","Weakly Reject"
NA,"FAA_filterlen33","Bryophyta/Tracheophytes","NOT_MONO",NA,"CAN_MONO_INCOMPLETE","Weakly Reject"
NA,"FAA_filterlen33","Bryophyta/Tracheophytes","IS_MONO_INCOMPLETE",100,"IS_MONO_INCOMPLETE","Strongly Supported"
NA,"FAA_filterlen33","Bryophyta/Tracheophytes","COMP_MISSING",NA,"COMP_MISSING","Missing"
NA,"FAA_filterlen33","Bryophyta/Tracheophytes","NOT_MONO",NA,"CAN_MONO_INCOMPLETE","Weakly Reject"
