"ID","DS","CLADE","MONO","BOOT","MONO.75","Classification"
NA,"FNA2AA_c1c2_filterlen33","Zygnematophyceae/LandPlants","COMP_MISSING",NA,"COMP_MISSING","Missing"
NA,"FNA2AA_c1c2_filterlen33","Zygnematophyceae/LandPlants","NOT_MONO",NA,"CAN_MONO_INCOMPLETE","Weakly Reject"
NA,"FNA2AA_c1c2_filterlen33","Zygnematophyceae/LandPlants","NOT_MONO",NA,"CAN_MONO_INCOMPLETE","Weakly Reject"
NA,"FNA2AA_c1c2_filterlen33","Zygnematophyceae/LandPlants","IS_MONO_INCOMPLETE",70,"CAN_MONO_INCOMPLETE","Weakly Supported"
NA,"FNA2AA_c1c2_filterlen33","Zygnematophyceae/LandPlants","NOT_MONO",NA,"CAN_MONO_INCOMPLETE","Weakly Reject"
NA,"FNA2AA_c1c2_filterlen33","Zygnematophyceae/LandPlants","NOT_MONO",NA,"CAN_MONO_INCOMPLETE","Weakly Reject"
NA,"FNA2AA_c1c2_filterlen33","Zygnematophyceae/LandPlants","NOT_MONO",NA,"CAN_MONO_INCOMPLETE","Weakly Reject"
NA,"FNA2AA_c1c2_filterlen33","Zygnematophyceae/LandPlants","IS_MONO_INCOMPLETE",95,"IS_MONO_INCOMPLETE","Strongly Supported"
NA,"FNA2AA_c1c2_filterlen33","Zygnematophyceae/LandPlants","NOT_MONO",NA,"CAN_MONO_INCOMPLETE","Weakly Reject"
NA,"FNA2AA_c1c2_filterlen33","Zygnematophyceae/LandPlants","NOT_MONO",NA,"CAN_MONO_INCOMPLETE","Weakly Reject"
NA,"FNA2AA_c1c2_filterlen33","Zygnematophyceae/LandPlants","NOT_MONO",NA,"NOT_MONO","Strongly Reject"
NA,"FNA2AA_c1c2_filterlen33","Zygnematophyceae/LandPlants","NOT_MONO",NA,"CAN_MONO_INCOMPLETE","Weakly Reject"
NA,"FNA2AA_c1c2_filterlen33","Zygnematophyceae/LandPlants","NOT_MONO",NA,"CAN_MONO_INCOMPLETE","Weakly Reject"
NA,"FNA2AA_c1c2_filterlen33","Zygnematophyceae/LandPlants","NOT_MONO",NA,"NOT_MONO","Strongly Reject"
NA,"FNA2AA_c1c2_filterlen33","Zygnematophyceae/LandPlants","NOT_MONO",NA,"CAN_MONO_INCOMPLETE","Weakly Reject"
NA,"FNA2AA_c1c2_filterlen33","Zygnematophyceae/LandPlants","NOT_MONO",NA,"CAN_MONO_INCOMPLETE","Weakly Reject"
NA,"FNA2AA_c1c2_filterlen33","Zygnematophyceae/LandPlants","NOT_MONO",NA,"CAN_MONO_INCOMPLETE","Weakly Reject"
NA,"FNA2AA_c1c2_filterlen33","Zygnematophyceae/LandPlants","NOT_MONO",NA,"CAN_MONO_INCOMPLETE","Weakly Reject"
NA,"FNA2AA_c1c2_filterlen33","Zygnematophyceae/LandPlants","NOT_MONO",NA,"NOT_MONO","Strongly Reject"
NA,"FNA2AA_c1c2_filterlen33","Zygnematophyceae/LandPlants","COMP_MISSING",NA,"COMP_MISSING","Missing"
NA,"FNA2AA_c1c2_filterlen33","Zygnematophyceae/LandPlants","NOT_MONO",NA,"NOT_MONO","Strongly Reject"
NA,"FNA2AA_c1c2_filterlen33","Zygnematophyceae/LandPlants","NOT_MONO",NA,"CAN_MONO_INCOMPLETE","Weakly Reject"
NA,"FNA2AA_c1c2_filterlen33","Zygnematophyceae/LandPlants","COMP_MISSING",NA,"COMP_MISSING","Missing"
NA,"FNA2AA_c1c2_filterlen33","Zygnematophyceae/LandPlants","NOT_MONO",NA,"CAN_MONO_INCOMPLETE","Weakly Reject"
NA,"FNA2AA_c1c2_filterlen33","Zygnematophyceae/LandPlants","NOT_MONO",NA,"CAN_MONO_INCOMPLETE","Weakly Reject"
NA,"FNA2AA_c1c2_filterlen33","Zygnematophyceae/LandPlants","IS_MONO_INCOMPLETE",12,"CAN_MONO_INCOMPLETE","Weakly Supported"
NA,"FNA2AA_c1c2_filterlen33","Zygnematophyceae/LandPlants","COMP_MISSING",NA,"COMP_MISSING","Missing"
NA,"FNA2AA_c1c2_filterlen33","Zygnematophyceae/LandPlants","NOT_MONO",NA,"NOT_MONO","Strongly Reject"
NA,"FNA2AA_c1c2_filterlen33","Zygnematophyceae/LandPlants","NOT_MONO",NA,"CAN_MONO_INCOMPLETE","Weakly Reject"
NA,"FNA2AA_c1c2_filterlen33","Zygnematophyceae/LandPlants","COMP_MISSING",NA,"COMP_MISSING","Missing"
NA,"FNA2AA_c1c2_filterlen33","Zygnematophyceae/LandPlants","NOT_MONO",NA,"CAN_MONO_INCOMPLETE","Weakly Reject"
NA,"FNA2AA_c1c2_filterlen33","Zygnematophyceae/LandPlants","COMP_MISSING",NA,"COMP_MISSING","Missing"
NA,"FNA2AA_c1c2_filterlen33","Zygnematophyceae/LandPlants","NOT_MONO",NA,"CAN_MONO_INCOMPLETE","Weakly Reject"
NA,"FNA2AA_c1c2_filterlen33","Zygnematophyceae/LandPlants","NOT_MONO",NA,"CAN_MONO_INCOMPLETE","Weakly Reject"
NA,"FNA2AA_c1c2_filterlen33","Zygnematophyceae/LandPlants","COMP_MISSING",NA,"COMP_MISSING","Missing"
NA,"FNA2AA_c1c2_filterlen33","Zygnematophyceae/LandPlants","NOT_MONO",NA,"CAN_MONO_INCOMPLETE","Weakly Reject"
NA,"FNA2AA_c1c2_filterlen33","Zygnematophyceae/LandPlants","COMP_MISSING",NA,"COMP_MISSING","Missing"
NA,"FNA2AA_c1c2_filterlen33","Zygnematophyceae/LandPlants","NOT_MONO",NA,"CAN_MONO_INCOMPLETE","Weakly Reject"
NA,"FNA2AA_c1c2_filterlen33","Zygnematophyceae/LandPlants","NOT_MONO",NA,"CAN_MONO_INCOMPLETE","Weakly Reject"
NA,"FNA2AA_c1c2_filterlen33","Zygnematophyceae/LandPlants","NOT_MONO",NA,"CAN_MONO_INCOMPLETE","Weakly Reject"
NA,"FNA2AA_c1c2_filterlen33","Zygnematophyceae/LandPlants","NOT_MONO",NA,"NOT_MONO","Strongly Reject"
NA,"FNA2AA_c1c2_filterlen33","Zygnematophyceae/LandPlants","NOT_MONO",NA,"CAN_MONO_INCOMPLETE","Weakly Reject"
NA,"FNA2AA_c1c2_filterlen33","Zygnematophyceae/LandPlants","NOT_MONO",NA,"CAN_MONO_INCOMPLETE","Weakly Reject"
NA,"FNA2AA_c1c2_filterlen33","Zygnematophyceae/LandPlants","IS_MONO_INCOMPLETE",56,"CAN_MONO_INCOMPLETE","Weakly Supported"
NA,"FNA2AA_c1c2_filterlen33","Zygnematophyceae/LandPlants","IS_MONO_INCOMPLETE",20,"CAN_MONO_INCOMPLETE","Weakly Supported"
NA,"FNA2AA_c1c2_filterlen33","Zygnematophyceae/LandPlants","NOT_MONO",NA,"CAN_MONO_INCOMPLETE","Weakly Reject"
NA,"FNA2AA_c1c2_filterlen33","Zygnematophyceae/LandPlants","NOT_MONO",NA,"CAN_MONO_INCOMPLETE","Weakly Reject"
NA,"FNA2AA_c1c2_filterlen33","Zygnematophyceae/LandPlants","IS_MONO_INCOMPLETE",14,"CAN_MONO_INCOMPLETE","Weakly Supported"
NA,"FNA2AA_c1c2_filterlen33","Zygnematophyceae/LandPlants","IS_MONO_INCOMPLETE",1,"IS_MONO_INCOMPLETE","Strongly Supported"
NA,"FNA2AA_c1c2_filterlen33","Zygnematophyceae/LandPlants","NOT_MONO",NA,"CAN_MONO_INCOMPLETE","Weakly Reject"
NA,"FNA2AA_c1c2_filterlen33","Zygnematophyceae/LandPlants","IS_MONO_INCOMPLETE",65,"CAN_MONO_INCOMPLETE","Weakly Supported"
NA,"FNA2AA_c1c2_filterlen33","Zygnematophyceae/LandPlants","IS_MONO_INCOMPLETE",38,"CAN_MONO_INCOMPLETE","Weakly Supported"
NA,"FNA2AA_c1c2_filterlen33","Zygnematophyceae/LandPlants","NOT_MONO",NA,"CAN_MONO_INCOMPLETE","Weakly Reject"
NA,"FNA2AA_c1c2_filterlen33","Zygnematophyceae/LandPlants","NOT_MONO",NA,"CAN_MONO_INCOMPLETE","Weakly Reject"
NA,"FNA2AA_c1c2_filterlen33","Zygnematophyceae/LandPlants","COMP_MISSING",NA,"COMP_MISSING","Missing"
NA,"FNA2AA_c1c2_filterlen33","Zygnematophyceae/LandPlants","NOT_MONO",NA,"CAN_MONO_INCOMPLETE","Weakly Reject"
NA,"FNA2AA_c1c2_filterlen33","Zygnematophyceae/LandPlants","COMP_MISSING",NA,"COMP_MISSING","Missing"
NA,"FNA2AA_c1c2_filterlen33","Zygnematophyceae/LandPlants","IS_MONO_INCOMPLETE",33,"CAN_MONO_INCOMPLETE","Weakly Supported"
NA,"FNA2AA_c1c2_filterlen33","Zygnematophyceae/LandPlants","NOT_MONO",NA,"CAN_MONO_INCOMPLETE","Weakly Reject"
NA,"FNA2AA_c1c2_filterlen33","Zygnematophyceae/LandPlants","NOT_MONO",NA,"NOT_MONO","Strongly Reject"
NA,"FNA2AA_c1c2_filterlen33","Zygnematophyceae/LandPlants","NOT_MONO",NA,"CAN_MONO_INCOMPLETE","Weakly Reject"
NA,"FNA2AA_c1c2_filterlen33","Zygnematophyceae/LandPlants","IS_MONO_INCOMPLETE",40,"CAN_MONO_INCOMPLETE","Weakly Supported"
NA,"FNA2AA_c1c2_filterlen33","Zygnematophyceae/LandPlants","IS_MONO_INCOMPLETE",74,"CAN_MONO_INCOMPLETE","Weakly Supported"
NA,"FNA2AA_c1c2_filterlen33","Zygnematophyceae/LandPlants","NOT_MONO",NA,"CAN_MONO_INCOMPLETE","Weakly Reject"
NA,"FNA2AA_c1c2_filterlen33","Zygnematophyceae/LandPlants","NOT_MONO",NA,"CAN_MONO_INCOMPLETE","Weakly Reject"
NA,"FNA2AA_c1c2_filterlen33","Zygnematophyceae/LandPlants","NOT_MONO",NA,"CAN_MONO_INCOMPLETE","Weakly Reject"
NA,"FNA2AA_c1c2_filterlen33","Zygnematophyceae/LandPlants","COMP_MISSING",NA,"COMP_MISSING","Missing"
NA,"FNA2AA_c1c2_filterlen33","Zygnematophyceae/LandPlants","COMP_MISSING",NA,"COMP_MISSING","Missing"
NA,"FNA2AA_c1c2_filterlen33","Zygnematophyceae/LandPlants","NOT_MONO",NA,"CAN_MONO_INCOMPLETE","Weakly Reject"
NA,"FNA2AA_c1c2_filterlen33","Zygnematophyceae/LandPlants","NOT_MONO",NA,"NOT_MONO","Strongly Reject"
NA,"FNA2AA_c1c2_filterlen33","Zygnematophyceae/LandPlants","NOT_MONO",NA,"CAN_MONO_INCOMPLETE","Weakly Reject"
NA,"FNA2AA_c1c2_filterlen33","Zygnematophyceae/LandPlants","COMP_MISSING",NA,"COMP_MISSING","Missing"
NA,"FNA2AA_c1c2_filterlen33","Zygnematophyceae/LandPlants","NOT_MONO",NA,"NOT_MONO","Strongly Reject"
NA,"FNA2AA_c1c2_filterlen33","Zygnematophyceae/LandPlants","IS_MONO_INCOMPLETE",30,"CAN_MONO_INCOMPLETE","Weakly Supported"
NA,"FNA2AA_c1c2_filterlen33","Zygnematophyceae/LandPlants","NOT_MONO",NA,"CAN_MONO_INCOMPLETE","Weakly Reject"
NA,"FNA2AA_c1c2_filterlen33","Zygnematophyceae/LandPlants","NOT_MONO",NA,"CAN_MONO_INCOMPLETE","Weakly Reject"
NA,"FNA2AA_c1c2_filterlen33","Zygnematophyceae/LandPlants","NOT_MONO",NA,"CAN_MONO_INCOMPLETE","Weakly Reject"
NA,"FNA2AA_c1c2_filterlen33","Zygnematophyceae/LandPlants","NOT_MONO",NA,"CAN_MONO_INCOMPLETE","Weakly Reject"
NA,"FNA2AA_c1c2_filterlen33","Zygnematophyceae/LandPlants","NOT_MONO",NA,"CAN_MONO_INCOMPLETE","Weakly Reject"
NA,"FNA2AA_c1c2_filterlen33","Zygnematophyceae/LandPlants","IS_MONO_INCOMPLETE",1,"IS_MONO_INCOMPLETE","Strongly Supported"
NA,"FNA2AA_c1c2_filterlen33","Zygnematophyceae/LandPlants","NOT_MONO",NA,"CAN_MONO_INCOMPLETE","Weakly Reject"
NA,"FNA2AA_c1c2_filterlen33","Zygnematophyceae/LandPlants","COMP_MISSING",NA,"COMP_MISSING","Missing"
NA,"FNA2AA_c1c2_filterlen33","Zygnematophyceae/LandPlants","NOT_MONO",NA,"CAN_MONO_INCOMPLETE","Weakly Reject"
NA,"FNA2AA_c1c2_filterlen33","Zygnematophyceae/LandPlants","NOT_MONO",NA,"CAN_MONO_INCOMPLETE","Weakly Reject"
NA,"FNA2AA_c1c2_filterlen33","Zygnematophyceae/LandPlants","IS_MONO_INCOMPLETE",1,"IS_MONO_INCOMPLETE","Strongly Supported"
NA,"FNA2AA_c1c2_filterlen33","Zygnematophyceae/LandPlants","IS_MONO_INCOMPLETE",73,"CAN_MONO_INCOMPLETE","Weakly Supported"
NA,"FNA2AA_c1c2_filterlen33","Zygnematophyceae/LandPlants","NOT_MONO",NA,"NOT_MONO","Strongly Reject"
NA,"FNA2AA_c1c2_filterlen33","Zygnematophyceae/LandPlants","NOT_MONO",NA,"CAN_MONO_INCOMPLETE","Weakly Reject"
NA,"FNA2AA_c1c2_filterlen33","Zygnematophyceae/LandPlants","COMP_MISSING",NA,"COMP_MISSING","Missing"
NA,"FNA2AA_c1c2_filterlen33","Zygnematophyceae/LandPlants","IS_MONO_INCOMPLETE",42,"CAN_MONO_INCOMPLETE","Weakly Supported"
NA,"FNA2AA_c1c2_filterlen33","Zygnematophyceae/LandPlants","IS_MONO_INCOMPLETE",88,"IS_MONO_INCOMPLETE","Strongly Supported"
NA,"FNA2AA_c1c2_filterlen33","Zygnematophyceae/LandPlants","IS_MONO_INCOMPLETE",1,"IS_MONO_INCOMPLETE","Strongly Supported"
NA,"FNA2AA_c1c2_filterlen33","Zygnematophyceae/LandPlants","NOT_MONO",NA,"CAN_MONO_INCOMPLETE","Weakly Reject"
NA,"FNA2AA_c1c2_filterlen33","Zygnematophyceae/LandPlants","NOT_MONO",NA,"CAN_MONO_INCOMPLETE","Weakly Reject"
NA,"FNA2AA_c1c2_filterlen33","Zygnematophyceae/LandPlants","COMP_MISSING",NA,"COMP_MISSING","Missing"
NA,"FNA2AA_c1c2_filterlen33","Zygnematophyceae/LandPlants","NOT_MONO",NA,"CAN_MONO_INCOMPLETE","Weakly Reject"
NA,"FNA2AA_c1c2_filterlen33","Zygnematophyceae/LandPlants","IS_MONO_INCOMPLETE",60,"CAN_MONO_INCOMPLETE","Weakly Supported"
NA,"FNA2AA_c1c2_filterlen33","Zygnematophyceae/LandPlants","NOT_MONO",NA,"CAN_MONO_INCOMPLETE","Weakly Reject"
NA,"FNA2AA_c1c2_filterlen33","Zygnematophyceae/LandPlants","COMP_MISSING",NA,"COMP_MISSING","Missing"
NA,"FNA2AA_c1c2_filterlen33","Zygnematophyceae/LandPlants","NOT_MONO",NA,"CAN_MONO_INCOMPLETE","Weakly Reject"
NA,"FNA2AA_c1c2_filterlen33","Zygnematophyceae/LandPlants","NOT_MONO",NA,"CAN_MONO_INCOMPLETE","Weakly Reject"
NA,"FNA2AA_c1c2_filterlen33","Zygnematophyceae/LandPlants","NOT_MONO",NA,"CAN_MONO_INCOMPLETE","Weakly Reject"
NA,"FNA2AA_c1c2_filterlen33","Zygnematophyceae/LandPlants","IS_MONO_INCOMPLETE",40,"CAN_MONO_INCOMPLETE","Weakly Supported"
NA,"FNA2AA_c1c2_filterlen33","Zygnematophyceae/LandPlants","NOT_MONO",NA,"CAN_MONO_INCOMPLETE","Weakly Reject"
NA,"FNA2AA_c1c2_filterlen33","Zygnematophyceae/LandPlants","NOT_MONO",NA,"CAN_MONO_INCOMPLETE","Weakly Reject"
NA,"FNA2AA_c1c2_filterlen33","Zygnematophyceae/LandPlants","COMP_MISSING",NA,"COMP_MISSING","Missing"
NA,"FNA2AA_c1c2_filterlen33","Zygnematophyceae/LandPlants","NOT_MONO",NA,"CAN_MONO_INCOMPLETE","Weakly Reject"
NA,"FNA2AA_c1c2_filterlen33","Zygnematophyceae/LandPlants","NOT_MONO",NA,"CAN_MONO_INCOMPLETE","Weakly Reject"
NA,"FNA2AA_c1c2_filterlen33","Zygnematophyceae/LandPlants","IS_MONO_INCOMPLETE",1,"IS_MONO_INCOMPLETE","Strongly Supported"
NA,"FNA2AA_c1c2_filterlen33","Zygnematophyceae/LandPlants","NOT_MONO",NA,"CAN_MONO_INCOMPLETE","Weakly Reject"
NA,"FNA2AA_c1c2_filterlen33","Zygnematophyceae/LandPlants","IS_MONO_INCOMPLETE",75,"IS_MONO_INCOMPLETE","Strongly Supported"
NA,"FNA2AA_c1c2_filterlen33","Zygnematophyceae/LandPlants","COMP_MISSING",NA,"COMP_MISSING","Missing"
NA,"FNA2AA_c1c2_filterlen33","Zygnematophyceae/LandPlants","NOT_MONO",NA,"CAN_MONO_INCOMPLETE","Weakly Reject"
NA,"FNA2AA_c1c2_filterlen33","Zygnematophyceae/LandPlants","NOT_MONO",NA,"NOT_MONO","Strongly Reject"
NA,"FNA2AA_c1c2_filterlen33","Zygnematophyceae/LandPlants","NOT_MONO",NA,"CAN_MONO_INCOMPLETE","Weakly Reject"
NA,"FNA2AA_c1c2_filterlen33","Zygnematophyceae/LandPlants","NOT_MONO",NA,"CAN_MONO_INCOMPLETE","Weakly Reject"
NA,"FNA2AA_c1c2_filterlen33","Zygnematophyceae/LandPlants","IS_MONO_INCOMPLETE",12,"CAN_MONO_INCOMPLETE","Weakly Supported"
NA,"FNA2AA_c1c2_filterlen33","Zygnematophyceae/LandPlants","NOT_MONO",NA,"CAN_MONO_INCOMPLETE","Weakly Reject"
NA,"FNA2AA_c1c2_filterlen33","Zygnematophyceae/LandPlants","NOT_MONO",NA,"NOT_MONO","Strongly Reject"
NA,"FNA2AA_c1c2_filterlen33","Zygnematophyceae/LandPlants","IS_MONO_INCOMPLETE",79,"IS_MONO_INCOMPLETE","Strongly Supported"
NA,"FNA2AA_c1c2_filterlen33","Zygnematophyceae/LandPlants","COMP_MISSING",NA,"COMP_MISSING","Missing"
NA,"FNA2AA_c1c2_filterlen33","Zygnematophyceae/LandPlants","NOT_MONO",NA,"CAN_MONO_INCOMPLETE","Weakly Reject"
NA,"FNA2AA_c1c2_filterlen33","Zygnematophyceae/LandPlants","NOT_MONO",NA,"CAN_MONO_INCOMPLETE","Weakly Reject"
NA,"FNA2AA_c1c2_filterlen33","Zygnematophyceae/LandPlants","NOT_MONO",NA,"NOT_MONO","Strongly Reject"
NA,"FNA2AA_c1c2_filterlen33","Zygnematophyceae/LandPlants","IS_MONO_INCOMPLETE",1,"IS_MONO_INCOMPLETE","Strongly Supported"
NA,"FNA2AA_c1c2_filterlen33","Zygnematophyceae/LandPlants","NOT_MONO",NA,"CAN_MONO_INCOMPLETE","Weakly Reject"
NA,"FNA2AA_c1c2_filterlen33","Zygnematophyceae/LandPlants","IS_MONO_INCOMPLETE",1,"IS_MONO_INCOMPLETE","Strongly Supported"
NA,"FNA2AA_c1c2_filterlen33","Zygnematophyceae/LandPlants","NOT_MONO",NA,"CAN_MONO_INCOMPLETE","Weakly Reject"
NA,"FNA2AA_c1c2_filterlen33","Zygnematophyceae/LandPlants","COMP_MISSING",NA,"COMP_MISSING","Missing"
NA,"FNA2AA_c1c2_filterlen33","Zygnematophyceae/LandPlants","NOT_MONO",NA,"CAN_MONO_INCOMPLETE","Weakly Reject"
NA,"FNA2AA_c1c2_filterlen33","Zygnematophyceae/LandPlants","NOT_MONO",NA,"CAN_MONO_INCOMPLETE","Weakly Reject"
NA,"FNA2AA_c1c2_filterlen33","Zygnematophyceae/LandPlants","COMP_MISSING",NA,"COMP_MISSING","Missing"
NA,"FNA2AA_c1c2_filterlen33","Zygnematophyceae/LandPlants","NOT_MONO",NA,"CAN_MONO_INCOMPLETE","Weakly Reject"
NA,"FNA2AA_c1c2_filterlen33","Zygnematophyceae/LandPlants","NOT_MONO",NA,"CAN_MONO_INCOMPLETE","Weakly Reject"
NA,"FNA2AA_c1c2_filterlen33","Zygnematophyceae/LandPlants","COMP_MISSING",NA,"COMP_MISSING","Missing"
NA,"FNA2AA_c1c2_filterlen33","Zygnematophyceae/LandPlants","COMP_MISSING",NA,"COMP_MISSING","Missing"
NA,"FNA2AA_c1c2_filterlen33","Zygnematophyceae/LandPlants","COMP_MISSING",NA,"COMP_MISSING","Missing"
NA,"FNA2AA_c1c2_filterlen33","Zygnematophyceae/LandPlants","NOT_MONO",NA,"CAN_MONO_INCOMPLETE","Weakly Reject"
NA,"FNA2AA_c1c2_filterlen33","Zygnematophyceae/LandPlants","NOT_MONO",NA,"CAN_MONO_INCOMPLETE","Weakly Reject"
NA,"FNA2AA_c1c2_filterlen33","Zygnematophyceae/LandPlants","NOT_MONO",NA,"CAN_MONO_INCOMPLETE","Weakly Reject"
NA,"FNA2AA_c1c2_filterlen33","Zygnematophyceae/LandPlants","IS_MONO_INCOMPLETE",22,"CAN_MONO_INCOMPLETE","Weakly Supported"
NA,"FNA2AA_c1c2_filterlen33","Zygnematophyceae/LandPlants","COMP_MISSING",NA,"COMP_MISSING","Missing"
NA,"FNA2AA_c1c2_filterlen33","Zygnematophyceae/LandPlants","IS_MONO_INCOMPLETE",40,"CAN_MONO_INCOMPLETE","Weakly Supported"
NA,"FNA2AA_c1c2_filterlen33","Zygnematophyceae/LandPlants","IS_MONO_INCOMPLETE",46,"CAN_MONO_INCOMPLETE","Weakly Supported"
NA,"FNA2AA_c1c2_filterlen33","Zygnematophyceae/LandPlants","NOT_MONO",NA,"CAN_MONO_INCOMPLETE","Weakly Reject"
NA,"FNA2AA_c1c2_filterlen33","Zygnematophyceae/LandPlants","COMP_MISSING",NA,"COMP_MISSING","Missing"
NA,"FNA2AA_c1c2_filterlen33","Zygnematophyceae/LandPlants","NOT_MONO",NA,"CAN_MONO_INCOMPLETE","Weakly Reject"
NA,"FNA2AA_c1c2_filterlen33","Zygnematophyceae/LandPlants","NOT_MONO",NA,"CAN_MONO_INCOMPLETE","Weakly Reject"
NA,"FNA2AA_c1c2_filterlen33","Zygnematophyceae/LandPlants","IS_MONO_INCOMPLETE",18,"CAN_MONO_INCOMPLETE","Weakly Supported"
NA,"FNA2AA_c1c2_filterlen33","Zygnematophyceae/LandPlants","NOT_MONO",NA,"NOT_MONO","Strongly Reject"
NA,"FNA2AA_c1c2_filterlen33","Zygnematophyceae/LandPlants","CAN_MONO_INCOMPLETE",NA,"CAN_MONO_INCOMPLETE","Weakly Reject"
NA,"FNA2AA_c1c2_filterlen33","Zygnematophyceae/LandPlants","IS_MONO_INCOMPLETE",1,"IS_MONO_INCOMPLETE","Strongly Supported"
NA,"FNA2AA_c1c2_filterlen33","Zygnematophyceae/LandPlants","NOT_MONO",NA,"CAN_MONO_INCOMPLETE","Weakly Reject"
NA,"FNA2AA_c1c2_filterlen33","Zygnematophyceae/LandPlants","NOT_MONO",NA,"CAN_MONO_INCOMPLETE","Weakly Reject"
NA,"FNA2AA_c1c2_filterlen33","Zygnematophyceae/LandPlants","NOT_MONO",NA,"CAN_MONO_INCOMPLETE","Weakly Reject"
NA,"FNA2AA_c1c2_filterlen33","Zygnematophyceae/LandPlants","COMP_MISSING",NA,"COMP_MISSING","Missing"
NA,"FNA2AA_c1c2_filterlen33","Zygnematophyceae/LandPlants","NOT_MONO",NA,"CAN_MONO_INCOMPLETE","Weakly Reject"
NA,"FNA2AA_c1c2_filterlen33","Zygnematophyceae/LandPlants","NOT_MONO",NA,"CAN_MONO_INCOMPLETE","Weakly Reject"
NA,"FNA2AA_c1c2_filterlen33","Zygnematophyceae/LandPlants","NOT_MONO",NA,"CAN_MONO_INCOMPLETE","Weakly Reject"
NA,"FNA2AA_c1c2_filterlen33","Zygnematophyceae/LandPlants","NOT_MONO",NA,"CAN_MONO_INCOMPLETE","Weakly Reject"
NA,"FNA2AA_c1c2_filterlen33","Zygnematophyceae/LandPlants","COMP_MISSING",NA,"COMP_MISSING","Missing"
NA,"FNA2AA_c1c2_filterlen33","Zygnematophyceae/LandPlants","NOT_MONO",NA,"NOT_MONO","Strongly Reject"
NA,"FNA2AA_c1c2_filterlen33","Zygnematophyceae/LandPlants","NOT_MONO",NA,"CAN_MONO_INCOMPLETE","Weakly Reject"
NA,"FNA2AA_c1c2_filterlen33","Zygnematophyceae/LandPlants","COMP_MISSING",NA,"COMP_MISSING","Missing"
NA,"FNA2AA_c1c2_filterlen33","Zygnematophyceae/LandPlants","NOT_MONO",NA,"CAN_MONO_INCOMPLETE","Weakly Reject"
NA,"FNA2AA_c1c2_filterlen33","Zygnematophyceae/LandPlants","NOT_MONO",NA,"CAN_MONO_INCOMPLETE","Weakly Reject"
NA,"FNA2AA_c1c2_filterlen33","Zygnematophyceae/LandPlants","IS_MONO_INCOMPLETE",35,"CAN_MONO_INCOMPLETE","Weakly Supported"
NA,"FNA2AA_c1c2_filterlen33","Zygnematophyceae/LandPlants","NOT_MONO",NA,"CAN_MONO_INCOMPLETE","Weakly Reject"
NA,"FNA2AA_c1c2_filterlen33","Zygnematophyceae/LandPlants","NOT_MONO",NA,"CAN_MONO_INCOMPLETE","Weakly Reject"
NA,"FNA2AA_c1c2_filterlen33","Zygnematophyceae/LandPlants","IS_MONO_INCOMPLETE",1,"IS_MONO_INCOMPLETE","Strongly Supported"
NA,"FNA2AA_c1c2_filterlen33","Zygnematophyceae/LandPlants","IS_MONO_INCOMPLETE",1,"IS_MONO_INCOMPLETE","Strongly Supported"
NA,"FNA2AA_c1c2_filterlen33","Zygnematophyceae/LandPlants","NOT_MONO",NA,"CAN_MONO_INCOMPLETE","Weakly Reject"
NA,"FNA2AA_c1c2_filterlen33","Zygnematophyceae/LandPlants","NOT_MONO",NA,"CAN_MONO_INCOMPLETE","Weakly Reject"
NA,"FNA2AA_c1c2_filterlen33","Zygnematophyceae/LandPlants","NOT_MONO",NA,"CAN_MONO_INCOMPLETE","Weakly Reject"
NA,"FNA2AA_c1c2_filterlen33","Zygnematophyceae/LandPlants","NOT_MONO",NA,"CAN_MONO_INCOMPLETE","Weakly Reject"
NA,"FNA2AA_c1c2_filterlen33","Zygnematophyceae/LandPlants","IS_MONO_INCOMPLETE",74,"CAN_MONO_INCOMPLETE","Weakly Supported"
NA,"FNA2AA_c1c2_filterlen33","Zygnematophyceae/LandPlants","COMP_MISSING",NA,"COMP_MISSING","Missing"
NA,"FNA2AA_c1c2_filterlen33","Zygnematophyceae/LandPlants","IS_MONO_INCOMPLETE",73,"CAN_MONO_INCOMPLETE","Weakly Supported"
NA,"FNA2AA_c1c2_filterlen33","Zygnematophyceae/LandPlants","NOT_MONO",NA,"CAN_MONO_INCOMPLETE","Weakly Reject"
NA,"FNA2AA_c1c2_filterlen33","Zygnematophyceae/LandPlants","NOT_MONO",NA,"CAN_MONO_INCOMPLETE","Weakly Reject"
NA,"FNA2AA_c1c2_filterlen33","Zygnematophyceae/LandPlants","IS_MONO_INCOMPLETE",74,"CAN_MONO_INCOMPLETE","Weakly Supported"
NA,"FNA2AA_c1c2_filterlen33","Zygnematophyceae/LandPlants","CAN_MONO_INCOMPLETE",NA,"CAN_MONO_INCOMPLETE","Weakly Reject"
NA,"FNA2AA_c1c2_filterlen33","Zygnematophyceae/LandPlants","NOT_MONO",NA,"CAN_MONO_INCOMPLETE","Weakly Reject"
NA,"FNA2AA_c1c2_filterlen33","Zygnematophyceae/LandPlants","COMP_MISSING",NA,"COMP_MISSING","Missing"
NA,"FNA2AA_c1c2_filterlen33","Zygnematophyceae/LandPlants","IS_MONO_INCOMPLETE",84,"IS_MONO_INCOMPLETE","Strongly Supported"
NA,"FNA2AA_c1c2_filterlen33","Zygnematophyceae/LandPlants","NOT_MONO",NA,"CAN_MONO_INCOMPLETE","Weakly Reject"
NA,"FNA2AA_c1c2_filterlen33","Zygnematophyceae/LandPlants","COMP_MISSING",NA,"COMP_MISSING","Missing"
NA,"FNA2AA_c1c2_filterlen33","Zygnematophyceae/LandPlants","NOT_MONO",NA,"NOT_MONO","Strongly Reject"
NA,"FNA2AA_c1c2_filterlen33","Zygnematophyceae/LandPlants","NOT_MONO",NA,"CAN_MONO_INCOMPLETE","Weakly Reject"
NA,"FNA2AA_c1c2_filterlen33","Zygnematophyceae/LandPlants","COMP_MISSING",NA,"COMP_MISSING","Missing"
NA,"FNA2AA_c1c2_filterlen33","Zygnematophyceae/LandPlants","COMP_MISSING",NA,"COMP_MISSING","Missing"
NA,"FNA2AA_c1c2_filterlen33","Zygnematophyceae/LandPlants","NOT_MONO",NA,"CAN_MONO_INCOMPLETE","Weakly Reject"
NA,"FNA2AA_c1c2_filterlen33","Zygnematophyceae/LandPlants","NOT_MONO",NA,"CAN_MONO_INCOMPLETE","Weakly Reject"
NA,"FNA2AA_c1c2_filterlen33","Zygnematophyceae/LandPlants","NOT_MONO",NA,"CAN_MONO_INCOMPLETE","Weakly Reject"
NA,"FNA2AA_c1c2_filterlen33","Zygnematophyceae/LandPlants","NOT_MONO",NA,"NOT_MONO","Strongly Reject"
NA,"FNA2AA_c1c2_filterlen33","Zygnematophyceae/LandPlants","IS_MONO_INCOMPLETE",1,"IS_MONO_INCOMPLETE","Strongly Supported"
NA,"FNA2AA_c1c2_filterlen33","Zygnematophyceae/LandPlants","NOT_MONO",NA,"CAN_MONO_INCOMPLETE","Weakly Reject"
NA,"FNA2AA_c1c2_filterlen33","Zygnematophyceae/LandPlants","IS_MONO_INCOMPLETE",1,"IS_MONO_INCOMPLETE","Strongly Supported"
NA,"FNA2AA_c1c2_filterlen33","Zygnematophyceae/LandPlants","COMP_MISSING",NA,"COMP_MISSING","Missing"
NA,"FNA2AA_c1c2_filterlen33","Zygnematophyceae/LandPlants","NOT_MONO",NA,"NOT_MONO","Strongly Reject"
NA,"FNA2AA_c1c2_filterlen33","Zygnematophyceae/LandPlants","NOT_MONO",NA,"CAN_MONO_INCOMPLETE","Weakly Reject"
NA,"FNA2AA_c1c2_filterlen33","Zygnematophyceae/LandPlants","NOT_MONO",NA,"NOT_MONO","Strongly Reject"
NA,"FNA2AA_c1c2_filterlen33","Zygnematophyceae/LandPlants","COMP_MISSING",NA,"COMP_MISSING","Missing"
NA,"FNA2AA_c1c2_filterlen33","Zygnematophyceae/LandPlants","COMP_MISSING",NA,"COMP_MISSING","Missing"
NA,"FNA2AA_c1c2_filterlen33","Zygnematophyceae/LandPlants","NOT_MONO",NA,"CAN_MONO_INCOMPLETE","Weakly Reject"
NA,"FNA2AA_c1c2_filterlen33","Zygnematophyceae/LandPlants","IS_MONO_INCOMPLETE",1,"IS_MONO_INCOMPLETE","Strongly Supported"
NA,"FNA2AA_c1c2_filterlen33","Zygnematophyceae/LandPlants","NOT_MONO",NA,"CAN_MONO_INCOMPLETE","Weakly Reject"
NA,"FNA2AA_c1c2_filterlen33","Zygnematophyceae/LandPlants","NOT_MONO",NA,"CAN_MONO_INCOMPLETE","Weakly Reject"
NA,"FNA2AA_c1c2_filterlen33","Zygnematophyceae/LandPlants","COMP_MISSING",NA,"COMP_MISSING","Missing"
NA,"FNA2AA_c1c2_filterlen33","Zygnematophyceae/LandPlants","NOT_MONO",NA,"CAN_MONO_INCOMPLETE","Weakly Reject"
NA,"FNA2AA_c1c2_filterlen33","Zygnematophyceae/LandPlants","COMP_MISSING",NA,"COMP_MISSING","Missing"
NA,"FNA2AA_c1c2_filterlen33","Zygnematophyceae/LandPlants","NOT_MONO",NA,"CAN_MONO_INCOMPLETE","Weakly Reject"
NA,"FNA2AA_c1c2_filterlen33","Zygnematophyceae/LandPlants","COMP_MISSING",NA,"COMP_MISSING","Missing"
NA,"FNA2AA_c1c2_filterlen33","Zygnematophyceae/LandPlants","COMP_MISSING",NA,"COMP_MISSING","Missing"
NA,"FNA2AA_c1c2_filterlen33","Zygnematophyceae/LandPlants","IS_MONO_INCOMPLETE",23,"CAN_MONO_INCOMPLETE","Weakly Supported"
NA,"FNA2AA_c1c2_filterlen33","Zygnematophyceae/LandPlants","NOT_MONO",NA,"CAN_MONO_INCOMPLETE","Weakly Reject"
NA,"FNA2AA_c1c2_filterlen33","Zygnematophyceae/LandPlants","CAN_MONO_INCOMPLETE",NA,"CAN_MONO_INCOMPLETE","Weakly Reject"
NA,"FNA2AA_c1c2_filterlen33","Zygnematophyceae/LandPlants","NOT_MONO",NA,"CAN_MONO_INCOMPLETE","Weakly Reject"
NA,"FNA2AA_c1c2_filterlen33","Zygnematophyceae/LandPlants","NOT_MONO",NA,"CAN_MONO_INCOMPLETE","Weakly Reject"
NA,"FNA2AA_c1c2_filterlen33","Zygnematophyceae/LandPlants","NOT_MONO",NA,"CAN_MONO_INCOMPLETE","Weakly Reject"
NA,"FNA2AA_c1c2_filterlen33","Zygnematophyceae/LandPlants","NOT_MONO",NA,"CAN_MONO_INCOMPLETE","Weakly Reject"
NA,"FNA2AA_c1c2_filterlen33","Zygnematophyceae/LandPlants","NOT_MONO",NA,"CAN_MONO_INCOMPLETE","Weakly Reject"
NA,"FNA2AA_c1c2_filterlen33","Zygnematophyceae/LandPlants","COMP_MISSING",NA,"COMP_MISSING","Missing"
NA,"FNA2AA_c1c2_filterlen33","Zygnematophyceae/LandPlants","NOT_MONO",NA,"CAN_MONO_INCOMPLETE","Weakly Reject"
NA,"FNA2AA_c1c2_filterlen33","Zygnematophyceae/LandPlants","COMP_MISSING",NA,"COMP_MISSING","Missing"
NA,"FNA2AA_c1c2_filterlen33","Zygnematophyceae/LandPlants","COMP_MISSING",NA,"COMP_MISSING","Missing"
NA,"FNA2AA_c1c2_filterlen33","Zygnematophyceae/LandPlants","NOT_MONO",NA,"NOT_MONO","Strongly Reject"
NA,"FNA2AA_c1c2_filterlen33","Zygnematophyceae/LandPlants","NOT_MONO",NA,"CAN_MONO_INCOMPLETE","Weakly Reject"
NA,"FNA2AA_c1c2_filterlen33","Zygnematophyceae/LandPlants","NOT_MONO",NA,"CAN_MONO_INCOMPLETE","Weakly Reject"
NA,"FNA2AA_c1c2_filterlen33","Zygnematophyceae/LandPlants","IS_MONO_INCOMPLETE",21,"CAN_MONO_INCOMPLETE","Weakly Supported"
NA,"FNA2AA_c1c2_filterlen33","Zygnematophyceae/LandPlants","COMP_MISSING",NA,"COMP_MISSING","Missing"
NA,"FNA2AA_c1c2_filterlen33","Zygnematophyceae/LandPlants","COMP_MISSING",NA,"COMP_MISSING","Missing"
NA,"FNA2AA_c1c2_filterlen33","Zygnematophyceae/LandPlants","NOT_MONO",NA,"NOT_MONO","Strongly Reject"
NA,"FNA2AA_c1c2_filterlen33","Zygnematophyceae/LandPlants","CAN_MONO_INCOMPLETE",NA,"CAN_MONO_INCOMPLETE","Weakly Reject"
NA,"FNA2AA_c1c2_filterlen33","Zygnematophyceae/LandPlants","IS_MONO_INCOMPLETE",64,"CAN_MONO_INCOMPLETE","Weakly Supported"
NA,"FNA2AA_c1c2_filterlen33","Zygnematophyceae/LandPlants","IS_MONO_INCOMPLETE",56,"CAN_MONO_INCOMPLETE","Weakly Supported"
NA,"FNA2AA_c1c2_filterlen33","Zygnematophyceae/LandPlants","NOT_MONO",NA,"CAN_MONO_INCOMPLETE","Weakly Reject"
NA,"FNA2AA_c1c2_filterlen33","Zygnematophyceae/LandPlants","NOT_MONO",NA,"CAN_MONO_INCOMPLETE","Weakly Reject"
NA,"FNA2AA_c1c2_filterlen33","Zygnematophyceae/LandPlants","IS_MONO_INCOMPLETE",35,"CAN_MONO_INCOMPLETE","Weakly Supported"
NA,"FNA2AA_c1c2_filterlen33","Zygnematophyceae/LandPlants","IS_MONO_INCOMPLETE",1,"IS_MONO_INCOMPLETE","Strongly Supported"
NA,"FNA2AA_c1c2_filterlen33","Zygnematophyceae/LandPlants","COMP_MISSING",NA,"COMP_MISSING","Missing"
NA,"FNA2AA_c1c2_filterlen33","Zygnematophyceae/LandPlants","IS_MONO_INCOMPLETE",1,"IS_MONO_INCOMPLETE","Strongly Supported"
NA,"FNA2AA_c1c2_filterlen33","Zygnematophyceae/LandPlants","COMP_MISSING",NA,"COMP_MISSING","Missing"
NA,"FNA2AA_c1c2_filterlen33","Zygnematophyceae/LandPlants","NOT_MONO",NA,"CAN_MONO_INCOMPLETE","Weakly Reject"
NA,"FNA2AA_c1c2_filterlen33","Zygnematophyceae/LandPlants","COMP_MISSING",NA,"COMP_MISSING","Missing"
NA,"FNA2AA_c1c2_filterlen33","Zygnematophyceae/LandPlants","COMP_MISSING",NA,"COMP_MISSING","Missing"
NA,"FNA2AA_c1c2_filterlen33","Zygnematophyceae/LandPlants","NOT_MONO",NA,"CAN_MONO_INCOMPLETE","Weakly Reject"
NA,"FNA2AA_c1c2_filterlen33","Zygnematophyceae/LandPlants","IS_MONO_INCOMPLETE",81,"IS_MONO_INCOMPLETE","Strongly Supported"
NA,"FNA2AA_c1c2_filterlen33","Zygnematophyceae/LandPlants","COMP_MISSING",NA,"COMP_MISSING","Missing"
NA,"FNA2AA_c1c2_filterlen33","Zygnematophyceae/LandPlants","IS_MONO_INCOMPLETE",77,"IS_MONO_INCOMPLETE","Strongly Supported"
NA,"FNA2AA_c1c2_filterlen33","Zygnematophyceae/LandPlants","NOT_MONO",NA,"CAN_MONO_INCOMPLETE","Weakly Reject"
NA,"FNA2AA_c1c2_filterlen33","Zygnematophyceae/LandPlants","NOT_MONO",NA,"CAN_MONO_INCOMPLETE","Weakly Reject"
NA,"FNA2AA_c1c2_filterlen33","Zygnematophyceae/LandPlants","NOT_MONO",NA,"CAN_MONO_INCOMPLETE","Weakly Reject"
NA,"FNA2AA_c1c2_filterlen33","Zygnematophyceae/LandPlants","NOT_MONO",NA,"CAN_MONO_INCOMPLETE","Weakly Reject"
NA,"FNA2AA_c1c2_filterlen33","Zygnematophyceae/LandPlants","COMP_MISSING",NA,"COMP_MISSING","Missing"
NA,"FNA2AA_c1c2_filterlen33","Zygnematophyceae/LandPlants","NOT_MONO",NA,"CAN_MONO_INCOMPLETE","Weakly Reject"
NA,"FNA2AA_c1c2_filterlen33","Zygnematophyceae/LandPlants","IS_MONO_INCOMPLETE",1,"IS_MONO_INCOMPLETE","Strongly Supported"
NA,"FNA2AA_c1c2_filterlen33","Zygnematophyceae/LandPlants","IS_MONO_INCOMPLETE",46,"CAN_MONO_INCOMPLETE","Weakly Supported"
NA,"FNA2AA_c1c2_filterlen33","Zygnematophyceae/LandPlants","NOT_MONO",NA,"CAN_MONO_INCOMPLETE","Weakly Reject"
NA,"FNA2AA_c1c2_filterlen33","Zygnematophyceae/LandPlants","IS_MONO_INCOMPLETE",46,"CAN_MONO_INCOMPLETE","Weakly Supported"
NA,"FNA2AA_c1c2_filterlen33","Zygnematophyceae/LandPlants","COMP_MISSING",NA,"COMP_MISSING","Missing"
NA,"FNA2AA_c1c2_filterlen33","Zygnematophyceae/LandPlants","NOT_MONO",NA,"CAN_MONO_INCOMPLETE","Weakly Reject"
NA,"FNA2AA_c1c2_filterlen33","Zygnematophyceae/LandPlants","NOT_MONO",NA,"CAN_MONO_INCOMPLETE","Weakly Reject"
NA,"FNA2AA_c1c2_filterlen33","Zygnematophyceae/LandPlants","IS_MONO_INCOMPLETE",32,"CAN_MONO_INCOMPLETE","Weakly Supported"
NA,"FNA2AA_c1c2_filterlen33","Zygnematophyceae/LandPlants","IS_MONO_INCOMPLETE",51,"CAN_MONO_INCOMPLETE","Weakly Supported"
NA,"FNA2AA_c1c2_filterlen33","Zygnematophyceae/LandPlants","NOT_MONO",NA,"CAN_MONO_INCOMPLETE","Weakly Reject"
NA,"FNA2AA_c1c2_filterlen33","Zygnematophyceae/LandPlants","COMP_MISSING",NA,"COMP_MISSING","Missing"
NA,"FNA2AA_c1c2_filterlen33","Zygnematophyceae/LandPlants","NOT_MONO",NA,"CAN_MONO_INCOMPLETE","Weakly Reject"
NA,"FNA2AA_c1c2_filterlen33","Zygnematophyceae/LandPlants","NOT_MONO",NA,"CAN_MONO_INCOMPLETE","Weakly Reject"
NA,"FNA2AA_c1c2_filterlen33","Zygnematophyceae/LandPlants","NOT_MONO",NA,"NOT_MONO","Strongly Reject"
NA,"FNA2AA_c1c2_filterlen33","Zygnematophyceae/LandPlants","COMP_MISSING",NA,"COMP_MISSING","Missing"
NA,"FNA2AA_c1c2_filterlen33","Zygnematophyceae/LandPlants","COMP_MISSING",NA,"COMP_MISSING","Missing"
NA,"FNA2AA_c1c2_filterlen33","Zygnematophyceae/LandPlants","NOT_MONO",NA,"CAN_MONO_INCOMPLETE","Weakly Reject"
NA,"FNA2AA_c1c2_filterlen33","Zygnematophyceae/LandPlants","CAN_MONO_INCOMPLETE",NA,"CAN_MONO_INCOMPLETE","Weakly Reject"
NA,"FNA2AA_c1c2_filterlen33","Zygnematophyceae/LandPlants","COMP_MISSING",NA,"COMP_MISSING","Missing"
NA,"FNA2AA_c1c2_filterlen33","Zygnematophyceae/LandPlants","COMP_MISSING",NA,"COMP_MISSING","Missing"
NA,"FNA2AA_c1c2_filterlen33","Zygnematophyceae/LandPlants","COMP_MISSING",NA,"COMP_MISSING","Missing"
NA,"FNA2AA_c1c2_filterlen33","Zygnematophyceae/LandPlants","NOT_MONO",NA,"NOT_MONO","Strongly Reject"
NA,"FNA2AA_c1c2_filterlen33","Zygnematophyceae/LandPlants","NOT_MONO",NA,"CAN_MONO_INCOMPLETE","Weakly Reject"
NA,"FNA2AA_c1c2_filterlen33","Zygnematophyceae/LandPlants","IS_MONO_INCOMPLETE",1,"IS_MONO_INCOMPLETE","Strongly Supported"
NA,"FNA2AA_c1c2_filterlen33","Zygnematophyceae/LandPlants","IS_MONO_INCOMPLETE",75,"IS_MONO_INCOMPLETE","Strongly Supported"
NA,"FNA2AA_c1c2_filterlen33","Zygnematophyceae/LandPlants","NOT_MONO",NA,"CAN_MONO_INCOMPLETE","Weakly Reject"
NA,"FNA2AA_c1c2_filterlen33","Zygnematophyceae/LandPlants","NOT_MONO",NA,"CAN_MONO_INCOMPLETE","Weakly Reject"
NA,"FNA2AA_c1c2_filterlen33","Zygnematophyceae/LandPlants","IS_MONO_INCOMPLETE",71,"CAN_MONO_INCOMPLETE","Weakly Supported"
NA,"FNA2AA_c1c2_filterlen33","Zygnematophyceae/LandPlants","IS_MONO_INCOMPLETE",1,"IS_MONO_INCOMPLETE","Strongly Supported"
NA,"FNA2AA_c1c2_filterlen33","Zygnematophyceae/LandPlants","NOT_MONO",NA,"CAN_MONO_INCOMPLETE","Weakly Reject"
NA,"FNA2AA_c1c2_filterlen33","Zygnematophyceae/LandPlants","NOT_MONO",NA,"CAN_MONO_INCOMPLETE","Weakly Reject"
NA,"FNA2AA_c1c2_filterlen33","Zygnematophyceae/LandPlants","COMP_MISSING",NA,"COMP_MISSING","Missing"
NA,"FNA2AA_c1c2_filterlen33","Zygnematophyceae/LandPlants","NOT_MONO",NA,"NOT_MONO","Strongly Reject"
NA,"FNA2AA_c1c2_filterlen33","Zygnematophyceae/LandPlants","IS_MONO_INCOMPLETE",79,"IS_MONO_INCOMPLETE","Strongly Supported"
NA,"FNA2AA_c1c2_filterlen33","Zygnematophyceae/LandPlants","NOT_MONO",NA,"CAN_MONO_INCOMPLETE","Weakly Reject"
NA,"FNA2AA_c1c2_filterlen33","Zygnematophyceae/LandPlants","COMP_MISSING",NA,"COMP_MISSING","Missing"
NA,"FNA2AA_c1c2_filterlen33","Zygnematophyceae/LandPlants","NOT_MONO",NA,"CAN_MONO_INCOMPLETE","Weakly Reject"
NA,"FNA2AA_c1c2_filterlen33","Zygnematophyceae/LandPlants","IS_MONO_INCOMPLETE",1,"IS_MONO_INCOMPLETE","Strongly Supported"
NA,"FNA2AA_c1c2_filterlen33","Zygnematophyceae/LandPlants","NOT_MONO",NA,"CAN_MONO_INCOMPLETE","Weakly Reject"
NA,"FNA2AA_c1c2_filterlen33","Zygnematophyceae/LandPlants","IS_MONO_INCOMPLETE",41,"CAN_MONO_INCOMPLETE","Weakly Supported"
NA,"FNA2AA_c1c2_filterlen33","Zygnematophyceae/LandPlants","NOT_MONO",NA,"CAN_MONO_INCOMPLETE","Weakly Reject"
NA,"FNA2AA_c1c2_filterlen33","Zygnematophyceae/LandPlants","NOT_MONO",NA,"CAN_MONO_INCOMPLETE","Weakly Reject"
NA,"FNA2AA_c1c2_filterlen33","Zygnematophyceae/LandPlants","COMP_MISSING",NA,"COMP_MISSING","Missing"
NA,"FNA2AA_c1c2_filterlen33","Zygnematophyceae/LandPlants","NOT_MONO",NA,"CAN_MONO_INCOMPLETE","Weakly Reject"
NA,"FNA2AA_c1c2_filterlen33","Zygnematophyceae/LandPlants","COMP_MISSING",NA,"COMP_MISSING","Missing"
NA,"FNA2AA_c1c2_filterlen33","Zygnematophyceae/LandPlants","COMP_MISSING",NA,"COMP_MISSING","Missing"
NA,"FNA2AA_c1c2_filterlen33","Zygnematophyceae/LandPlants","NOT_MONO",NA,"CAN_MONO_INCOMPLETE","Weakly Reject"
NA,"FNA2AA_c1c2_filterlen33","Zygnematophyceae/LandPlants","NOT_MONO",NA,"CAN_MONO_INCOMPLETE","Weakly Reject"
NA,"FNA2AA_c1c2_filterlen33","Zygnematophyceae/LandPlants","IS_MONO_INCOMPLETE",33,"CAN_MONO_INCOMPLETE","Weakly Supported"
NA,"FNA2AA_c1c2_filterlen33","Zygnematophyceae/LandPlants","IS_MONO_INCOMPLETE",1,"IS_MONO_INCOMPLETE","Strongly Supported"
NA,"FNA2AA_c1c2_filterlen33","Zygnematophyceae/LandPlants","NOT_MONO",NA,"NOT_MONO","Strongly Reject"
NA,"FNA2AA_c1c2_filterlen33","Zygnematophyceae/LandPlants","NOT_MONO",NA,"CAN_MONO_INCOMPLETE","Weakly Reject"
NA,"FNA2AA_c1c2_filterlen33","Zygnematophyceae/LandPlants","NOT_MONO",NA,"CAN_MONO_INCOMPLETE","Weakly Reject"
NA,"FNA2AA_c1c2_filterlen33","Zygnematophyceae/LandPlants","IS_MONO_INCOMPLETE",97,"IS_MONO_INCOMPLETE","Strongly Supported"
NA,"FNA2AA_c1c2_filterlen33","Zygnematophyceae/LandPlants","IS_MONO_INCOMPLETE",19,"CAN_MONO_INCOMPLETE","Weakly Supported"
NA,"FNA2AA_c1c2_filterlen33","Zygnematophyceae/LandPlants","NOT_MONO",NA,"CAN_MONO_INCOMPLETE","Weakly Reject"
NA,"FNA2AA_c1c2_filterlen33","Zygnematophyceae/LandPlants","NOT_MONO",NA,"CAN_MONO_INCOMPLETE","Weakly Reject"
NA,"FNA2AA_c1c2_filterlen33","Zygnematophyceae/LandPlants","COMP_MISSING",NA,"COMP_MISSING","Missing"
NA,"FNA2AA_c1c2_filterlen33","Zygnematophyceae/LandPlants","NOT_MONO",NA,"CAN_MONO_INCOMPLETE","Weakly Reject"
NA,"FNA2AA_c1c2_filterlen33","Zygnematophyceae/LandPlants","NOT_MONO",NA,"CAN_MONO_INCOMPLETE","Weakly Reject"
NA,"FNA2AA_c1c2_filterlen33","Zygnematophyceae/LandPlants","NOT_MONO",NA,"CAN_MONO_INCOMPLETE","Weakly Reject"
NA,"FNA2AA_c1c2_filterlen33","Zygnematophyceae/LandPlants","NOT_MONO",NA,"CAN_MONO_INCOMPLETE","Weakly Reject"
NA,"FNA2AA_c1c2_filterlen33","Zygnematophyceae/LandPlants","COMP_MISSING",NA,"COMP_MISSING","Missing"
NA,"FNA2AA_c1c2_filterlen33","Zygnematophyceae/LandPlants","COMP_MISSING",NA,"COMP_MISSING","Missing"
NA,"FNA2AA_c1c2_filterlen33","Zygnematophyceae/LandPlants","NOT_MONO",NA,"CAN_MONO_INCOMPLETE","Weakly Reject"
NA,"FNA2AA_c1c2_filterlen33","Zygnematophyceae/LandPlants","IS_MONO_INCOMPLETE",1,"IS_MONO_INCOMPLETE","Strongly Supported"
NA,"FNA2AA_c1c2_filterlen33","Zygnematophyceae/LandPlants","COMP_MISSING",NA,"COMP_MISSING","Missing"
NA,"FNA2AA_c1c2_filterlen33","Zygnematophyceae/LandPlants","NOT_MONO",NA,"CAN_MONO_INCOMPLETE","Weakly Reject"
NA,"FNA2AA_c1c2_filterlen33","Zygnematophyceae/LandPlants","NOT_MONO",NA,"NOT_MONO","Strongly Reject"
NA,"FNA2AA_c1c2_filterlen33","Zygnematophyceae/LandPlants","COMP_MISSING",NA,"COMP_MISSING","Missing"
NA,"FNA2AA_c1c2_filterlen33","Zygnematophyceae/LandPlants","NOT_MONO",NA,"CAN_MONO_INCOMPLETE","Weakly Reject"
NA,"FNA2AA_c1c2_filterlen33","Zygnematophyceae/LandPlants","CAN_MONO_INCOMPLETE",NA,"CAN_MONO_INCOMPLETE","Weakly Reject"
NA,"FNA2AA_c1c2_filterlen33","Zygnematophyceae/LandPlants","COMP_MISSING",NA,"COMP_MISSING","Missing"
NA,"FNA2AA_c1c2_filterlen33","Zygnematophyceae/LandPlants","IS_MONO_INCOMPLETE",67,"CAN_MONO_INCOMPLETE","Weakly Supported"
NA,"FNA2AA_c1c2_filterlen33","Zygnematophyceae/LandPlants","IS_MONO_INCOMPLETE",37,"CAN_MONO_INCOMPLETE","Weakly Supported"
NA,"FNA2AA_c1c2_filterlen33","Zygnematophyceae/LandPlants","NOT_MONO",NA,"NOT_MONO","Strongly Reject"
NA,"FNA2AA_c1c2_filterlen33","Zygnematophyceae/LandPlants","COMP_MISSING",NA,"COMP_MISSING","Missing"
NA,"FNA2AA_c1c2_filterlen33","Zygnematophyceae/LandPlants","NOT_MONO",NA,"NOT_MONO","Strongly Reject"
NA,"FNA2AA_c1c2_filterlen33","Zygnematophyceae/LandPlants","COMP_MISSING",NA,"COMP_MISSING","Missing"
NA,"FNA2AA_c1c2_filterlen33","Zygnematophyceae/LandPlants","COMP_MISSING",NA,"COMP_MISSING","Missing"
NA,"FNA2AA_c1c2_filterlen33","Zygnematophyceae/LandPlants","NOT_MONO",NA,"CAN_MONO_INCOMPLETE","Weakly Reject"
NA,"FNA2AA_c1c2_filterlen33","Zygnematophyceae/LandPlants","NOT_MONO",NA,"CAN_MONO_INCOMPLETE","Weakly Reject"
NA,"FNA2AA_c1c2_filterlen33","Zygnematophyceae/LandPlants","COMP_MISSING",NA,"COMP_MISSING","Missing"
NA,"FNA2AA_c1c2_filterlen33","Zygnematophyceae/LandPlants","COMP_MISSING",NA,"COMP_MISSING","Missing"
NA,"FNA2AA_c1c2_filterlen33","Zygnematophyceae/LandPlants","NOT_MONO",NA,"CAN_MONO_INCOMPLETE","Weakly Reject"
NA,"FNA2AA_c1c2_filterlen33","Zygnematophyceae/LandPlants","NOT_MONO",NA,"CAN_MONO_INCOMPLETE","Weakly Reject"
NA,"FNA2AA_c1c2_filterlen33","Zygnematophyceae/LandPlants","NOT_MONO",NA,"CAN_MONO_INCOMPLETE","Weakly Reject"
NA,"FNA2AA_c1c2_filterlen33","Zygnematophyceae/LandPlants","NOT_MONO",NA,"CAN_MONO_INCOMPLETE","Weakly Reject"
NA,"FNA2AA_c1c2_filterlen33","Zygnematophyceae/LandPlants","COMP_MISSING",NA,"COMP_MISSING","Missing"
NA,"FNA2AA_c1c2_filterlen33","Zygnematophyceae/LandPlants","NOT_MONO",NA,"CAN_MONO_INCOMPLETE","Weakly Reject"
NA,"FNA2AA_c1c2_filterlen33","Zygnematophyceae/LandPlants","COMP_MISSING",NA,"COMP_MISSING","Missing"
NA,"FNA2AA_c1c2_filterlen33","Zygnematophyceae/LandPlants","IS_MONO_INCOMPLETE",1,"IS_MONO_INCOMPLETE","Strongly Supported"
NA,"FNA2AA_c1c2_filterlen33","Zygnematophyceae/LandPlants","COMP_MISSING",NA,"COMP_MISSING","Missing"
NA,"FNA2AA_c1c2_filterlen33","Zygnematophyceae/LandPlants","NOT_MONO",NA,"CAN_MONO_INCOMPLETE","Weakly Reject"
NA,"FNA2AA_c1c2_filterlen33","Zygnematophyceae/LandPlants","COMP_MISSING",NA,"COMP_MISSING","Missing"
NA,"FNA2AA_c1c2_filterlen33","Zygnematophyceae/LandPlants","IS_MONO_INCOMPLETE",1,"IS_MONO_INCOMPLETE","Strongly Supported"
NA,"FNA2AA_c1c2_filterlen33","Zygnematophyceae/LandPlants","NOT_MONO",NA,"CAN_MONO_INCOMPLETE","Weakly Reject"
NA,"FNA2AA_c1c2_filterlen33","Zygnematophyceae/LandPlants","NOT_MONO",NA,"CAN_MONO_INCOMPLETE","Weakly Reject"
NA,"FNA2AA_c1c2_filterlen33","Zygnematophyceae/LandPlants","COMP_MISSING",NA,"COMP_MISSING","Missing"
NA,"FNA2AA_c1c2_filterlen33","Zygnematophyceae/LandPlants","NOT_MONO",NA,"CAN_MONO_INCOMPLETE","Weakly Reject"
NA,"FNA2AA_c1c2_filterlen33","Zygnematophyceae/LandPlants","NOT_MONO",NA,"CAN_MONO_INCOMPLETE","Weakly Reject"
NA,"FNA2AA_c1c2_filterlen33","Zygnematophyceae/LandPlants","COMP_MISSING",NA,"COMP_MISSING","Missing"
NA,"FNA2AA_c1c2_filterlen33","Zygnematophyceae/LandPlants","IS_MONO_INCOMPLETE",1,"IS_MONO_INCOMPLETE","Strongly Supported"
NA,"FNA2AA_c1c2_filterlen33","Zygnematophyceae/LandPlants","CAN_MONO_INCOMPLETE",NA,"CAN_MONO_INCOMPLETE","Weakly Reject"
NA,"FNA2AA_c1c2_filterlen33","Zygnematophyceae/LandPlants","IS_MONO_INCOMPLETE",21,"CAN_MONO_INCOMPLETE","Weakly Supported"
NA,"FNA2AA_c1c2_filterlen33","Zygnematophyceae/LandPlants","NOT_MONO",NA,"CAN_MONO_INCOMPLETE","Weakly Reject"
NA,"FNA2AA_c1c2_filterlen33","Zygnematophyceae/LandPlants","NOT_MONO",NA,"CAN_MONO_INCOMPLETE","Weakly Reject"
NA,"FNA2AA_c1c2_filterlen33","Zygnematophyceae/LandPlants","COMP_MISSING",NA,"COMP_MISSING","Missing"
NA,"FNA2AA_c1c2_filterlen33","Zygnematophyceae/LandPlants","IS_MONO_INCOMPLETE",4,"CAN_MONO_INCOMPLETE","Weakly Supported"
NA,"FNA2AA_c1c2_filterlen33","Zygnematophyceae/LandPlants","NOT_MONO",NA,"CAN_MONO_INCOMPLETE","Weakly Reject"
NA,"FNA2AA_c1c2_filterlen33","Zygnematophyceae/LandPlants","CAN_MONO_INCOMPLETE",NA,"CAN_MONO_INCOMPLETE","Weakly Reject"
NA,"FNA2AA_c1c2_filterlen33","Zygnematophyceae/LandPlants","IS_MONO_INCOMPLETE",21,"CAN_MONO_INCOMPLETE","Weakly Supported"
NA,"FNA2AA_c1c2_filterlen33","Zygnematophyceae/LandPlants","IS_MONO_INCOMPLETE",19,"CAN_MONO_INCOMPLETE","Weakly Supported"
NA,"FNA2AA_c1c2_filterlen33","Zygnematophyceae/LandPlants","IS_MONO_INCOMPLETE",11,"CAN_MONO_INCOMPLETE","Weakly Supported"
NA,"FNA2AA_c1c2_filterlen33","Zygnematophyceae/LandPlants","NOT_MONO",NA,"CAN_MONO_INCOMPLETE","Weakly Reject"
NA,"FNA2AA_c1c2_filterlen33","Zygnematophyceae/LandPlants","COMP_MISSING",NA,"COMP_MISSING","Missing"
NA,"FNA2AA_c1c2_filterlen33","Zygnematophyceae/LandPlants","NOT_MONO",NA,"CAN_MONO_INCOMPLETE","Weakly Reject"
NA,"FNA2AA_c1c2_filterlen33","Zygnematophyceae/LandPlants","NOT_MONO",NA,"CAN_MONO_INCOMPLETE","Weakly Reject"
NA,"FNA2AA_c1c2_filterlen33","Zygnematophyceae/LandPlants","NOT_MONO",NA,"CAN_MONO_INCOMPLETE","Weakly Reject"
NA,"FNA2AA_c1c2_filterlen33","Zygnematophyceae/LandPlants","COMP_MISSING",NA,"COMP_MISSING","Missing"
NA,"FNA2AA_c1c2_filterlen33","Zygnematophyceae/LandPlants","IS_MONO_INCOMPLETE",40,"CAN_MONO_INCOMPLETE","Weakly Supported"
NA,"FNA2AA_c1c2_filterlen33","Zygnematophyceae/LandPlants","NOT_MONO",NA,"CAN_MONO_INCOMPLETE","Weakly Reject"
NA,"FNA2AA_c1c2_filterlen33","Zygnematophyceae/LandPlants","CAN_MONO_INCOMPLETE",NA,"CAN_MONO_INCOMPLETE","Weakly Reject"
NA,"FNA2AA_c1c2_filterlen33","Zygnematophyceae/LandPlants","NOT_MONO",NA,"CAN_MONO_INCOMPLETE","Weakly Reject"
NA,"FNA2AA_c1c2_filterlen33","Zygnematophyceae/LandPlants","NOT_MONO",NA,"CAN_MONO_INCOMPLETE","Weakly Reject"
NA,"FNA2AA_c1c2_filterlen33","Zygnematophyceae/LandPlants","NOT_MONO",NA,"NOT_MONO","Strongly Reject"
NA,"FNA2AA_c1c2_filterlen33","Zygnematophyceae/LandPlants","NOT_MONO",NA,"NOT_MONO","Strongly Reject"
NA,"FNA2AA_c1c2_filterlen33","Zygnematophyceae/LandPlants","IS_MONO_INCOMPLETE",42,"CAN_MONO_INCOMPLETE","Weakly Supported"
NA,"FNA2AA_c1c2_filterlen33","Zygnematophyceae/LandPlants","COMP_MISSING",NA,"COMP_MISSING","Missing"
NA,"FNA2AA_c1c2_filterlen33","Zygnematophyceae/LandPlants","COMP_MISSING",NA,"COMP_MISSING","Missing"
NA,"FNA2AA_c1c2_filterlen33","Zygnematophyceae/LandPlants","NOT_MONO",NA,"CAN_MONO_INCOMPLETE","Weakly Reject"
NA,"FNA2AA_c1c2_filterlen33","Zygnematophyceae/LandPlants","COMP_MISSING",NA,"COMP_MISSING","Missing"
NA,"FNA2AA_c1c2_filterlen33","Zygnematophyceae/LandPlants","NOT_MONO",NA,"CAN_MONO_INCOMPLETE","Weakly Reject"
NA,"FNA2AA_c1c2_filterlen33","Zygnematophyceae/LandPlants","IS_MONO_INCOMPLETE",1,"IS_MONO_INCOMPLETE","Strongly Supported"
NA,"FNA2AA_c1c2_filterlen33","Zygnematophyceae/LandPlants","COMP_MISSING",NA,"COMP_MISSING","Missing"
NA,"FNA2AA_c1c2_filterlen33","Zygnematophyceae/LandPlants","CAN_MONO_INCOMPLETE",NA,"CAN_MONO_INCOMPLETE","Weakly Reject"
NA,"FNA2AA_c1c2_filterlen33","Zygnematophyceae/LandPlants","NOT_MONO",NA,"CAN_MONO_INCOMPLETE","Weakly Reject"
NA,"FNA2AA_c1c2_filterlen33","Zygnematophyceae/LandPlants","NOT_MONO",NA,"NOT_MONO","Strongly Reject"
NA,"FNA2AA_c1c2_filterlen33","Zygnematophyceae/LandPlants","COMP_MISSING",NA,"COMP_MISSING","Missing"
NA,"FNA2AA_c1c2_filterlen33","Zygnematophyceae/LandPlants","COMP_MISSING",NA,"COMP_MISSING","Missing"
NA,"FNA2AA_c1c2_filterlen33","Zygnematophyceae/LandPlants","NOT_MONO",NA,"NOT_MONO","Strongly Reject"
NA,"FNA2AA_c1c2_filterlen33","Zygnematophyceae/LandPlants","NOT_MONO",NA,"CAN_MONO_INCOMPLETE","Weakly Reject"
NA,"FNA2AA_c1c2_filterlen33","Zygnematophyceae/LandPlants","COMP_MISSING",NA,"COMP_MISSING","Missing"
NA,"FNA2AA_c1c2_filterlen33","Zygnematophyceae/LandPlants","NOT_MONO",NA,"CAN_MONO_INCOMPLETE","Weakly Reject"
NA,"FNA2AA_c1c2_filterlen33","Zygnematophyceae/LandPlants","NOT_MONO",NA,"CAN_MONO_INCOMPLETE","Weakly Reject"
NA,"FNA2AA_c1c2_filterlen33","Zygnematophyceae/LandPlants","COMP_MISSING",NA,"COMP_MISSING","Missing"
NA,"FNA2AA_c1c2_filterlen33","Zygnematophyceae/LandPlants","IS_MONO_INCOMPLETE",9,"CAN_MONO_INCOMPLETE","Weakly Supported"
NA,"FNA2AA_c1c2_filterlen33","Zygnematophyceae/LandPlants","COMP_MISSING",NA,"COMP_MISSING","Missing"
NA,"FNA2AA_c1c2_filterlen33","Zygnematophyceae/LandPlants","NOT_MONO",NA,"CAN_MONO_INCOMPLETE","Weakly Reject"
NA,"FNA2AA_c1c2_filterlen33","Zygnematophyceae/LandPlants","COMP_MISSING",NA,"COMP_MISSING","Missing"
NA,"FNA2AA_c1c2_filterlen33","Zygnematophyceae/LandPlants","NOT_MONO",NA,"CAN_MONO_INCOMPLETE","Weakly Reject"
NA,"FNA2AA_c1c2_filterlen33","Zygnematophyceae/LandPlants","COMP_MISSING",NA,"COMP_MISSING","Missing"
NA,"FNA2AA_c1c2_filterlen33","Zygnematophyceae/LandPlants","IS_MONO_INCOMPLETE",1,"IS_MONO_INCOMPLETE","Strongly Supported"
NA,"FNA2AA_c1c2_filterlen33","Zygnematophyceae/LandPlants","COMP_MISSING",NA,"COMP_MISSING","Missing"
NA,"FNA2AA_c1c2_filterlen33","Zygnematophyceae/LandPlants","NOT_MONO",NA,"CAN_MONO_INCOMPLETE","Weakly Reject"
NA,"FNA2AA_c1c2_filterlen33","Zygnematophyceae/LandPlants","NOT_MONO",NA,"CAN_MONO_INCOMPLETE","Weakly Reject"
NA,"FNA2AA_c1c2_filterlen33","Zygnematophyceae/LandPlants","IS_MONO_INCOMPLETE",84,"IS_MONO_INCOMPLETE","Strongly Supported"
NA,"FNA2AA_c1c2_filterlen33","Zygnematophyceae/LandPlants","NOT_MONO",NA,"CAN_MONO_INCOMPLETE","Weakly Reject"
NA,"FNA2AA_c1c2_filterlen33","Zygnematophyceae/LandPlants","IS_MONO_INCOMPLETE",100,"IS_MONO_INCOMPLETE","Strongly Supported"
NA,"FNA2AA_c1c2_filterlen33","Zygnematophyceae/LandPlants","NOT_MONO",NA,"CAN_MONO_INCOMPLETE","Weakly Reject"
NA,"FNA2AA_c1c2_filterlen33","Zygnematophyceae/LandPlants","NOT_MONO",NA,"CAN_MONO_INCOMPLETE","Weakly Reject"
NA,"FNA2AA_c1c2_filterlen33","Zygnematophyceae/LandPlants","COMP_MISSING",NA,"COMP_MISSING","Missing"
NA,"FNA2AA_c1c2_filterlen33","Zygnematophyceae/LandPlants","NOT_MONO",NA,"CAN_MONO_INCOMPLETE","Weakly Reject"
NA,"FNA2AA_c1c2_filterlen33","Zygnematophyceae/LandPlants","NOT_MONO",NA,"CAN_MONO_INCOMPLETE","Weakly Reject"
NA,"FNA2AA_c1c2_filterlen33","Zygnematophyceae/LandPlants","NOT_MONO",NA,"CAN_MONO_INCOMPLETE","Weakly Reject"
NA,"FNA2AA_c1c2_filterlen33","Zygnematophyceae/LandPlants","NOT_MONO",NA,"CAN_MONO_INCOMPLETE","Weakly Reject"
NA,"FNA2AA_c1c2_filterlen33","Zygnematophyceae/LandPlants","COMP_MISSING",NA,"COMP_MISSING","Missing"
NA,"FNA2AA_c1c2_filterlen33","Zygnematophyceae/LandPlants","COMP_MISSING",NA,"COMP_MISSING","Missing"
NA,"FNA2AA_c1c2_filterlen33","Zygnematophyceae/LandPlants","NOT_MONO",NA,"NOT_MONO","Strongly Reject"
NA,"FNA2AA_c1c2_filterlen33","Zygnematophyceae/LandPlants","COMP_MISSING",NA,"COMP_MISSING","Missing"
NA,"FNA2AA_c1c2_filterlen33","Zygnematophyceae/LandPlants","NOT_MONO",NA,"CAN_MONO_INCOMPLETE","Weakly Reject"
NA,"FNA2AA_c1c2_filterlen33","Zygnematophyceae/LandPlants","NOT_MONO",NA,"NOT_MONO","Strongly Reject"
NA,"FNA2AA_c1c2_filterlen33","Zygnematophyceae/LandPlants","NOT_MONO",NA,"NOT_MONO","Strongly Reject"
NA,"FNA2AA_c1c2_filterlen33","Zygnematophyceae/LandPlants","IS_MONO_INCOMPLETE",1,"IS_MONO_INCOMPLETE","Strongly Supported"
NA,"FNA2AA_c1c2_filterlen33","Zygnematophyceae/LandPlants","IS_MONO_INCOMPLETE",17,"CAN_MONO_INCOMPLETE","Weakly Supported"
NA,"FNA2AA_c1c2_filterlen33","Zygnematophyceae/LandPlants","IS_MONO_INCOMPLETE",1,"IS_MONO_INCOMPLETE","Strongly Supported"
NA,"FNA2AA_c1c2_filterlen33","Zygnematophyceae/LandPlants","NOT_MONO",NA,"CAN_MONO_INCOMPLETE","Weakly Reject"
NA,"FNA2AA_c1c2_filterlen33","Zygnematophyceae/LandPlants","IS_MONO_INCOMPLETE",7,"CAN_MONO_INCOMPLETE","Weakly Supported"
NA,"FNA2AA_c1c2_filterlen33","Zygnematophyceae/LandPlants","COMP_MISSING",NA,"COMP_MISSING","Missing"
NA,"FNA2AA_c1c2_filterlen33","Zygnematophyceae/LandPlants","IS_MONO_INCOMPLETE",1,"IS_MONO_INCOMPLETE","Strongly Supported"
NA,"FNA2AA_c1c2_filterlen33","Zygnematophyceae/LandPlants","COMP_MISSING",NA,"COMP_MISSING","Missing"
NA,"FNA2AA_c1c2_filterlen33","Zygnematophyceae/LandPlants","IS_MONO_INCOMPLETE",75,"IS_MONO_INCOMPLETE","Strongly Supported"
NA,"FNA2AA_c1c2_filterlen33","Zygnematophyceae/LandPlants","IS_MONO_INCOMPLETE",32,"CAN_MONO_INCOMPLETE","Weakly Supported"
NA,"FNA2AA_c1c2_filterlen33","Zygnematophyceae/LandPlants","IS_MONO_INCOMPLETE",1,"IS_MONO_INCOMPLETE","Strongly Supported"
NA,"FNA2AA_c1c2_filterlen33","Zygnematophyceae/LandPlants","IS_MONO_INCOMPLETE",74,"CAN_MONO_INCOMPLETE","Weakly Supported"
NA,"FNA2AA_c1c2_filterlen33","Zygnematophyceae/LandPlants","IS_MONO_INCOMPLETE",1,"IS_MONO_INCOMPLETE","Strongly Supported"
NA,"FNA2AA_c1c2_filterlen33","Zygnematophyceae/LandPlants","NOT_MONO",NA,"CAN_MONO_INCOMPLETE","Weakly Reject"
NA,"FNA2AA_c1c2_filterlen33","Zygnematophyceae/LandPlants","NOT_MONO",NA,"CAN_MONO_INCOMPLETE","Weakly Reject"
NA,"FNA2AA_c1c2_filterlen33","Zygnematophyceae/LandPlants","IS_MONO_INCOMPLETE",33,"CAN_MONO_INCOMPLETE","Weakly Supported"
NA,"FNA2AA_c1c2_filterlen33","Zygnematophyceae/LandPlants","NOT_MONO",NA,"CAN_MONO_INCOMPLETE","Weakly Reject"
NA,"FNA2AA_c1c2_filterlen33","Zygnematophyceae/LandPlants","IS_MONO_INCOMPLETE",1,"IS_MONO_INCOMPLETE","Strongly Supported"
NA,"FNA2AA_c1c2_filterlen33","Zygnematophyceae/LandPlants","COMP_MISSING",NA,"COMP_MISSING","Missing"
NA,"FNA2AA_c1c2_filterlen33","Zygnematophyceae/LandPlants","NOT_MONO",NA,"CAN_MONO_INCOMPLETE","Weakly Reject"
NA,"FNA2AA_c1c2_filterlen33","Zygnematophyceae/LandPlants","COMP_MISSING",NA,"COMP_MISSING","Missing"
NA,"FNA2AA_c1c2_filterlen33","Zygnematophyceae/LandPlants","IS_MONO_INCOMPLETE",1,"IS_MONO_INCOMPLETE","Strongly Supported"
NA,"FNA2AA_c1c2_filterlen33","Zygnematophyceae/LandPlants","COMP_MISSING",NA,"COMP_MISSING","Missing"
NA,"FNA2AA_c1c2_filterlen33","Zygnematophyceae/LandPlants","NOT_MONO",NA,"CAN_MONO_INCOMPLETE","Weakly Reject"
NA,"FNA2AA_c1c2_filterlen33","Zygnematophyceae/LandPlants","COMP_MISSING",NA,"COMP_MISSING","Missing"
NA,"FNA2AA_c1c2_filterlen33","Zygnematophyceae/LandPlants","COMP_MISSING",NA,"COMP_MISSING","Missing"
NA,"FNA2AA_c1c2_filterlen33","Zygnematophyceae/LandPlants","IS_MONO_INCOMPLETE",1,"IS_MONO_INCOMPLETE","Strongly Supported"
NA,"FNA2AA_c1c2_filterlen33","Zygnematophyceae/LandPlants","COMP_MISSING",NA,"COMP_MISSING","Missing"
NA,"FNA2AA_c1c2_filterlen33","Zygnematophyceae/LandPlants","IS_MONO_INCOMPLETE",7,"CAN_MONO_INCOMPLETE","Weakly Supported"
NA,"FNA2AA_c1c2_filterlen33","Zygnematophyceae/LandPlants","COMP_MISSING",NA,"COMP_MISSING","Missing"
NA,"FNA2AA_c1c2_filterlen33","Zygnematophyceae/LandPlants","CAN_MONO_INCOMPLETE",NA,"CAN_MONO_INCOMPLETE","Weakly Reject"
NA,"FNA2AA_c1c2_filterlen33","Zygnematophyceae/LandPlants","NOT_MONO",NA,"NOT_MONO","Strongly Reject"
NA,"FNA2AA_c1c2_filterlen33","Zygnematophyceae/LandPlants","COMP_MISSING",NA,"COMP_MISSING","Missing"
NA,"FNA2AA_c1c2_filterlen33","Zygnematophyceae/LandPlants","IS_MONO_INCOMPLETE",55,"CAN_MONO_INCOMPLETE","Weakly Supported"
NA,"FNA2AA_c1c2_filterlen33","Zygnematophyceae/LandPlants","IS_MONO_INCOMPLETE",49,"CAN_MONO_INCOMPLETE","Weakly Supported"
NA,"FNA2AA_c1c2_filterlen33","Zygnematophyceae/LandPlants","NOT_MONO",NA,"CAN_MONO_INCOMPLETE","Weakly Reject"
NA,"FNA2AA_c1c2_filterlen33","Zygnematophyceae/LandPlants","COMP_MISSING",NA,"COMP_MISSING","Missing"
NA,"FNA2AA_c1c2_filterlen33","Zygnematophyceae/LandPlants","NOT_MONO",NA,"NOT_MONO","Strongly Reject"
NA,"FNA2AA_c1c2_filterlen33","Zygnematophyceae/LandPlants","NOT_MONO",NA,"CAN_MONO_INCOMPLETE","Weakly Reject"
NA,"FNA2AA_c1c2_filterlen33","Zygnematophyceae/LandPlants","NOT_MONO",NA,"CAN_MONO_INCOMPLETE","Weakly Reject"
NA,"FNA2AA_c1c2_filterlen33","Zygnematophyceae/LandPlants","COMP_MISSING",NA,"COMP_MISSING","Missing"
NA,"FNA2AA_c1c2_filterlen33","Zygnematophyceae/LandPlants","NOT_MONO",NA,"CAN_MONO_INCOMPLETE","Weakly Reject"
NA,"FNA2AA_c1c2_filterlen33","Zygnematophyceae/LandPlants","CAN_MONO_INCOMPLETE",NA,"CAN_MONO_INCOMPLETE","Weakly Reject"
NA,"FNA2AA_c1c2_filterlen33","Zygnematophyceae/LandPlants","COMP_MISSING",NA,"COMP_MISSING","Missing"
NA,"FNA2AA_c1c2_filterlen33","Zygnematophyceae/LandPlants","COMP_MISSING",NA,"COMP_MISSING","Missing"
NA,"FNA2AA_c1c2_filterlen33","Zygnematophyceae/LandPlants","NOT_MONO",NA,"CAN_MONO_INCOMPLETE","Weakly Reject"
NA,"FNA2AA_c1c2_filterlen33","Zygnematophyceae/LandPlants","NOT_MONO",NA,"CAN_MONO_INCOMPLETE","Weakly Reject"
NA,"FNA2AA_c1c2_filterlen33","Zygnematophyceae/LandPlants","NOT_MONO",NA,"CAN_MONO_INCOMPLETE","Weakly Reject"
NA,"FNA2AA_c1c2_filterlen33","Zygnematophyceae/LandPlants","NOT_MONO",NA,"CAN_MONO_INCOMPLETE","Weakly Reject"
NA,"FNA2AA_c1c2_filterlen33","Zygnematophyceae/LandPlants","NOT_MONO",NA,"CAN_MONO_INCOMPLETE","Weakly Reject"
NA,"FNA2AA_c1c2_filterlen33","Zygnematophyceae/LandPlants","NOT_MONO",NA,"CAN_MONO_INCOMPLETE","Weakly Reject"
NA,"FNA2AA_c1c2_filterlen33","Zygnematophyceae/LandPlants","IS_MONO_INCOMPLETE",1,"IS_MONO_INCOMPLETE","Strongly Supported"
NA,"FNA2AA_c1c2_filterlen33","Zygnematophyceae/LandPlants","NOT_MONO",NA,"CAN_MONO_INCOMPLETE","Weakly Reject"
NA,"FNA2AA_c1c2_filterlen33","Zygnematophyceae/LandPlants","COMP_MISSING",NA,"COMP_MISSING","Missing"
NA,"FNA2AA_c1c2_filterlen33","Zygnematophyceae/LandPlants","NOT_MONO",NA,"CAN_MONO_INCOMPLETE","Weakly Reject"
NA,"FNA2AA_c1c2_filterlen33","Zygnematophyceae/LandPlants","CAN_MONO_INCOMPLETE",NA,"CAN_MONO_INCOMPLETE","Weakly Reject"
NA,"FNA2AA_c1c2_filterlen33","Zygnematophyceae/LandPlants","NOT_MONO",NA,"CAN_MONO_INCOMPLETE","Weakly Reject"
NA,"FNA2AA_c1c2_filterlen33","Zygnematophyceae/LandPlants","IS_MONO_INCOMPLETE",31,"CAN_MONO_INCOMPLETE","Weakly Supported"
NA,"FNA2AA_c1c2_filterlen33","Zygnematophyceae/LandPlants","NOT_MONO",NA,"CAN_MONO_INCOMPLETE","Weakly Reject"
NA,"FNA2AA_c1c2_filterlen33","Zygnematophyceae/LandPlants","NOT_MONO",NA,"CAN_MONO_INCOMPLETE","Weakly Reject"
NA,"FNA2AA_c1c2_filterlen33","Zygnematophyceae/LandPlants","IS_MONO_INCOMPLETE",41,"CAN_MONO_INCOMPLETE","Weakly Supported"
NA,"FNA2AA_c1c2_filterlen33","Zygnematophyceae/LandPlants","NOT_MONO",NA,"CAN_MONO_INCOMPLETE","Weakly Reject"
NA,"FNA2AA_c1c2_filterlen33","Zygnematophyceae/LandPlants","IS_MONO_INCOMPLETE",1,"IS_MONO_INCOMPLETE","Strongly Supported"
NA,"FNA2AA_c1c2_filterlen33","Zygnematophyceae/LandPlants","COMP_MISSING",NA,"COMP_MISSING","Missing"
NA,"FNA2AA_c1c2_filterlen33","Zygnematophyceae/LandPlants","NOT_MONO",NA,"CAN_MONO_INCOMPLETE","Weakly Reject"
NA,"FNA2AA_c1c2_filterlen33","Zygnematophyceae/LandPlants","IS_MONO_INCOMPLETE",1,"IS_MONO_INCOMPLETE","Strongly Supported"
NA,"FNA2AA_c1c2_filterlen33","Zygnematophyceae/LandPlants","NOT_MONO",NA,"CAN_MONO_INCOMPLETE","Weakly Reject"
NA,"FNA2AA_c1c2_filterlen33","Zygnematophyceae/LandPlants","NOT_MONO",NA,"CAN_MONO_INCOMPLETE","Weakly Reject"
NA,"FNA2AA_c1c2_filterlen33","Zygnematophyceae/LandPlants","NOT_MONO",NA,"CAN_MONO_INCOMPLETE","Weakly Reject"
NA,"FNA2AA_c1c2_filterlen33","Zygnematophyceae/LandPlants","COMP_MISSING",NA,"COMP_MISSING","Missing"
NA,"FNA2AA_c1c2_filterlen33","Zygnematophyceae/LandPlants","NOT_MONO",NA,"CAN_MONO_INCOMPLETE","Weakly Reject"
NA,"FNA2AA_c1c2_filterlen33","Zygnematophyceae/LandPlants","NOT_MONO",NA,"CAN_MONO_INCOMPLETE","Weakly Reject"
NA,"FNA2AA_c1c2_filterlen33","Zygnematophyceae/LandPlants","COMP_MISSING",NA,"COMP_MISSING","Missing"
NA,"FNA2AA_c1c2_filterlen33","Zygnematophyceae/LandPlants","IS_MONO_INCOMPLETE",14,"CAN_MONO_INCOMPLETE","Weakly Supported"
NA,"FNA2AA_c1c2_filterlen33","Zygnematophyceae/LandPlants","NOT_MONO",NA,"CAN_MONO_INCOMPLETE","Weakly Reject"
NA,"FNA2AA_c1c2_filterlen33","Zygnematophyceae/LandPlants","NOT_MONO",NA,"CAN_MONO_INCOMPLETE","Weakly Reject"
NA,"FNA2AA_c1c2_filterlen33","Zygnematophyceae/LandPlants","COMP_MISSING",NA,"COMP_MISSING","Missing"
NA,"FNA2AA_c1c2_filterlen33","Zygnematophyceae/LandPlants","CAN_MONO_INCOMPLETE",NA,"CAN_MONO_INCOMPLETE","Weakly Reject"
NA,"FNA2AA_c1c2_filterlen33","Zygnematophyceae/LandPlants","NOT_MONO",NA,"CAN_MONO_INCOMPLETE","Weakly Reject"
NA,"FNA2AA_c1c2_filterlen33","Zygnematophyceae/LandPlants","IS_MONO_INCOMPLETE",33,"CAN_MONO_INCOMPLETE","Weakly Supported"
NA,"FNA2AA_c1c2_filterlen33","Zygnematophyceae/LandPlants","NOT_MONO",NA,"CAN_MONO_INCOMPLETE","Weakly Reject"
NA,"FNA2AA_c1c2_filterlen33","Zygnematophyceae/LandPlants","CAN_MONO_INCOMPLETE",NA,"CAN_MONO_INCOMPLETE","Weakly Reject"
NA,"FNA2AA_c1c2_filterlen33","Zygnematophyceae/LandPlants","COMP_MISSING",NA,"COMP_MISSING","Missing"
NA,"FNA2AA_c1c2_filterlen33","Zygnematophyceae/LandPlants","COMP_MISSING",NA,"COMP_MISSING","Missing"
NA,"FNA2AA_c1c2_filterlen33","Zygnematophyceae/LandPlants","NOT_MONO",NA,"CAN_MONO_INCOMPLETE","Weakly Reject"
NA,"FNA2AA_c1c2_filterlen33","Zygnematophyceae/LandPlants","NOT_MONO",NA,"CAN_MONO_INCOMPLETE","Weakly Reject"
NA,"FNA2AA_c1c2_filterlen33","Zygnematophyceae/LandPlants","NOT_MONO",NA,"CAN_MONO_INCOMPLETE","Weakly Reject"
NA,"FNA2AA_c1c2_filterlen33","Zygnematophyceae/LandPlants","NOT_MONO",NA,"CAN_MONO_INCOMPLETE","Weakly Reject"
NA,"FNA2AA_c1c2_filterlen33","Zygnematophyceae/LandPlants","NOT_MONO",NA,"CAN_MONO_INCOMPLETE","Weakly Reject"
NA,"FNA2AA_c1c2_filterlen33","Zygnematophyceae/LandPlants","NOT_MONO",NA,"CAN_MONO_INCOMPLETE","Weakly Reject"
NA,"FNA2AA_c1c2_filterlen33","Zygnematophyceae/LandPlants","COMP_MISSING",NA,"COMP_MISSING","Missing"
NA,"FNA2AA_c1c2_filterlen33","Zygnematophyceae/LandPlants","NOT_MONO",NA,"CAN_MONO_INCOMPLETE","Weakly Reject"
NA,"FNA2AA_c1c2_filterlen33","Zygnematophyceae/LandPlants","IS_MONO_INCOMPLETE",90,"IS_MONO_INCOMPLETE","Strongly Supported"
NA,"FNA2AA_c1c2_filterlen33","Zygnematophyceae/LandPlants","NOT_MONO",NA,"CAN_MONO_INCOMPLETE","Weakly Reject"
NA,"FNA2AA_c1c2_filterlen33","Zygnematophyceae/LandPlants","NOT_MONO",NA,"CAN_MONO_INCOMPLETE","Weakly Reject"
NA,"FNA2AA_c1c2_filterlen33","Zygnematophyceae/LandPlants","CAN_MONO_INCOMPLETE",NA,"CAN_MONO_INCOMPLETE","Weakly Reject"
NA,"FNA2AA_c1c2_filterlen33","Zygnematophyceae/LandPlants","COMP_MISSING",NA,"COMP_MISSING","Missing"
NA,"FNA2AA_c1c2_filterlen33","Zygnematophyceae/LandPlants","IS_MONO_INCOMPLETE",62,"CAN_MONO_INCOMPLETE","Weakly Supported"
NA,"FNA2AA_c1c2_filterlen33","Zygnematophyceae/LandPlants","NOT_MONO",NA,"CAN_MONO_INCOMPLETE","Weakly Reject"
NA,"FNA2AA_c1c2_filterlen33","Zygnematophyceae/LandPlants","IS_MONO_INCOMPLETE",1,"IS_MONO_INCOMPLETE","Strongly Supported"
NA,"FNA2AA_c1c2_filterlen33","Zygnematophyceae/LandPlants","NOT_MONO",NA,"CAN_MONO_INCOMPLETE","Weakly Reject"
NA,"FNA2AA_c1c2_filterlen33","Zygnematophyceae/LandPlants","COMP_MISSING",NA,"COMP_MISSING","Missing"
NA,"FNA2AA_c1c2_filterlen33","Zygnematophyceae/LandPlants","COMP_MISSING",NA,"COMP_MISSING","Missing"
NA,"FNA2AA_c1c2_filterlen33","Zygnematophyceae/LandPlants","NOT_MONO",NA,"CAN_MONO_INCOMPLETE","Weakly Reject"
NA,"FNA2AA_c1c2_filterlen33","Zygnematophyceae/LandPlants","COMP_MISSING",NA,"COMP_MISSING","Missing"
NA,"FNA2AA_c1c2_filterlen33","Zygnematophyceae/LandPlants","NOT_MONO",NA,"CAN_MONO_INCOMPLETE","Weakly Reject"
NA,"FNA2AA_c1c2_filterlen33","Zygnematophyceae/LandPlants","IS_MONO_INCOMPLETE",1,"IS_MONO_INCOMPLETE","Strongly Supported"
NA,"FNA2AA_c1c2_filterlen33","Zygnematophyceae/LandPlants","NOT_MONO",NA,"CAN_MONO_INCOMPLETE","Weakly Reject"
NA,"FNA2AA_c1c2_filterlen33","Zygnematophyceae/LandPlants","NOT_MONO",NA,"CAN_MONO_INCOMPLETE","Weakly Reject"
NA,"FNA2AA_c1c2_filterlen33","Zygnematophyceae/LandPlants","COMP_MISSING",NA,"COMP_MISSING","Missing"
NA,"FNA2AA_c1c2_filterlen33","Zygnematophyceae/LandPlants","COMP_MISSING",NA,"COMP_MISSING","Missing"
NA,"FNA2AA_c1c2_filterlen33","Zygnematophyceae/LandPlants","IS_MONO_INCOMPLETE",1,"IS_MONO_INCOMPLETE","Strongly Supported"
NA,"FNA2AA_c1c2_filterlen33","Zygnematophyceae/LandPlants","NOT_MONO",NA,"CAN_MONO_INCOMPLETE","Weakly Reject"
NA,"FNA2AA_c1c2_filterlen33","Zygnematophyceae/LandPlants","COMP_MISSING",NA,"COMP_MISSING","Missing"
NA,"FNA2AA_c1c2_filterlen33","Zygnematophyceae/LandPlants","NOT_MONO",NA,"CAN_MONO_INCOMPLETE","Weakly Reject"
NA,"FNA2AA_c1c2_filterlen33","Zygnematophyceae/LandPlants","COMP_MISSING",NA,"COMP_MISSING","Missing"
NA,"FNA2AA_c1c2_filterlen33","Zygnematophyceae/LandPlants","COMP_MISSING",NA,"COMP_MISSING","Missing"
NA,"FNA2AA_c1c2_filterlen33","Zygnematophyceae/LandPlants","COMP_MISSING",NA,"COMP_MISSING","Missing"
NA,"FNA2AA_c1c2_filterlen33","Zygnematophyceae/LandPlants","NOT_MONO",NA,"CAN_MONO_INCOMPLETE","Weakly Reject"
NA,"FNA2AA_c1c2_filterlen33","Zygnematophyceae/LandPlants","COMP_MISSING",NA,"COMP_MISSING","Missing"
NA,"FNA2AA_c1c2_filterlen33","Zygnematophyceae/LandPlants","COMP_MISSING",NA,"COMP_MISSING","Missing"
NA,"FNA2AA_c1c2_filterlen33","Zygnematophyceae/LandPlants","NOT_MONO",NA,"CAN_MONO_INCOMPLETE","Weakly Reject"
NA,"FNA2AA_c1c2_filterlen33","Zygnematophyceae/LandPlants","COMP_MISSING",NA,"COMP_MISSING","Missing"
NA,"FNA2AA_c1c2_filterlen33","Zygnematophyceae/LandPlants","NOT_MONO",NA,"CAN_MONO_INCOMPLETE","Weakly Reject"
NA,"FNA2AA_c1c2_filterlen33","Zygnematophyceae/LandPlants","COMP_MISSING",NA,"COMP_MISSING","Missing"
NA,"FNA2AA_c1c2_filterlen33","Zygnematophyceae/LandPlants","IS_MONO_INCOMPLETE",14,"CAN_MONO_INCOMPLETE","Weakly Supported"
NA,"FNA2AA_c1c2_filterlen33","Zygnematophyceae/LandPlants","COMP_MISSING",NA,"COMP_MISSING","Missing"
NA,"FNA2AA_c1c2_filterlen33","Zygnematophyceae/LandPlants","IS_MONO_INCOMPLETE",92,"IS_MONO_INCOMPLETE","Strongly Supported"
NA,"FNA2AA_c1c2_filterlen33","Zygnematophyceae/LandPlants","IS_MONO_INCOMPLETE",92,"IS_MONO_INCOMPLETE","Strongly Supported"
NA,"FNA2AA_c1c2_filterlen33","Zygnematophyceae/LandPlants","NOT_MONO",NA,"CAN_MONO_INCOMPLETE","Weakly Reject"
NA,"FNA2AA_c1c2_filterlen33","Zygnematophyceae/LandPlants","NOT_MONO",NA,"NOT_MONO","Strongly Reject"
NA,"FNA2AA_c1c2_filterlen33","Zygnematophyceae/LandPlants","NOT_MONO",NA,"CAN_MONO_INCOMPLETE","Weakly Reject"
NA,"FNA2AA_c1c2_filterlen33","Zygnematophyceae/LandPlants","NOT_MONO",NA,"CAN_MONO_INCOMPLETE","Weakly Reject"
NA,"FNA2AA_c1c2_filterlen33","Zygnematophyceae/LandPlants","NOT_MONO",NA,"CAN_MONO_INCOMPLETE","Weakly Reject"
NA,"FNA2AA_c1c2_filterlen33","Zygnematophyceae/LandPlants","IS_MONO_INCOMPLETE",96,"IS_MONO_INCOMPLETE","Strongly Supported"
NA,"FNA2AA_c1c2_filterlen33","Zygnematophyceae/LandPlants","NOT_MONO",NA,"NOT_MONO","Strongly Reject"
NA,"FNA2AA_c1c2_filterlen33","Zygnematophyceae/LandPlants","IS_MONO_INCOMPLETE",1,"IS_MONO_INCOMPLETE","Strongly Supported"
NA,"FNA2AA_c1c2_filterlen33","Zygnematophyceae/LandPlants","IS_MONO_INCOMPLETE",17,"CAN_MONO_INCOMPLETE","Weakly Supported"
NA,"FNA2AA_c1c2_filterlen33","Zygnematophyceae/LandPlants","NOT_MONO",NA,"CAN_MONO_INCOMPLETE","Weakly Reject"
NA,"FNA2AA_c1c2_filterlen33","Zygnematophyceae/LandPlants","IS_MONO_INCOMPLETE",98,"IS_MONO_INCOMPLETE","Strongly Supported"
NA,"FNA2AA_c1c2_filterlen33","Zygnematophyceae/LandPlants","CAN_MONO_INCOMPLETE",NA,"CAN_MONO_INCOMPLETE","Weakly Reject"
NA,"FNA2AA_c1c2_filterlen33","Zygnematophyceae/LandPlants","COMP_MISSING",NA,"COMP_MISSING","Missing"
NA,"FNA2AA_c1c2_filterlen33","Zygnematophyceae/LandPlants","NOT_MONO",NA,"CAN_MONO_INCOMPLETE","Weakly Reject"
NA,"FNA2AA_c1c2_filterlen33","Zygnematophyceae/LandPlants","COMP_MISSING",NA,"COMP_MISSING","Missing"
NA,"FNA2AA_c1c2_filterlen33","Zygnematophyceae/LandPlants","NOT_MONO",NA,"CAN_MONO_INCOMPLETE","Weakly Reject"
NA,"FNA2AA_c1c2_filterlen33","Zygnematophyceae/LandPlants","NOT_MONO",NA,"NOT_MONO","Strongly Reject"
NA,"FNA2AA_c1c2_filterlen33","Zygnematophyceae/LandPlants","COMP_MISSING",NA,"COMP_MISSING","Missing"
NA,"FNA2AA_c1c2_filterlen33","Zygnematophyceae/LandPlants","NOT_MONO",NA,"CAN_MONO_INCOMPLETE","Weakly Reject"
NA,"FNA2AA_c1c2_filterlen33","Zygnematophyceae/LandPlants","COMP_MISSING",NA,"COMP_MISSING","Missing"
NA,"FNA2AA_c1c2_filterlen33","Zygnematophyceae/LandPlants","COMP_MISSING",NA,"COMP_MISSING","Missing"
NA,"FNA2AA_c1c2_filterlen33","Zygnematophyceae/LandPlants","CAN_MONO_INCOMPLETE",NA,"CAN_MONO_INCOMPLETE","Weakly Reject"
NA,"FNA2AA_c1c2_filterlen33","Zygnematophyceae/LandPlants","COMP_MISSING",NA,"COMP_MISSING","Missing"
NA,"FNA2AA_c1c2_filterlen33","Zygnematophyceae/LandPlants","NOT_MONO",NA,"NOT_MONO","Strongly Reject"
NA,"FNA2AA_c1c2_filterlen33","Zygnematophyceae/LandPlants","NOT_MONO",NA,"CAN_MONO_INCOMPLETE","Weakly Reject"
NA,"FNA2AA_c1c2_filterlen33","Zygnematophyceae/LandPlants","IS_MONO_INCOMPLETE",92,"IS_MONO_INCOMPLETE","Strongly Supported"
NA,"FNA2AA_c1c2_filterlen33","Zygnematophyceae/LandPlants","NOT_MONO",NA,"NOT_MONO","Strongly Reject"
NA,"FNA2AA_c1c2_filterlen33","Zygnematophyceae/LandPlants","COMP_MISSING",NA,"COMP_MISSING","Missing"
NA,"FNA2AA_c1c2_filterlen33","Zygnematophyceae/LandPlants","NOT_MONO",NA,"CAN_MONO_INCOMPLETE","Weakly Reject"
NA,"FNA2AA_c1c2_filterlen33","Zygnematophyceae/LandPlants","NOT_MONO",NA,"CAN_MONO_INCOMPLETE","Weakly Reject"
NA,"FNA2AA_c1c2_filterlen33","Zygnematophyceae/LandPlants","NOT_MONO",NA,"CAN_MONO_INCOMPLETE","Weakly Reject"
NA,"FNA2AA_c1c2_filterlen33","Zygnematophyceae/LandPlants","NOT_MONO",NA,"CAN_MONO_INCOMPLETE","Weakly Reject"
NA,"FNA2AA_c1c2_filterlen33","Zygnematophyceae/LandPlants","COMP_MISSING",NA,"COMP_MISSING","Missing"
NA,"FNA2AA_c1c2_filterlen33","Zygnematophyceae/LandPlants","NOT_MONO",NA,"CAN_MONO_INCOMPLETE","Weakly Reject"
NA,"FNA2AA_c1c2_filterlen33","Zygnematophyceae/LandPlants","COMP_MISSING",NA,"COMP_MISSING","Missing"
NA,"FNA2AA_c1c2_filterlen33","Zygnematophyceae/LandPlants","COMP_MISSING",NA,"COMP_MISSING","Missing"
NA,"FNA2AA_c1c2_filterlen33","Zygnematophyceae/LandPlants","COMP_MISSING",NA,"COMP_MISSING","Missing"
NA,"FNA2AA_c1c2_filterlen33","Zygnematophyceae/LandPlants","COMP_MISSING",NA,"COMP_MISSING","Missing"
NA,"FNA2AA_c1c2_filterlen33","Zygnematophyceae/LandPlants","IS_MONO_INCOMPLETE",32,"CAN_MONO_INCOMPLETE","Weakly Supported"
NA,"FNA2AA_c1c2_filterlen33","Zygnematophyceae/LandPlants","NOT_MONO",NA,"CAN_MONO_INCOMPLETE","Weakly Reject"
NA,"FNA2AA_c1c2_filterlen33","Zygnematophyceae/LandPlants","NOT_MONO",NA,"CAN_MONO_INCOMPLETE","Weakly Reject"
NA,"FNA2AA_c1c2_filterlen33","Zygnematophyceae/LandPlants","COMP_MISSING",NA,"COMP_MISSING","Missing"
NA,"FNA2AA_c1c2_filterlen33","Zygnematophyceae/LandPlants","NOT_MONO",NA,"CAN_MONO_INCOMPLETE","Weakly Reject"
NA,"FNA2AA_c1c2_filterlen33","Zygnematophyceae/LandPlants","CAN_MONO_INCOMPLETE",NA,"CAN_MONO_INCOMPLETE","Weakly Reject"
NA,"FNA2AA_c1c2_filterlen33","Zygnematophyceae/LandPlants","COMP_MISSING",NA,"COMP_MISSING","Missing"
NA,"FNA2AA_c1c2_filterlen33","Zygnematophyceae/LandPlants","IS_MONO_INCOMPLETE",23,"CAN_MONO_INCOMPLETE","Weakly Supported"
NA,"FNA2AA_c1c2_filterlen33","Zygnematophyceae/LandPlants","NOT_MONO",NA,"CAN_MONO_INCOMPLETE","Weakly Reject"
NA,"FNA2AA_c1c2_filterlen33","Zygnematophyceae/LandPlants","COMP_MISSING",NA,"COMP_MISSING","Missing"
NA,"FNA2AA_c1c2_filterlen33","Zygnematophyceae/LandPlants","NOT_MONO",NA,"CAN_MONO_INCOMPLETE","Weakly Reject"
NA,"FNA2AA_c1c2_filterlen33","Zygnematophyceae/LandPlants","IS_MONO_INCOMPLETE",7,"CAN_MONO_INCOMPLETE","Weakly Supported"
NA,"FNA2AA_c1c2_filterlen33","Zygnematophyceae/LandPlants","COMP_MISSING",NA,"COMP_MISSING","Missing"
NA,"FNA2AA_c1c2_filterlen33","Zygnematophyceae/LandPlants","NOT_MONO",NA,"CAN_MONO_INCOMPLETE","Weakly Reject"
NA,"FNA2AA_c1c2_filterlen33","Zygnematophyceae/LandPlants","IS_MONO_INCOMPLETE",1,"IS_MONO_INCOMPLETE","Strongly Supported"
NA,"FNA2AA_c1c2_filterlen33","Zygnematophyceae/LandPlants","NOT_MONO",NA,"CAN_MONO_INCOMPLETE","Weakly Reject"
NA,"FNA2AA_c1c2_filterlen33","Zygnematophyceae/LandPlants","COMP_MISSING",NA,"COMP_MISSING","Missing"
NA,"FNA2AA_c1c2_filterlen33","Zygnematophyceae/LandPlants","CAN_MONO_INCOMPLETE",NA,"CAN_MONO_INCOMPLETE","Weakly Reject"
NA,"FNA2AA_c1c2_filterlen33","Zygnematophyceae/LandPlants","NOT_MONO",NA,"CAN_MONO_INCOMPLETE","Weakly Reject"
NA,"FNA2AA_c1c2_filterlen33","Zygnematophyceae/LandPlants","NOT_MONO",NA,"CAN_MONO_INCOMPLETE","Weakly Reject"
NA,"FNA2AA_c1c2_filterlen33","Zygnematophyceae/LandPlants","IS_MONO_INCOMPLETE",79,"IS_MONO_INCOMPLETE","Strongly Supported"
NA,"FNA2AA_c1c2_filterlen33","Zygnematophyceae/LandPlants","COMP_MISSING",NA,"COMP_MISSING","Missing"
NA,"FNA2AA_c1c2_filterlen33","Zygnematophyceae/LandPlants","IS_MONO_INCOMPLETE",46,"CAN_MONO_INCOMPLETE","Weakly Supported"
NA,"FNA2AA_c1c2_filterlen33","Zygnematophyceae/LandPlants","IS_MONO_INCOMPLETE",40,"CAN_MONO_INCOMPLETE","Weakly Supported"
NA,"FNA2AA_c1c2_filterlen33","Zygnematophyceae/LandPlants","IS_MONO_INCOMPLETE",71,"CAN_MONO_INCOMPLETE","Weakly Supported"
NA,"FNA2AA_c1c2_filterlen33","Zygnematophyceae/LandPlants","IS_MONO_INCOMPLETE",1,"IS_MONO_INCOMPLETE","Strongly Supported"
NA,"FNA2AA_c1c2_filterlen33","Zygnematophyceae/LandPlants","COMP_MISSING",NA,"COMP_MISSING","Missing"
NA,"FNA2AA_c1c2_filterlen33","Zygnematophyceae/LandPlants","NOT_MONO",NA,"CAN_MONO_INCOMPLETE","Weakly Reject"
NA,"FNA2AA_c1c2_filterlen33","Zygnematophyceae/LandPlants","NOT_MONO",NA,"CAN_MONO_INCOMPLETE","Weakly Reject"
NA,"FNA2AA_c1c2_filterlen33","Zygnematophyceae/LandPlants","CAN_MONO_INCOMPLETE",NA,"CAN_MONO_INCOMPLETE","Weakly Reject"
NA,"FNA2AA_c1c2_filterlen33","Zygnematophyceae/LandPlants","IS_MONO_INCOMPLETE",1,"IS_MONO_INCOMPLETE","Strongly Supported"
NA,"FNA2AA_c1c2_filterlen33","Zygnematophyceae/LandPlants","NOT_MONO",NA,"CAN_MONO_INCOMPLETE","Weakly Reject"
NA,"FNA2AA_c1c2_filterlen33","Zygnematophyceae/LandPlants","NOT_MONO",NA,"CAN_MONO_INCOMPLETE","Weakly Reject"
NA,"FNA2AA_c1c2_filterlen33","Zygnematophyceae/LandPlants","COMP_MISSING",NA,"COMP_MISSING","Missing"
NA,"FNA2AA_c1c2_filterlen33","Zygnematophyceae/LandPlants","NOT_MONO",NA,"CAN_MONO_INCOMPLETE","Weakly Reject"
NA,"FNA2AA_c1c2_filterlen33","Zygnematophyceae/LandPlants","COMP_MISSING",NA,"COMP_MISSING","Missing"
NA,"FNA2AA_c1c2_filterlen33","Zygnematophyceae/LandPlants","COMP_MISSING",NA,"COMP_MISSING","Missing"
NA,"FNA2AA_c1c2_filterlen33","Zygnematophyceae/LandPlants","IS_MONO_INCOMPLETE",40,"CAN_MONO_INCOMPLETE","Weakly Supported"
NA,"FNA2AA_c1c2_filterlen33","Zygnematophyceae/LandPlants","COMP_MISSING",NA,"COMP_MISSING","Missing"
NA,"FNA2AA_c1c2_filterlen33","Zygnematophyceae/LandPlants","NOT_MONO",NA,"CAN_MONO_INCOMPLETE","Weakly Reject"
NA,"FNA2AA_c1c2_filterlen33","Zygnematophyceae/LandPlants","NOT_MONO",NA,"CAN_MONO_INCOMPLETE","Weakly Reject"
NA,"FNA2AA_c1c2_filterlen33","Zygnematophyceae/LandPlants","NOT_MONO",NA,"CAN_MONO_INCOMPLETE","Weakly Reject"
NA,"FNA2AA_c1c2_filterlen33","Zygnematophyceae/LandPlants","NOT_MONO",NA,"CAN_MONO_INCOMPLETE","Weakly Reject"
NA,"FNA2AA_c1c2_filterlen33","Zygnematophyceae/LandPlants","COMP_MISSING",NA,"COMP_MISSING","Missing"
NA,"FNA2AA_c1c2_filterlen33","Zygnematophyceae/LandPlants","NOT_MONO",NA,"CAN_MONO_INCOMPLETE","Weakly Reject"
NA,"FNA2AA_c1c2_filterlen33","Zygnematophyceae/LandPlants","NOT_MONO",NA,"CAN_MONO_INCOMPLETE","Weakly Reject"
NA,"FNA2AA_c1c2_filterlen33","Zygnematophyceae/LandPlants","COMP_MISSING",NA,"COMP_MISSING","Missing"
NA,"FNA2AA_c1c2_filterlen33","Zygnematophyceae/LandPlants","COMP_MISSING",NA,"COMP_MISSING","Missing"
NA,"FNA2AA_c1c2_filterlen33","Zygnematophyceae/LandPlants","COMP_MISSING",NA,"COMP_MISSING","Missing"
NA,"FNA2AA_c1c2_filterlen33","Zygnematophyceae/LandPlants","NOT_MONO",NA,"CAN_MONO_INCOMPLETE","Weakly Reject"
NA,"FNA2AA_c1c2_filterlen33","Zygnematophyceae/LandPlants","NOT_MONO",NA,"CAN_MONO_INCOMPLETE","Weakly Reject"
NA,"FNA2AA_c1c2_filterlen33","Zygnematophyceae/LandPlants","NOT_MONO",NA,"CAN_MONO_INCOMPLETE","Weakly Reject"
NA,"FNA2AA_c1c2_filterlen33","Zygnematophyceae/LandPlants","COMP_MISSING",NA,"COMP_MISSING","Missing"
NA,"FNA2AA_c1c2_filterlen33","Zygnematophyceae/LandPlants","IS_MONO_INCOMPLETE",24,"CAN_MONO_INCOMPLETE","Weakly Supported"
NA,"FNA2AA_c1c2_filterlen33","Zygnematophyceae/LandPlants","IS_MONO_INCOMPLETE",100,"IS_MONO_INCOMPLETE","Strongly Supported"
NA,"FNA2AA_c1c2_filterlen33","Zygnematophyceae/LandPlants","NOT_MONO",NA,"CAN_MONO_INCOMPLETE","Weakly Reject"
NA,"FNA2AA_c1c2_filterlen33","Zygnematophyceae/LandPlants","COMP_MISSING",NA,"COMP_MISSING","Missing"
NA,"FNA2AA_c1c2_filterlen33","Zygnematophyceae/LandPlants","NOT_MONO",NA,"CAN_MONO_INCOMPLETE","Weakly Reject"
NA,"FNA2AA_c1c2_filterlen33","Zygnematophyceae/LandPlants","NOT_MONO",NA,"CAN_MONO_INCOMPLETE","Weakly Reject"
NA,"FNA2AA_c1c2_filterlen33","Zygnematophyceae/LandPlants","COMP_MISSING",NA,"COMP_MISSING","Missing"
NA,"FNA2AA_c1c2_filterlen33","Zygnematophyceae/LandPlants","NOT_MONO",NA,"CAN_MONO_INCOMPLETE","Weakly Reject"
NA,"FNA2AA_c1c2_filterlen33","Zygnematophyceae/LandPlants","NOT_MONO",NA,"CAN_MONO_INCOMPLETE","Weakly Reject"
NA,"FNA2AA_c1c2_filterlen33","Zygnematophyceae/LandPlants","NOT_MONO",NA,"CAN_MONO_INCOMPLETE","Weakly Reject"
NA,"FNA2AA_c1c2_filterlen33","Zygnematophyceae/LandPlants","NOT_MONO",NA,"CAN_MONO_INCOMPLETE","Weakly Reject"
NA,"FNA2AA_c1c2_filterlen33","Zygnematophyceae/LandPlants","NOT_MONO",NA,"NOT_MONO","Strongly Reject"
NA,"FNA2AA_c1c2_filterlen33","Zygnematophyceae/LandPlants","COMP_MISSING",NA,"COMP_MISSING","Missing"
NA,"FNA2AA_c1c2_filterlen33","Zygnematophyceae/LandPlants","NOT_MONO",NA,"CAN_MONO_INCOMPLETE","Weakly Reject"
NA,"FNA2AA_c1c2_filterlen33","Zygnematophyceae/LandPlants","NOT_MONO",NA,"CAN_MONO_INCOMPLETE","Weakly Reject"
NA,"FNA2AA_c1c2_filterlen33","Zygnematophyceae/LandPlants","NOT_MONO",NA,"CAN_MONO_INCOMPLETE","Weakly Reject"
NA,"FNA2AA_c1c2_filterlen33","Zygnematophyceae/LandPlants","COMP_MISSING",NA,"COMP_MISSING","Missing"
NA,"FNA2AA_c1c2_filterlen33","Zygnematophyceae/LandPlants","COMP_MISSING",NA,"COMP_MISSING","Missing"
NA,"FNA2AA_c1c2_filterlen33","Zygnematophyceae/LandPlants","COMP_MISSING",NA,"COMP_MISSING","Missing"
NA,"FNA2AA_c1c2_filterlen33","Zygnematophyceae/LandPlants","IS_MONO_INCOMPLETE",1,"IS_MONO_INCOMPLETE","Strongly Supported"
NA,"FNA2AA_c1c2_filterlen33","Zygnematophyceae/LandPlants","IS_MONO_INCOMPLETE",75,"IS_MONO_INCOMPLETE","Strongly Supported"
NA,"FNA2AA_c1c2_filterlen33","Zygnematophyceae/LandPlants","IS_MONO_INCOMPLETE",1,"IS_MONO_INCOMPLETE","Strongly Supported"
NA,"FNA2AA_c1c2_filterlen33","Zygnematophyceae/LandPlants","NOT_MONO",NA,"CAN_MONO_INCOMPLETE","Weakly Reject"
NA,"FNA2AA_c1c2_filterlen33","Zygnematophyceae/LandPlants","NOT_MONO",NA,"CAN_MONO_INCOMPLETE","Weakly Reject"
NA,"FNA2AA_c1c2_filterlen33","Zygnematophyceae/LandPlants","CAN_MONO_INCOMPLETE",NA,"CAN_MONO_INCOMPLETE","Weakly Reject"
NA,"FNA2AA_c1c2_filterlen33","Zygnematophyceae/LandPlants","NOT_MONO",NA,"CAN_MONO_INCOMPLETE","Weakly Reject"
NA,"FNA2AA_c1c2_filterlen33","Zygnematophyceae/LandPlants","IS_MONO_INCOMPLETE",55,"CAN_MONO_INCOMPLETE","Weakly Supported"
NA,"FNA2AA_c1c2_filterlen33","Zygnematophyceae/LandPlants","COMP_MISSING",NA,"COMP_MISSING","Missing"
NA,"FNA2AA_c1c2_filterlen33","Zygnematophyceae/LandPlants","NOT_MONO",NA,"CAN_MONO_INCOMPLETE","Weakly Reject"
NA,"FNA2AA_c1c2_filterlen33","Zygnematophyceae/LandPlants","COMP_MISSING",NA,"COMP_MISSING","Missing"
NA,"FNA2AA_c1c2_filterlen33","Zygnematophyceae/LandPlants","COMP_MISSING",NA,"COMP_MISSING","Missing"
NA,"FNA2AA_c1c2_filterlen33","Zygnematophyceae/LandPlants","IS_MONO_INCOMPLETE",1,"IS_MONO_INCOMPLETE","Strongly Supported"
NA,"FNA2AA_c1c2_filterlen33","Zygnematophyceae/LandPlants","NOT_MONO",NA,"CAN_MONO_INCOMPLETE","Weakly Reject"
NA,"FNA2AA_c1c2_filterlen33","Zygnematophyceae/LandPlants","COMP_MISSING",NA,"COMP_MISSING","Missing"
NA,"FNA2AA_c1c2_filterlen33","Zygnematophyceae/LandPlants","COMP_MISSING",NA,"COMP_MISSING","Missing"
NA,"FNA2AA_c1c2_filterlen33","Zygnematophyceae/LandPlants","IS_MONO_INCOMPLETE",61,"CAN_MONO_INCOMPLETE","Weakly Supported"
NA,"FNA2AA_c1c2_filterlen33","Zygnematophyceae/LandPlants","COMP_MISSING",NA,"COMP_MISSING","Missing"
NA,"FNA2AA_c1c2_filterlen33","Zygnematophyceae/LandPlants","IS_MONO_INCOMPLETE",99,"IS_MONO_INCOMPLETE","Strongly Supported"
NA,"FNA2AA_c1c2_filterlen33","Zygnematophyceae/LandPlants","NOT_MONO",NA,"CAN_MONO_INCOMPLETE","Weakly Reject"
NA,"FNA2AA_c1c2_filterlen33","Zygnematophyceae/LandPlants","NOT_MONO",NA,"CAN_MONO_INCOMPLETE","Weakly Reject"
NA,"FNA2AA_c1c2_filterlen33","Zygnematophyceae/LandPlants","NOT_MONO",NA,"CAN_MONO_INCOMPLETE","Weakly Reject"
NA,"FNA2AA_c1c2_filterlen33","Zygnematophyceae/LandPlants","NOT_MONO",NA,"CAN_MONO_INCOMPLETE","Weakly Reject"
NA,"FNA2AA_c1c2_filterlen33","Zygnematophyceae/LandPlants","COMP_MISSING",NA,"COMP_MISSING","Missing"
NA,"FNA2AA_c1c2_filterlen33","Zygnematophyceae/LandPlants","COMP_MISSING",NA,"COMP_MISSING","Missing"
NA,"FNA2AA_c1c2_filterlen33","Zygnematophyceae/LandPlants","COMP_MISSING",NA,"COMP_MISSING","Missing"
NA,"FNA2AA_c1c2_filterlen33","Zygnematophyceae/LandPlants","COMP_MISSING",NA,"COMP_MISSING","Missing"
NA,"FNA2AA_c1c2_filterlen33","Zygnematophyceae/LandPlants","IS_MONO_INCOMPLETE",38,"CAN_MONO_INCOMPLETE","Weakly Supported"
NA,"FNA2AA_c1c2_filterlen33","Zygnematophyceae/LandPlants","NOT_MONO",NA,"CAN_MONO_INCOMPLETE","Weakly Reject"
NA,"FNA2AA_c1c2_filterlen33","Zygnematophyceae/LandPlants","NOT_MONO",NA,"CAN_MONO_INCOMPLETE","Weakly Reject"
NA,"FNA2AA_c1c2_filterlen33","Zygnematophyceae/LandPlants","COMP_MISSING",NA,"COMP_MISSING","Missing"
NA,"FNA2AA_c1c2_filterlen33","Zygnematophyceae/LandPlants","COMP_MISSING",NA,"COMP_MISSING","Missing"
NA,"FNA2AA_c1c2_filterlen33","Zygnematophyceae/LandPlants","NOT_MONO",NA,"CAN_MONO_INCOMPLETE","Weakly Reject"
NA,"FNA2AA_c1c2_filterlen33","Zygnematophyceae/LandPlants","COMP_MISSING",NA,"COMP_MISSING","Missing"
NA,"FNA2AA_c1c2_filterlen33","Zygnematophyceae/LandPlants","NOT_MONO",NA,"CAN_MONO_INCOMPLETE","Weakly Reject"
NA,"FNA2AA_c1c2_filterlen33","Zygnematophyceae/LandPlants","COMP_MISSING",NA,"COMP_MISSING","Missing"
NA,"FNA2AA_c1c2_filterlen33","Zygnematophyceae/LandPlants","COMP_MISSING",NA,"COMP_MISSING","Missing"
NA,"FNA2AA_c1c2_filterlen33","Zygnematophyceae/LandPlants","COMP_MISSING",NA,"COMP_MISSING","Missing"
NA,"FNA2AA_c1c2_filterlen33","Zygnematophyceae/LandPlants","IS_MONO_INCOMPLETE",37,"CAN_MONO_INCOMPLETE","Weakly Supported"
NA,"FNA2AA_c1c2_filterlen33","Zygnematophyceae/LandPlants","COMP_MISSING",NA,"COMP_MISSING","Missing"
NA,"FNA2AA_c1c2_filterlen33","Zygnematophyceae/LandPlants","NOT_MONO",NA,"CAN_MONO_INCOMPLETE","Weakly Reject"
NA,"FNA2AA_c1c2_filterlen33","Zygnematophyceae/LandPlants","CAN_MONO_INCOMPLETE",NA,"CAN_MONO_INCOMPLETE","Weakly Reject"
NA,"FNA2AA_c1c2_filterlen33","Zygnematophyceae/LandPlants","COMP_MISSING",NA,"COMP_MISSING","Missing"
NA,"FNA2AA_c1c2_filterlen33","Zygnematophyceae/LandPlants","NOT_MONO",NA,"CAN_MONO_INCOMPLETE","Weakly Reject"
NA,"FNA2AA_c1c2_filterlen33","Zygnematophyceae/LandPlants","COMP_MISSING",NA,"COMP_MISSING","Missing"
NA,"FNA2AA_c1c2_filterlen33","Zygnematophyceae/LandPlants","IS_MONO_INCOMPLETE",1,"IS_MONO_INCOMPLETE","Strongly Supported"
NA,"FNA2AA_c1c2_filterlen33","Zygnematophyceae/LandPlants","COMP_MISSING",NA,"COMP_MISSING","Missing"
NA,"FNA2AA_c1c2_filterlen33","Zygnematophyceae/LandPlants","NOT_MONO",NA,"CAN_MONO_INCOMPLETE","Weakly Reject"
NA,"FNA2AA_c1c2_filterlen33","Zygnematophyceae/LandPlants","IS_MONO_INCOMPLETE",1,"IS_MONO_INCOMPLETE","Strongly Supported"
NA,"FNA2AA_c1c2_filterlen33","Zygnematophyceae/LandPlants","NOT_MONO",NA,"CAN_MONO_INCOMPLETE","Weakly Reject"
NA,"FNA2AA_c1c2_filterlen33","Zygnematophyceae/LandPlants","NOT_MONO",NA,"CAN_MONO_INCOMPLETE","Weakly Reject"
NA,"FNA2AA_c1c2_filterlen33","Zygnematophyceae/LandPlants","NOT_MONO",NA,"CAN_MONO_INCOMPLETE","Weakly Reject"
NA,"FNA2AA_c1c2_filterlen33","Zygnematophyceae/LandPlants","IS_MONO_INCOMPLETE",1,"IS_MONO_INCOMPLETE","Strongly Supported"
NA,"FNA2AA_c1c2_filterlen33","Zygnematophyceae/LandPlants","NOT_MONO",NA,"CAN_MONO_INCOMPLETE","Weakly Reject"
NA,"FNA2AA_c1c2_filterlen33","Zygnematophyceae/LandPlants","COMP_MISSING",NA,"COMP_MISSING","Missing"
NA,"FNA2AA_c1c2_filterlen33","Zygnematophyceae/LandPlants","COMP_MISSING",NA,"COMP_MISSING","Missing"
NA,"FNA2AA_c1c2_filterlen33","Zygnematophyceae/LandPlants","NOT_MONO",NA,"CAN_MONO_INCOMPLETE","Weakly Reject"
NA,"FNA2AA_c1c2_filterlen33","Zygnematophyceae/LandPlants","COMP_MISSING",NA,"COMP_MISSING","Missing"
NA,"FNA2AA_c1c2_filterlen33","Zygnematophyceae/LandPlants","COMP_MISSING",NA,"COMP_MISSING","Missing"
NA,"FNA2AA_c1c2_filterlen33","Zygnematophyceae/LandPlants","COMP_MISSING",NA,"COMP_MISSING","Missing"
NA,"FNA2AA_c1c2_filterlen33","Zygnematophyceae/LandPlants","COMP_MISSING",NA,"COMP_MISSING","Missing"
NA,"FNA2AA_c1c2_filterlen33","Zygnematophyceae/LandPlants","COMP_MISSING",NA,"COMP_MISSING","Missing"
NA,"FNA2AA_c1c2_filterlen33","Zygnematophyceae/LandPlants","NOT_MONO",NA,"CAN_MONO_INCOMPLETE","Weakly Reject"
NA,"FNA2AA_c1c2_filterlen33","Zygnematophyceae/LandPlants","COMP_MISSING",NA,"COMP_MISSING","Missing"
NA,"FNA2AA_c1c2_filterlen33","Zygnematophyceae/LandPlants","NOT_MONO",NA,"CAN_MONO_INCOMPLETE","Weakly Reject"
NA,"FNA2AA_c1c2_filterlen33","Zygnematophyceae/LandPlants","NOT_MONO",NA,"CAN_MONO_INCOMPLETE","Weakly Reject"
NA,"FNA2AA_c1c2_filterlen33","Zygnematophyceae/LandPlants","COMP_MISSING",NA,"COMP_MISSING","Missing"
NA,"FNA2AA_c1c2_filterlen33","Zygnematophyceae/LandPlants","COMP_MISSING",NA,"COMP_MISSING","Missing"
NA,"FNA2AA_c1c2_filterlen33","Zygnematophyceae/LandPlants","IS_MONO_INCOMPLETE",1,"IS_MONO_INCOMPLETE","Strongly Supported"
NA,"FNA2AA_c1c2_filterlen33","Zygnematophyceae/LandPlants","IS_MONO_INCOMPLETE",1,"IS_MONO_INCOMPLETE","Strongly Supported"
NA,"FNA2AA_c1c2_filterlen33","Zygnematophyceae/LandPlants","COMP_MISSING",NA,"COMP_MISSING","Missing"
NA,"FNA2AA_c1c2_filterlen33","Zygnematophyceae/LandPlants","COMP_MISSING",NA,"COMP_MISSING","Missing"
NA,"FNA2AA_c1c2_filterlen33","Zygnematophyceae/LandPlants","IS_MONO_INCOMPLETE",1,"IS_MONO_INCOMPLETE","Strongly Supported"
NA,"FNA2AA_c1c2_filterlen33","Zygnematophyceae/LandPlants","CAN_MONO_INCOMPLETE",NA,"CAN_MONO_INCOMPLETE","Weakly Reject"
NA,"FNA2AA_c1c2_filterlen33","Zygnematophyceae/LandPlants","NOT_MONO",NA,"CAN_MONO_INCOMPLETE","Weakly Reject"
NA,"FNA2AA_c1c2_filterlen33","Zygnematophyceae/LandPlants","COMP_MISSING",NA,"COMP_MISSING","Missing"
NA,"FNA2AA_c1c2_filterlen33","Zygnematophyceae/LandPlants","COMP_MISSING",NA,"COMP_MISSING","Missing"
NA,"FNA2AA_c1c2_filterlen33","Zygnematophyceae/LandPlants","COMP_MISSING",NA,"COMP_MISSING","Missing"
NA,"FNA2AA_c1c2_filterlen33","Zygnematophyceae/LandPlants","COMP_MISSING",NA,"COMP_MISSING","Missing"
NA,"FNA2AA_c1c2_filterlen33","Zygnematophyceae/LandPlants","COMP_MISSING",NA,"COMP_MISSING","Missing"
NA,"FNA2AA_c1c2_filterlen33","Zygnematophyceae/LandPlants","COMP_MISSING",NA,"COMP_MISSING","Missing"
NA,"FNA2AA_c1c2_filterlen33","Zygnematophyceae/LandPlants","COMP_MISSING",NA,"COMP_MISSING","Missing"
NA,"FNA2AA_c1c2_filterlen33","Zygnematophyceae/LandPlants","NOT_MONO",NA,"CAN_MONO_INCOMPLETE","Weakly Reject"
NA,"FNA2AA_c1c2_filterlen33","Zygnematophyceae/LandPlants","IS_MONO_INCOMPLETE",1,"IS_MONO_INCOMPLETE","Strongly Supported"
NA,"FNA2AA_c1c2_filterlen33","Zygnematophyceae/LandPlants","CAN_MONO_INCOMPLETE",NA,"CAN_MONO_INCOMPLETE","Weakly Reject"
NA,"FNA2AA_c1c2_filterlen33","Zygnematophyceae/LandPlants","NOT_MONO",NA,"CAN_MONO_INCOMPLETE","Weakly Reject"
NA,"FNA2AA_c1c2_filterlen33","Zygnematophyceae/LandPlants","NOT_MONO",NA,"CAN_MONO_INCOMPLETE","Weakly Reject"
NA,"FNA2AA_c1c2_filterlen33","Zygnematophyceae/LandPlants","COMP_MISSING",NA,"COMP_MISSING","Missing"
NA,"FNA2AA_c1c2_filterlen33","Zygnematophyceae/LandPlants","NOT_MONO",NA,"CAN_MONO_INCOMPLETE","Weakly Reject"
NA,"FNA2AA_c1c2_filterlen33","Zygnematophyceae/LandPlants","NOT_MONO",NA,"CAN_MONO_INCOMPLETE","Weakly Reject"
NA,"FNA2AA_c1c2_filterlen33","Zygnematophyceae/LandPlants","COMP_MISSING",NA,"COMP_MISSING","Missing"
NA,"FNA2AA_c1c2_filterlen33","Zygnematophyceae/LandPlants","COMP_MISSING",NA,"COMP_MISSING","Missing"
NA,"FNA2AA_c1c2_filterlen33","Zygnematophyceae/LandPlants","COMP_MISSING",NA,"COMP_MISSING","Missing"
NA,"FNA2AA_c1c2_filterlen33","Zygnematophyceae/LandPlants","COMP_MISSING",NA,"COMP_MISSING","Missing"
NA,"FNA2AA_c1c2_filterlen33","Zygnematophyceae/LandPlants","NOT_MONO",NA,"NOT_MONO","Strongly Reject"
NA,"FNA2AA_c1c2_filterlen33","Zygnematophyceae/LandPlants","COMP_MISSING",NA,"COMP_MISSING","Missing"
NA,"FNA2AA_c1c2_filterlen33","Zygnematophyceae/LandPlants","IS_MONO_INCOMPLETE",1,"IS_MONO_INCOMPLETE","Strongly Supported"
NA,"FNA2AA_c1c2_filterlen33","Zygnematophyceae/LandPlants","COMP_MISSING",NA,"COMP_MISSING","Missing"
NA,"FNA2AA_c1c2_filterlen33","Zygnematophyceae/LandPlants","NOT_MONO",NA,"CAN_MONO_INCOMPLETE","Weakly Reject"
NA,"FNA2AA_c1c2_filterlen33","Zygnematophyceae/LandPlants","NOT_MONO",NA,"CAN_MONO_INCOMPLETE","Weakly Reject"
NA,"FNA2AA_c1c2_filterlen33","Zygnematophyceae/LandPlants","CAN_MONO_INCOMPLETE",NA,"CAN_MONO_INCOMPLETE","Weakly Reject"
NA,"FNA2AA_c1c2_filterlen33","Zygnematophyceae/LandPlants","NOT_MONO",NA,"CAN_MONO_INCOMPLETE","Weakly Reject"
NA,"FNA2AA_c1c2_filterlen33","Zygnematophyceae/LandPlants","NOT_MONO",NA,"CAN_MONO_INCOMPLETE","Weakly Reject"
NA,"FNA2AA_c1c2_filterlen33","Zygnematophyceae/LandPlants","IS_MONO_INCOMPLETE",13,"CAN_MONO_INCOMPLETE","Weakly Supported"
NA,"FNA2AA_c1c2_filterlen33","Zygnematophyceae/LandPlants","COMP_MISSING",NA,"COMP_MISSING","Missing"
NA,"FNA2AA_c1c2_filterlen33","Zygnematophyceae/LandPlants","NOT_MONO",NA,"CAN_MONO_INCOMPLETE","Weakly Reject"
NA,"FNA2AA_c1c2_filterlen33","Zygnematophyceae/LandPlants","IS_MONO_INCOMPLETE",97,"IS_MONO_INCOMPLETE","Strongly Supported"
NA,"FNA2AA_c1c2_filterlen33","Zygnematophyceae/LandPlants","COMP_MISSING",NA,"COMP_MISSING","Missing"
NA,"FNA2AA_c1c2_filterlen33","Zygnematophyceae/LandPlants","NOT_MONO",NA,"CAN_MONO_INCOMPLETE","Weakly Reject"
NA,"FNA2AA_c1c2_filterlen33","Zygnematophyceae/LandPlants","NOT_MONO",NA,"CAN_MONO_INCOMPLETE","Weakly Reject"
NA,"FNA2AA_c1c2_filterlen33","Zygnematophyceae/LandPlants","IS_MONO_INCOMPLETE",1,"IS_MONO_INCOMPLETE","Strongly Supported"
NA,"FNA2AA_c1c2_filterlen33","Zygnematophyceae/LandPlants","COMP_MISSING",NA,"COMP_MISSING","Missing"
NA,"FNA2AA_c1c2_filterlen33","Zygnematophyceae/LandPlants","NOT_MONO",NA,"CAN_MONO_INCOMPLETE","Weakly Reject"
NA,"FNA2AA_c1c2_filterlen33","Zygnematophyceae/LandPlants","COMP_MISSING",NA,"COMP_MISSING","Missing"
NA,"FNA2AA_c1c2_filterlen33","Zygnematophyceae/LandPlants","COMP_MISSING",NA,"COMP_MISSING","Missing"
NA,"FNA2AA_c1c2_filterlen33","Zygnematophyceae/LandPlants","NOT_MONO",NA,"CAN_MONO_INCOMPLETE","Weakly Reject"
NA,"FNA2AA_c1c2_filterlen33","Zygnematophyceae/LandPlants","IS_MONO_INCOMPLETE",97,"IS_MONO_INCOMPLETE","Strongly Supported"
NA,"FNA2AA_c1c2_filterlen33","Zygnematophyceae/LandPlants","COMP_MISSING",NA,"COMP_MISSING","Missing"
NA,"FNA2AA_c1c2_filterlen33","Zygnematophyceae/LandPlants","NOT_MONO",NA,"CAN_MONO_INCOMPLETE","Weakly Reject"
NA,"FNA2AA_c1c2_filterlen33","Zygnematophyceae/LandPlants","IS_MONO_INCOMPLETE",1,"IS_MONO_INCOMPLETE","Strongly Supported"
NA,"FNA2AA_c1c2_filterlen33","Zygnematophyceae/LandPlants","COMP_MISSING",NA,"COMP_MISSING","Missing"
NA,"FNA2AA_c1c2_filterlen33","Zygnematophyceae/LandPlants","COMP_MISSING",NA,"COMP_MISSING","Missing"
NA,"FNA2AA_c1c2_filterlen33","Zygnematophyceae/LandPlants","NOT_MONO",NA,"CAN_MONO_INCOMPLETE","Weakly Reject"
NA,"FNA2AA_c1c2_filterlen33","Zygnematophyceae/LandPlants","COMP_MISSING",NA,"COMP_MISSING","Missing"
NA,"FNA2AA_c1c2_filterlen33","Zygnematophyceae/LandPlants","NOT_MONO",NA,"CAN_MONO_INCOMPLETE","Weakly Reject"
NA,"FNA2AA_c1c2_filterlen33","Zygnematophyceae/LandPlants","NOT_MONO",NA,"CAN_MONO_INCOMPLETE","Weakly Reject"
NA,"FNA2AA_c1c2_filterlen33","Zygnematophyceae/LandPlants","NOT_MONO",NA,"CAN_MONO_INCOMPLETE","Weakly Reject"
NA,"FNA2AA_c1c2_filterlen33","Zygnematophyceae/LandPlants","COMP_MISSING",NA,"COMP_MISSING","Missing"
NA,"FNA2AA_c1c2_filterlen33","Zygnematophyceae/LandPlants","NOT_MONO",NA,"CAN_MONO_INCOMPLETE","Weakly Reject"
NA,"FNA2AA_c1c2_filterlen33","Zygnematophyceae/LandPlants","IS_MONO_INCOMPLETE",1,"IS_MONO_INCOMPLETE","Strongly Supported"
NA,"FNA2AA_c1c2_filterlen33","Zygnematophyceae/LandPlants","COMP_MISSING",NA,"COMP_MISSING","Missing"
NA,"FNA2AA_c1c2_filterlen33","Zygnematophyceae/LandPlants","COMP_MISSING",NA,"COMP_MISSING","Missing"
NA,"FNA2AA_c1c2_filterlen33","Zygnematophyceae/LandPlants","COMP_MISSING",NA,"COMP_MISSING","Missing"
NA,"FNA2AA_c1c2_filterlen33","Zygnematophyceae/LandPlants","IS_MONO_INCOMPLETE",1,"IS_MONO_INCOMPLETE","Strongly Supported"
NA,"FNA2AA_c1c2_filterlen33","Zygnematophyceae/LandPlants","COMP_MISSING",NA,"COMP_MISSING","Missing"
NA,"FNA2AA_c1c2_filterlen33","Zygnematophyceae/LandPlants","COMP_MISSING",NA,"COMP_MISSING","Missing"
NA,"FNA2AA_c1c2_filterlen33","Zygnematophyceae/LandPlants","COMP_MISSING",NA,"COMP_MISSING","Missing"
NA,"FNA2AA_c1c2_filterlen33","Zygnematophyceae/LandPlants","COMP_MISSING",NA,"COMP_MISSING","Missing"
NA,"FNA2AA_c1c2_filterlen33","Zygnematophyceae/LandPlants","COMP_MISSING",NA,"COMP_MISSING","Missing"
NA,"FNA2AA_c1c2_filterlen33","Zygnematophyceae/LandPlants","COMP_MISSING",NA,"COMP_MISSING","Missing"
NA,"FNA2AA_c1c2_filterlen33","Zygnematophyceae/LandPlants","IS_MONO_INCOMPLETE",1,"IS_MONO_INCOMPLETE","Strongly Supported"
NA,"FNA2AA_c1c2_filterlen33","Zygnematophyceae/LandPlants","NOT_MONO",NA,"CAN_MONO_INCOMPLETE","Weakly Reject"
NA,"FNA2AA_c1c2_filterlen33","Zygnematophyceae/LandPlants","CAN_MONO_INCOMPLETE",NA,"CAN_MONO_INCOMPLETE","Weakly Reject"
NA,"FNA2AA_c1c2_filterlen33","Zygnematophyceae/LandPlants","COMP_MISSING",NA,"COMP_MISSING","Missing"
NA,"FNA2AA_c1c2_filterlen33","Zygnematophyceae/LandPlants","NOT_MONO",NA,"CAN_MONO_INCOMPLETE","Weakly Reject"
NA,"FNA2AA_c1c2_filterlen33","Zygnematophyceae/LandPlants","NOT_MONO",NA,"CAN_MONO_INCOMPLETE","Weakly Reject"
NA,"FNA2AA_c1c2_filterlen33","Zygnematophyceae/LandPlants","COMP_MISSING",NA,"COMP_MISSING","Missing"
NA,"FNA2AA_c1c2_filterlen33","Zygnematophyceae/LandPlants","NOT_MONO",NA,"CAN_MONO_INCOMPLETE","Weakly Reject"
NA,"FNA2AA_c1c2_filterlen33","Zygnematophyceae/LandPlants","NOT_MONO",NA,"CAN_MONO_INCOMPLETE","Weakly Reject"
NA,"FNA2AA_c1c2_filterlen33","Zygnematophyceae/LandPlants","COMP_MISSING",NA,"COMP_MISSING","Missing"
NA,"FNA2AA_c1c2_filterlen33","Zygnematophyceae/LandPlants","NOT_MONO",NA,"CAN_MONO_INCOMPLETE","Weakly Reject"
NA,"FNA2AA_c1c2_filterlen33","Zygnematophyceae/LandPlants","NOT_MONO",NA,"CAN_MONO_INCOMPLETE","Weakly Reject"
NA,"FNA2AA_c1c2_filterlen33","Zygnematophyceae/LandPlants","CAN_MONO_INCOMPLETE",NA,"CAN_MONO_INCOMPLETE","Weakly Reject"
NA,"FNA2AA_c1c2_filterlen33","Zygnematophyceae/LandPlants","COMP_MISSING",NA,"COMP_MISSING","Missing"
NA,"FNA2AA_c1c2_filterlen33","Zygnematophyceae/LandPlants","COMP_MISSING",NA,"COMP_MISSING","Missing"
NA,"FNA2AA_c1c2_filterlen33","Zygnematophyceae/LandPlants","NOT_MONO",NA,"CAN_MONO_INCOMPLETE","Weakly Reject"
NA,"FNA2AA_c1c2_filterlen33","Zygnematophyceae/LandPlants","COMP_MISSING",NA,"COMP_MISSING","Missing"
NA,"FNA2AA_c1c2_filterlen33","Zygnematophyceae/LandPlants","IS_MONO_INCOMPLETE",74,"CAN_MONO_INCOMPLETE","Weakly Supported"
NA,"FNA2AA_c1c2_filterlen33","Zygnematophyceae/LandPlants","COMP_MISSING",NA,"COMP_MISSING","Missing"
NA,"FNA2AA_c1c2_filterlen33","Zygnematophyceae/LandPlants","NOT_MONO",NA,"CAN_MONO_INCOMPLETE","Weakly Reject"
NA,"FNA2AA_c1c2_filterlen33","Zygnematophyceae/LandPlants","NOT_MONO",NA,"CAN_MONO_INCOMPLETE","Weakly Reject"
NA,"FNA2AA_c1c2_filterlen33","Zygnematophyceae/LandPlants","COMP_MISSING",NA,"COMP_MISSING","Missing"
NA,"FNA2AA_c1c2_filterlen33","Zygnematophyceae/LandPlants","COMP_MISSING",NA,"COMP_MISSING","Missing"
NA,"FNA2AA_c1c2_filterlen33","Zygnematophyceae/LandPlants","NOT_MONO",NA,"CAN_MONO_INCOMPLETE","Weakly Reject"
NA,"FNA2AA_c1c2_filterlen33","Zygnematophyceae/LandPlants","COMP_MISSING",NA,"COMP_MISSING","Missing"
NA,"FNA2AA_c1c2_filterlen33","Zygnematophyceae/LandPlants","COMP_MISSING",NA,"COMP_MISSING","Missing"
NA,"FNA2AA_c1c2_filterlen33","Zygnematophyceae/LandPlants","COMP_MISSING",NA,"COMP_MISSING","Missing"
NA,"FNA2AA_c1c2_filterlen33","Zygnematophyceae/LandPlants","NOT_MONO",NA,"CAN_MONO_INCOMPLETE","Weakly Reject"
NA,"FNA2AA_c1c2_filterlen33","Zygnematophyceae/LandPlants","COMP_MISSING",NA,"COMP_MISSING","Missing"
NA,"FNA2AA_c1c2_filterlen33","Zygnematophyceae/LandPlants","COMP_MISSING",NA,"COMP_MISSING","Missing"
NA,"FNA2AA_c1c2_filterlen33","Zygnematophyceae/LandPlants","IS_MONO_INCOMPLETE",1,"IS_MONO_INCOMPLETE","Strongly Supported"
NA,"FNA2AA_c1c2_filterlen33","Zygnematophyceae/LandPlants","CAN_MONO_INCOMPLETE",NA,"CAN_MONO_INCOMPLETE","Weakly Reject"
NA,"FNA2AA_c1c2_filterlen33","Zygnematophyceae/LandPlants","NOT_MONO",NA,"CAN_MONO_INCOMPLETE","Weakly Reject"
NA,"FNA2AA_c1c2_filterlen33","Zygnematophyceae/LandPlants","COMP_MISSING",NA,"COMP_MISSING","Missing"
NA,"FNA2AA_c1c2_filterlen33","Zygnematophyceae/LandPlants","COMP_MISSING",NA,"COMP_MISSING","Missing"
NA,"FNA2AA_c1c2_filterlen33","Zygnematophyceae/LandPlants","IS_MONO_INCOMPLETE",76,"IS_MONO_INCOMPLETE","Strongly Supported"
