"ID","DS","CLADE","MONO","BOOT","MONO.75","Classification"
NA,"FNA2AA_filterlen33","Bryophyta","NO_CLADE",NA,"NO_CLADE","Missing"
NA,"FNA2AA_filterlen33","Bryophyta","IS_MONO_INCOMPLETE",92,"IS_MONO_INCOMPLETE","Strongly Supported"
NA,"FNA2AA_filterlen33","Bryophyta","IS_MONO_INCOMPLETE",88,"IS_MONO_INCOMPLETE","Strongly Supported"
NA,"FNA2AA_filterlen33","Bryophyta","IS_MONO_INCOMPLETE",94,"IS_MONO_INCOMPLETE","Strongly Supported"
NA,"FNA2AA_filterlen33","Bryophyta","IS_MONO_INCOMPLETE",93,"IS_MONO_INCOMPLETE","Strongly Supported"
NA,"FNA2AA_filterlen33","Bryophyta","NOT_MONO",NA,"CAN_MONO_INCOMPLETE","Weakly Reject"
NA,"FNA2AA_filterlen33","Bryophyta","IS_MONO_INCOMPLETE",100,"IS_MONO_INCOMPLETE","Strongly Supported"
NA,"FNA2AA_filterlen33","Bryophyta","IS_MONO_INCOMPLETE",100,"IS_MONO_INCOMPLETE","Strongly Supported"
NA,"FNA2AA_filterlen33","Bryophyta","IS_MONO_INCOMPLETE",97,"IS_MONO_INCOMPLETE","Strongly Supported"
NA,"FNA2AA_filterlen33","Bryophyta","NOT_MONO",NA,"CAN_MONO_INCOMPLETE","Weakly Reject"
NA,"FNA2AA_filterlen33","Bryophyta","NOT_MONO",NA,"CAN_MONO_INCOMPLETE","Weakly Reject"
NA,"FNA2AA_filterlen33","Bryophyta","IS_MONO_INCOMPLETE",99,"IS_MONO_INCOMPLETE","Strongly Supported"
NA,"FNA2AA_filterlen33","Bryophyta","IS_MONO_INCOMPLETE",42,"CAN_MONO_INCOMPLETE","Weakly Supported"
NA,"FNA2AA_filterlen33","Bryophyta","IS_MONO_INCOMPLETE",100,"IS_MONO_INCOMPLETE","Strongly Supported"
NA,"FNA2AA_filterlen33","Bryophyta","IS_MONO_INCOMPLETE",95,"IS_MONO_INCOMPLETE","Strongly Supported"
NA,"FNA2AA_filterlen33","Bryophyta","IS_MONO_INCOMPLETE",92,"IS_MONO_INCOMPLETE","Strongly Supported"
NA,"FNA2AA_filterlen33","Bryophyta","IS_MONO_INCOMPLETE",95,"IS_MONO_INCOMPLETE","Strongly Supported"
NA,"FNA2AA_filterlen33","Bryophyta","IS_MONO_INCOMPLETE",100,"IS_MONO_INCOMPLETE","Strongly Supported"
NA,"FNA2AA_filterlen33","Bryophyta","IS_MONO_INCOMPLETE",98,"IS_MONO_INCOMPLETE","Strongly Supported"
NA,"FNA2AA_filterlen33","Bryophyta","IS_MONO_INCOMPLETE",100,"IS_MONO_INCOMPLETE","Strongly Supported"
NA,"FNA2AA_filterlen33","Bryophyta","IS_MONO_INCOMPLETE",100,"IS_MONO_INCOMPLETE","Strongly Supported"
NA,"FNA2AA_filterlen33","Bryophyta","IS_MONO_INCOMPLETE",100,"IS_MONO_INCOMPLETE","Strongly Supported"
NA,"FNA2AA_filterlen33","Bryophyta","IS_MONO_INCOMPLETE",100,"IS_MONO_INCOMPLETE","Strongly Supported"
NA,"FNA2AA_filterlen33","Bryophyta","IS_MONO_INCOMPLETE",76,"IS_MONO_INCOMPLETE","Strongly Supported"
NA,"FNA2AA_filterlen33","Bryophyta","IS_MONO_INCOMPLETE",100,"IS_MONO_INCOMPLETE","Strongly Supported"
NA,"FNA2AA_filterlen33","Bryophyta","IS_MONO_INCOMPLETE",92,"IS_MONO_INCOMPLETE","Strongly Supported"
NA,"FNA2AA_filterlen33","Bryophyta","NO_CLADE",NA,"NO_CLADE","Missing"
NA,"FNA2AA_filterlen33","Bryophyta","NOT_MONO",NA,"NOT_MONO","Strongly Reject"
NA,"FNA2AA_filterlen33","Bryophyta","IS_MONO_INCOMPLETE",100,"IS_MONO_INCOMPLETE","Strongly Supported"
NA,"FNA2AA_filterlen33","Bryophyta","NO_CLADE",NA,"NO_CLADE","Missing"
NA,"FNA2AA_filterlen33","Bryophyta","IS_MONO_INCOMPLETE",100,"IS_MONO_INCOMPLETE","Strongly Supported"
NA,"FNA2AA_filterlen33","Bryophyta","NO_CLADE",NA,"NO_CLADE","Missing"
NA,"FNA2AA_filterlen33","Bryophyta","IS_MONO_INCOMPLETE",49,"CAN_MONO_INCOMPLETE","Weakly Supported"
NA,"FNA2AA_filterlen33","Bryophyta","IS_MONO_INCOMPLETE",100,"IS_MONO_INCOMPLETE","Strongly Supported"
NA,"FNA2AA_filterlen33","Bryophyta","IS_MONO_INCOMPLETE",100,"IS_MONO_INCOMPLETE","Strongly Supported"
NA,"FNA2AA_filterlen33","Bryophyta","IS_MONO_INCOMPLETE",100,"IS_MONO_INCOMPLETE","Strongly Supported"
NA,"FNA2AA_filterlen33","Bryophyta","NO_CLADE",NA,"NO_CLADE","Missing"
NA,"FNA2AA_filterlen33","Bryophyta","IS_MONO_INCOMPLETE",100,"IS_MONO_INCOMPLETE","Strongly Supported"
NA,"FNA2AA_filterlen33","Bryophyta","NOT_MONO",NA,"CAN_MONO_INCOMPLETE","Weakly Reject"
NA,"FNA2AA_filterlen33","Bryophyta","IS_MONO_INCOMPLETE",73,"CAN_MONO_INCOMPLETE","Weakly Supported"
NA,"FNA2AA_filterlen33","Bryophyta","IS_MONO_INCOMPLETE",100,"IS_MONO_INCOMPLETE","Strongly Supported"
NA,"FNA2AA_filterlen33","Bryophyta","IS_MONO_INCOMPLETE",92,"IS_MONO_INCOMPLETE","Strongly Supported"
NA,"FNA2AA_filterlen33","Bryophyta","IS_MONO_INCOMPLETE",100,"IS_MONO_INCOMPLETE","Strongly Supported"
NA,"FNA2AA_filterlen33","Bryophyta","IS_MONO_INCOMPLETE",97,"IS_MONO_INCOMPLETE","Strongly Supported"
NA,"FNA2AA_filterlen33","Bryophyta","IS_MONO_INCOMPLETE",63,"CAN_MONO_INCOMPLETE","Weakly Supported"
NA,"FNA2AA_filterlen33","Bryophyta","IS_MONO_INCOMPLETE",100,"IS_MONO_INCOMPLETE","Strongly Supported"
NA,"FNA2AA_filterlen33","Bryophyta","IS_MONO_INCOMPLETE",65,"CAN_MONO_INCOMPLETE","Weakly Supported"
NA,"FNA2AA_filterlen33","Bryophyta","IS_MONO_INCOMPLETE",93,"IS_MONO_INCOMPLETE","Strongly Supported"
NA,"FNA2AA_filterlen33","Bryophyta","IS_MONO_INCOMPLETE",100,"IS_MONO_INCOMPLETE","Strongly Supported"
NA,"FNA2AA_filterlen33","Bryophyta","IS_MONO_INCOMPLETE",51,"CAN_MONO_INCOMPLETE","Weakly Supported"
NA,"FNA2AA_filterlen33","Bryophyta","IS_MONO_INCOMPLETE",100,"IS_MONO_INCOMPLETE","Strongly Supported"
NA,"FNA2AA_filterlen33","Bryophyta","IS_MONO",100,"IS_MONO","Strongly Supported"
NA,"FNA2AA_filterlen33","Bryophyta","IS_MONO_INCOMPLETE",100,"IS_MONO_INCOMPLETE","Strongly Supported"
NA,"FNA2AA_filterlen33","Bryophyta","IS_MONO_INCOMPLETE",46,"CAN_MONO_INCOMPLETE","Weakly Supported"
NA,"FNA2AA_filterlen33","Bryophyta","NO_CLADE",NA,"NO_CLADE","Missing"
NA,"FNA2AA_filterlen33","Bryophyta","NO_CLADE",NA,"NO_CLADE","Missing"
NA,"FNA2AA_filterlen33","Bryophyta","NO_CLADE",NA,"NO_CLADE","Missing"
NA,"FNA2AA_filterlen33","Bryophyta","IS_MONO_INCOMPLETE",100,"IS_MONO_INCOMPLETE","Strongly Supported"
NA,"FNA2AA_filterlen33","Bryophyta","IS_MONO_INCOMPLETE",88,"IS_MONO_INCOMPLETE","Strongly Supported"
NA,"FNA2AA_filterlen33","Bryophyta","NOT_MONO",NA,"NOT_MONO","Strongly Reject"
NA,"FNA2AA_filterlen33","Bryophyta","IS_MONO_INCOMPLETE",74,"CAN_MONO_INCOMPLETE","Weakly Supported"
NA,"FNA2AA_filterlen33","Bryophyta","IS_MONO_INCOMPLETE",100,"IS_MONO_INCOMPLETE","Strongly Supported"
NA,"FNA2AA_filterlen33","Bryophyta","IS_MONO_INCOMPLETE",92,"IS_MONO_INCOMPLETE","Strongly Supported"
NA,"FNA2AA_filterlen33","Bryophyta","IS_MONO_INCOMPLETE",93,"IS_MONO_INCOMPLETE","Strongly Supported"
NA,"FNA2AA_filterlen33","Bryophyta","IS_MONO_INCOMPLETE",99,"IS_MONO_INCOMPLETE","Strongly Supported"
NA,"FNA2AA_filterlen33","Bryophyta","IS_MONO_INCOMPLETE",100,"IS_MONO_INCOMPLETE","Strongly Supported"
NA,"FNA2AA_filterlen33","Bryophyta","IS_MONO_INCOMPLETE",74,"CAN_MONO_INCOMPLETE","Weakly Supported"
NA,"FNA2AA_filterlen33","Bryophyta","IS_MONO_INCOMPLETE",87,"IS_MONO_INCOMPLETE","Strongly Supported"
NA,"FNA2AA_filterlen33","Bryophyta","IS_MONO_INCOMPLETE",100,"IS_MONO_INCOMPLETE","Strongly Supported"
NA,"FNA2AA_filterlen33","Bryophyta","IS_MONO_INCOMPLETE",94,"IS_MONO_INCOMPLETE","Strongly Supported"
NA,"FNA2AA_filterlen33","Bryophyta","NOT_MONO",NA,"CAN_MONO_INCOMPLETE","Weakly Reject"
NA,"FNA2AA_filterlen33","Bryophyta","NO_CLADE",NA,"NO_CLADE","Missing"
NA,"FNA2AA_filterlen33","Bryophyta","IS_MONO_INCOMPLETE",100,"IS_MONO_INCOMPLETE","Strongly Supported"
NA,"FNA2AA_filterlen33","Bryophyta","IS_MONO_INCOMPLETE",100,"IS_MONO_INCOMPLETE","Strongly Supported"
NA,"FNA2AA_filterlen33","Bryophyta","NOT_MONO",NA,"CAN_MONO","Weakly Reject"
NA,"FNA2AA_filterlen33","Bryophyta","IS_MONO_INCOMPLETE",73,"CAN_MONO_INCOMPLETE","Weakly Supported"
NA,"FNA2AA_filterlen33","Bryophyta","IS_MONO_INCOMPLETE",100,"IS_MONO_INCOMPLETE","Strongly Supported"
NA,"FNA2AA_filterlen33","Bryophyta","IS_MONO_INCOMPLETE",100,"IS_MONO_INCOMPLETE","Strongly Supported"
NA,"FNA2AA_filterlen33","Bryophyta","NOT_MONO",NA,"NOT_MONO","Strongly Reject"
NA,"FNA2AA_filterlen33","Bryophyta","IS_MONO_INCOMPLETE",82,"IS_MONO_INCOMPLETE","Strongly Supported"
NA,"FNA2AA_filterlen33","Bryophyta","IS_MONO_INCOMPLETE",98,"IS_MONO_INCOMPLETE","Strongly Supported"
NA,"FNA2AA_filterlen33","Bryophyta","NO_CLADE",NA,"NO_CLADE","Missing"
NA,"FNA2AA_filterlen33","Bryophyta","IS_MONO_INCOMPLETE",99,"IS_MONO_INCOMPLETE","Strongly Supported"
NA,"FNA2AA_filterlen33","Bryophyta","NOT_MONO",NA,"NOT_MONO","Strongly Reject"
NA,"FNA2AA_filterlen33","Bryophyta","NO_CLADE",NA,"NO_CLADE","Missing"
NA,"FNA2AA_filterlen33","Bryophyta","IS_MONO_INCOMPLETE",99,"IS_MONO_INCOMPLETE","Strongly Supported"
NA,"FNA2AA_filterlen33","Bryophyta","NO_CLADE",NA,"NO_CLADE","Missing"
NA,"FNA2AA_filterlen33","Bryophyta","IS_MONO",79,"IS_MONO","Strongly Supported"
NA,"FNA2AA_filterlen33","Bryophyta","IS_MONO_INCOMPLETE",100,"IS_MONO_INCOMPLETE","Strongly Supported"
NA,"FNA2AA_filterlen33","Bryophyta","IS_MONO_INCOMPLETE",100,"IS_MONO_INCOMPLETE","Strongly Supported"
NA,"FNA2AA_filterlen33","Bryophyta","IS_MONO_INCOMPLETE",100,"IS_MONO_INCOMPLETE","Strongly Supported"
NA,"FNA2AA_filterlen33","Bryophyta","IS_MONO_INCOMPLETE",100,"IS_MONO_INCOMPLETE","Strongly Supported"
NA,"FNA2AA_filterlen33","Bryophyta","NOT_MONO",NA,"NOT_MONO","Strongly Reject"
NA,"FNA2AA_filterlen33","Bryophyta","IS_MONO_INCOMPLETE",100,"IS_MONO_INCOMPLETE","Strongly Supported"
NA,"FNA2AA_filterlen33","Bryophyta","IS_MONO_INCOMPLETE",100,"IS_MONO_INCOMPLETE","Strongly Supported"
NA,"FNA2AA_filterlen33","Bryophyta","IS_MONO_INCOMPLETE",100,"IS_MONO_INCOMPLETE","Strongly Supported"
NA,"FNA2AA_filterlen33","Bryophyta","IS_MONO_INCOMPLETE",100,"IS_MONO_INCOMPLETE","Strongly Supported"
NA,"FNA2AA_filterlen33","Bryophyta","IS_MONO_INCOMPLETE",91,"IS_MONO_INCOMPLETE","Strongly Supported"
NA,"FNA2AA_filterlen33","Bryophyta","IS_MONO_INCOMPLETE",100,"IS_MONO_INCOMPLETE","Strongly Supported"
NA,"FNA2AA_filterlen33","Bryophyta","IS_MONO_INCOMPLETE",100,"IS_MONO_INCOMPLETE","Strongly Supported"
NA,"FNA2AA_filterlen33","Bryophyta","IS_MONO_INCOMPLETE",64,"CAN_MONO_INCOMPLETE","Weakly Supported"
NA,"FNA2AA_filterlen33","Bryophyta","IS_MONO_INCOMPLETE",98,"IS_MONO_INCOMPLETE","Strongly Supported"
NA,"FNA2AA_filterlen33","Bryophyta","IS_MONO_INCOMPLETE",100,"IS_MONO_INCOMPLETE","Strongly Supported"
NA,"FNA2AA_filterlen33","Bryophyta","IS_MONO_INCOMPLETE",41,"CAN_MONO_INCOMPLETE","Weakly Supported"
NA,"FNA2AA_filterlen33","Bryophyta","IS_MONO_INCOMPLETE",98,"IS_MONO_INCOMPLETE","Strongly Supported"
NA,"FNA2AA_filterlen33","Bryophyta","IS_MONO_INCOMPLETE",100,"IS_MONO_INCOMPLETE","Strongly Supported"
NA,"FNA2AA_filterlen33","Bryophyta","NOT_MONO",NA,"CAN_MONO_INCOMPLETE","Weakly Reject"
NA,"FNA2AA_filterlen33","Bryophyta","NOT_MONO",NA,"NOT_MONO","Strongly Reject"
NA,"FNA2AA_filterlen33","Bryophyta","IS_MONO_INCOMPLETE",99,"IS_MONO_INCOMPLETE","Strongly Supported"
NA,"FNA2AA_filterlen33","Bryophyta","IS_MONO_INCOMPLETE",89,"IS_MONO_INCOMPLETE","Strongly Supported"
NA,"FNA2AA_filterlen33","Bryophyta","IS_MONO_INCOMPLETE",100,"IS_MONO_INCOMPLETE","Strongly Supported"
NA,"FNA2AA_filterlen33","Bryophyta","NO_CLADE",NA,"NO_CLADE","Missing"
NA,"FNA2AA_filterlen33","Bryophyta","IS_MONO",76,"IS_MONO","Strongly Supported"
NA,"FNA2AA_filterlen33","Bryophyta","IS_MONO_INCOMPLETE",100,"IS_MONO_INCOMPLETE","Strongly Supported"
NA,"FNA2AA_filterlen33","Bryophyta","IS_MONO_INCOMPLETE",59,"CAN_MONO_INCOMPLETE","Weakly Supported"
NA,"FNA2AA_filterlen33","Bryophyta","IS_MONO_INCOMPLETE",99,"IS_MONO_INCOMPLETE","Strongly Supported"
NA,"FNA2AA_filterlen33","Bryophyta","IS_MONO_INCOMPLETE",91,"IS_MONO_INCOMPLETE","Strongly Supported"
NA,"FNA2AA_filterlen33","Bryophyta","IS_MONO_INCOMPLETE",95,"IS_MONO_INCOMPLETE","Strongly Supported"
NA,"FNA2AA_filterlen33","Bryophyta","IS_MONO_INCOMPLETE",100,"IS_MONO_INCOMPLETE","Strongly Supported"
NA,"FNA2AA_filterlen33","Bryophyta","NO_CLADE",NA,"NO_CLADE","Missing"
NA,"FNA2AA_filterlen33","Bryophyta","IS_MONO_INCOMPLETE",100,"IS_MONO_INCOMPLETE","Strongly Supported"
NA,"FNA2AA_filterlen33","Bryophyta","IS_MONO_INCOMPLETE",100,"IS_MONO_INCOMPLETE","Strongly Supported"
NA,"FNA2AA_filterlen33","Bryophyta","IS_MONO_INCOMPLETE",79,"IS_MONO_INCOMPLETE","Strongly Supported"
NA,"FNA2AA_filterlen33","Bryophyta","NO_CLADE",NA,"NO_CLADE","Missing"
NA,"FNA2AA_filterlen33","Bryophyta","NO_CLADE",NA,"NO_CLADE","Missing"
NA,"FNA2AA_filterlen33","Bryophyta","IS_MONO_INCOMPLETE",100,"IS_MONO_INCOMPLETE","Strongly Supported"
NA,"FNA2AA_filterlen33","Bryophyta","IS_MONO_INCOMPLETE",100,"IS_MONO_INCOMPLETE","Strongly Supported"
NA,"FNA2AA_filterlen33","Bryophyta","NOT_MONO",NA,"NOT_MONO","Strongly Reject"
NA,"FNA2AA_filterlen33","Bryophyta","NO_CLADE",NA,"NO_CLADE","Missing"
NA,"FNA2AA_filterlen33","Bryophyta","IS_MONO_INCOMPLETE",100,"IS_MONO_INCOMPLETE","Strongly Supported"
NA,"FNA2AA_filterlen33","Bryophyta","IS_MONO_INCOMPLETE",98,"IS_MONO_INCOMPLETE","Strongly Supported"
NA,"FNA2AA_filterlen33","Bryophyta","IS_MONO_INCOMPLETE",97,"IS_MONO_INCOMPLETE","Strongly Supported"
NA,"FNA2AA_filterlen33","Bryophyta","IS_MONO_INCOMPLETE",100,"IS_MONO_INCOMPLETE","Strongly Supported"
NA,"FNA2AA_filterlen33","Bryophyta","IS_MONO_INCOMPLETE",71,"CAN_MONO_INCOMPLETE","Weakly Supported"
NA,"FNA2AA_filterlen33","Bryophyta","IS_MONO_INCOMPLETE",99,"IS_MONO_INCOMPLETE","Strongly Supported"
NA,"FNA2AA_filterlen33","Bryophyta","NO_CLADE",NA,"NO_CLADE","Missing"
NA,"FNA2AA_filterlen33","Bryophyta","NO_CLADE",NA,"NO_CLADE","Missing"
NA,"FNA2AA_filterlen33","Bryophyta","NOT_MONO",NA,"NOT_MONO","Strongly Reject"
NA,"FNA2AA_filterlen33","Bryophyta","IS_MONO_INCOMPLETE",58,"CAN_MONO_INCOMPLETE","Weakly Supported"
NA,"FNA2AA_filterlen33","Bryophyta","IS_MONO_INCOMPLETE",97,"IS_MONO_INCOMPLETE","Strongly Supported"
NA,"FNA2AA_filterlen33","Bryophyta","IS_MONO_INCOMPLETE",92,"IS_MONO_INCOMPLETE","Strongly Supported"
NA,"FNA2AA_filterlen33","Bryophyta","IS_MONO_INCOMPLETE",100,"IS_MONO_INCOMPLETE","Strongly Supported"
NA,"FNA2AA_filterlen33","Bryophyta","IS_MONO_INCOMPLETE",82,"IS_MONO_INCOMPLETE","Strongly Supported"
NA,"FNA2AA_filterlen33","Bryophyta","IS_MONO_INCOMPLETE",100,"IS_MONO_INCOMPLETE","Strongly Supported"
NA,"FNA2AA_filterlen33","Bryophyta","IS_MONO_INCOMPLETE",88,"IS_MONO_INCOMPLETE","Strongly Supported"
NA,"FNA2AA_filterlen33","Bryophyta","IS_MONO_INCOMPLETE",100,"IS_MONO_INCOMPLETE","Strongly Supported"
NA,"FNA2AA_filterlen33","Bryophyta","IS_MONO_INCOMPLETE",94,"IS_MONO_INCOMPLETE","Strongly Supported"
NA,"FNA2AA_filterlen33","Bryophyta","NOT_MONO",NA,"NOT_MONO","Strongly Reject"
NA,"FNA2AA_filterlen33","Bryophyta","IS_MONO_INCOMPLETE",27,"CAN_MONO_INCOMPLETE","Weakly Supported"
NA,"FNA2AA_filterlen33","Bryophyta","IS_MONO_INCOMPLETE",100,"IS_MONO_INCOMPLETE","Strongly Supported"
NA,"FNA2AA_filterlen33","Bryophyta","IS_MONO_INCOMPLETE",98,"IS_MONO_INCOMPLETE","Strongly Supported"
NA,"FNA2AA_filterlen33","Bryophyta","IS_MONO_INCOMPLETE",100,"IS_MONO_INCOMPLETE","Strongly Supported"
NA,"FNA2AA_filterlen33","Bryophyta","IS_MONO_INCOMPLETE",86,"IS_MONO_INCOMPLETE","Strongly Supported"
NA,"FNA2AA_filterlen33","Bryophyta","IS_MONO_INCOMPLETE",72,"CAN_MONO_INCOMPLETE","Weakly Supported"
NA,"FNA2AA_filterlen33","Bryophyta","IS_MONO_INCOMPLETE",100,"IS_MONO_INCOMPLETE","Strongly Supported"
NA,"FNA2AA_filterlen33","Bryophyta","NO_CLADE",NA,"NO_CLADE","Missing"
NA,"FNA2AA_filterlen33","Bryophyta","NOT_MONO",NA,"CAN_MONO_INCOMPLETE","Weakly Reject"
NA,"FNA2AA_filterlen33","Bryophyta","NOT_MONO",NA,"CAN_MONO_INCOMPLETE","Weakly Reject"
NA,"FNA2AA_filterlen33","Bryophyta","NOT_MONO",NA,"CAN_MONO_INCOMPLETE","Weakly Reject"
NA,"FNA2AA_filterlen33","Bryophyta","IS_MONO_INCOMPLETE",97,"IS_MONO_INCOMPLETE","Strongly Supported"
NA,"FNA2AA_filterlen33","Bryophyta","NO_CLADE",NA,"NO_CLADE","Missing"
NA,"FNA2AA_filterlen33","Bryophyta","IS_MONO_INCOMPLETE",100,"IS_MONO_INCOMPLETE","Strongly Supported"
NA,"FNA2AA_filterlen33","Bryophyta","NOT_MONO",NA,"CAN_MONO_INCOMPLETE","Weakly Reject"
NA,"FNA2AA_filterlen33","Bryophyta","NO_CLADE",NA,"NO_CLADE","Missing"
NA,"FNA2AA_filterlen33","Bryophyta","IS_MONO_INCOMPLETE",8,"CAN_MONO_INCOMPLETE","Weakly Supported"
NA,"FNA2AA_filterlen33","Bryophyta","IS_MONO_INCOMPLETE",99,"IS_MONO_INCOMPLETE","Strongly Supported"
NA,"FNA2AA_filterlen33","Bryophyta","NOT_MONO",NA,"NOT_MONO","Strongly Reject"
NA,"FNA2AA_filterlen33","Bryophyta","IS_MONO_INCOMPLETE",100,"IS_MONO_INCOMPLETE","Strongly Supported"
NA,"FNA2AA_filterlen33","Bryophyta","IS_MONO_INCOMPLETE",65,"CAN_MONO_INCOMPLETE","Weakly Supported"
NA,"FNA2AA_filterlen33","Bryophyta","IS_MONO_INCOMPLETE",99,"IS_MONO_INCOMPLETE","Strongly Supported"
NA,"FNA2AA_filterlen33","Bryophyta","NOT_MONO",NA,"CAN_MONO_INCOMPLETE","Weakly Reject"
NA,"FNA2AA_filterlen33","Bryophyta","IS_MONO_INCOMPLETE",99,"IS_MONO_INCOMPLETE","Strongly Supported"
NA,"FNA2AA_filterlen33","Bryophyta","IS_MONO_INCOMPLETE",98,"IS_MONO_INCOMPLETE","Strongly Supported"
NA,"FNA2AA_filterlen33","Bryophyta","IS_MONO_INCOMPLETE",99,"IS_MONO_INCOMPLETE","Strongly Supported"
NA,"FNA2AA_filterlen33","Bryophyta","IS_MONO_INCOMPLETE",100,"IS_MONO_INCOMPLETE","Strongly Supported"
NA,"FNA2AA_filterlen33","Bryophyta","IS_MONO_INCOMPLETE",100,"IS_MONO_INCOMPLETE","Strongly Supported"
NA,"FNA2AA_filterlen33","Bryophyta","IS_MONO_INCOMPLETE",100,"IS_MONO_INCOMPLETE","Strongly Supported"
NA,"FNA2AA_filterlen33","Bryophyta","IS_MONO_INCOMPLETE",100,"IS_MONO_INCOMPLETE","Strongly Supported"
NA,"FNA2AA_filterlen33","Bryophyta","IS_MONO_INCOMPLETE",91,"IS_MONO_INCOMPLETE","Strongly Supported"
NA,"FNA2AA_filterlen33","Bryophyta","NOT_MONO",NA,"CAN_MONO_INCOMPLETE","Weakly Reject"
NA,"FNA2AA_filterlen33","Bryophyta","IS_MONO_INCOMPLETE",100,"IS_MONO_INCOMPLETE","Strongly Supported"
NA,"FNA2AA_filterlen33","Bryophyta","IS_MONO_INCOMPLETE",100,"IS_MONO_INCOMPLETE","Strongly Supported"
NA,"FNA2AA_filterlen33","Bryophyta","NO_CLADE",NA,"NO_CLADE","Missing"
NA,"FNA2AA_filterlen33","Bryophyta","IS_MONO_INCOMPLETE",98,"IS_MONO_INCOMPLETE","Strongly Supported"
NA,"FNA2AA_filterlen33","Bryophyta","IS_MONO_INCOMPLETE",98,"IS_MONO_INCOMPLETE","Strongly Supported"
NA,"FNA2AA_filterlen33","Bryophyta","IS_MONO_INCOMPLETE",91,"IS_MONO_INCOMPLETE","Strongly Supported"
NA,"FNA2AA_filterlen33","Bryophyta","IS_MONO_INCOMPLETE",100,"IS_MONO_INCOMPLETE","Strongly Supported"
NA,"FNA2AA_filterlen33","Bryophyta","IS_MONO_INCOMPLETE",97,"IS_MONO_INCOMPLETE","Strongly Supported"
NA,"FNA2AA_filterlen33","Bryophyta","NOT_MONO",NA,"NOT_MONO","Strongly Reject"
NA,"FNA2AA_filterlen33","Bryophyta","IS_MONO_INCOMPLETE",98,"IS_MONO_INCOMPLETE","Strongly Supported"
NA,"FNA2AA_filterlen33","Bryophyta","IS_MONO_INCOMPLETE",78,"IS_MONO_INCOMPLETE","Strongly Supported"
NA,"FNA2AA_filterlen33","Bryophyta","IS_MONO_INCOMPLETE",85,"IS_MONO_INCOMPLETE","Strongly Supported"
NA,"FNA2AA_filterlen33","Bryophyta","IS_MONO_INCOMPLETE",100,"IS_MONO_INCOMPLETE","Strongly Supported"
NA,"FNA2AA_filterlen33","Bryophyta","IS_MONO_INCOMPLETE",98,"IS_MONO_INCOMPLETE","Strongly Supported"
NA,"FNA2AA_filterlen33","Bryophyta","IS_MONO_INCOMPLETE",49,"CAN_MONO_INCOMPLETE","Weakly Supported"
NA,"FNA2AA_filterlen33","Bryophyta","IS_MONO",100,"IS_MONO","Strongly Supported"
NA,"FNA2AA_filterlen33","Bryophyta","NO_CLADE",NA,"NO_CLADE","Missing"
NA,"FNA2AA_filterlen33","Bryophyta","NO_CLADE",NA,"NO_CLADE","Missing"
NA,"FNA2AA_filterlen33","Bryophyta","IS_MONO_INCOMPLETE",100,"IS_MONO_INCOMPLETE","Strongly Supported"
NA,"FNA2AA_filterlen33","Bryophyta","IS_MONO_INCOMPLETE",100,"IS_MONO_INCOMPLETE","Strongly Supported"
NA,"FNA2AA_filterlen33","Bryophyta","IS_MONO",31,"CAN_MONO","Weakly Supported"
NA,"FNA2AA_filterlen33","Bryophyta","IS_MONO_INCOMPLETE",90,"IS_MONO_INCOMPLETE","Strongly Supported"
NA,"FNA2AA_filterlen33","Bryophyta","IS_MONO_INCOMPLETE",95,"IS_MONO_INCOMPLETE","Strongly Supported"
NA,"FNA2AA_filterlen33","Bryophyta","IS_MONO_INCOMPLETE",78,"IS_MONO_INCOMPLETE","Strongly Supported"
NA,"FNA2AA_filterlen33","Bryophyta","IS_MONO_INCOMPLETE",21,"CAN_MONO_INCOMPLETE","Weakly Supported"
NA,"FNA2AA_filterlen33","Bryophyta","IS_MONO_INCOMPLETE",80,"IS_MONO_INCOMPLETE","Strongly Supported"
NA,"FNA2AA_filterlen33","Bryophyta","IS_MONO_INCOMPLETE",98,"IS_MONO_INCOMPLETE","Strongly Supported"
NA,"FNA2AA_filterlen33","Bryophyta","IS_MONO_INCOMPLETE",92,"IS_MONO_INCOMPLETE","Strongly Supported"
NA,"FNA2AA_filterlen33","Bryophyta","IS_MONO_INCOMPLETE",91,"IS_MONO_INCOMPLETE","Strongly Supported"
NA,"FNA2AA_filterlen33","Bryophyta","IS_MONO_INCOMPLETE",88,"IS_MONO_INCOMPLETE","Strongly Supported"
NA,"FNA2AA_filterlen33","Bryophyta","NO_CLADE",NA,"NO_CLADE","Missing"
NA,"FNA2AA_filterlen33","Bryophyta","IS_MONO",92,"IS_MONO","Strongly Supported"
NA,"FNA2AA_filterlen33","Bryophyta","NO_CLADE",NA,"NO_CLADE","Missing"
NA,"FNA2AA_filterlen33","Bryophyta","NO_CLADE",NA,"NO_CLADE","Missing"
NA,"FNA2AA_filterlen33","Bryophyta","IS_MONO_INCOMPLETE",100,"IS_MONO_INCOMPLETE","Strongly Supported"
NA,"FNA2AA_filterlen33","Bryophyta","IS_MONO_INCOMPLETE",97,"IS_MONO_INCOMPLETE","Strongly Supported"
NA,"FNA2AA_filterlen33","Bryophyta","IS_MONO_INCOMPLETE",99,"IS_MONO_INCOMPLETE","Strongly Supported"
NA,"FNA2AA_filterlen33","Bryophyta","NOT_MONO",NA,"NOT_MONO","Strongly Reject"
NA,"FNA2AA_filterlen33","Bryophyta","IS_MONO_INCOMPLETE",88,"IS_MONO_INCOMPLETE","Strongly Supported"
NA,"FNA2AA_filterlen33","Bryophyta","IS_MONO_INCOMPLETE",98,"IS_MONO_INCOMPLETE","Strongly Supported"
NA,"FNA2AA_filterlen33","Bryophyta","IS_MONO_INCOMPLETE",95,"IS_MONO_INCOMPLETE","Strongly Supported"
NA,"FNA2AA_filterlen33","Bryophyta","IS_MONO_INCOMPLETE",42,"CAN_MONO_INCOMPLETE","Weakly Supported"
NA,"FNA2AA_filterlen33","Bryophyta","IS_MONO_INCOMPLETE",100,"IS_MONO_INCOMPLETE","Strongly Supported"
NA,"FNA2AA_filterlen33","Bryophyta","IS_MONO_INCOMPLETE",97,"IS_MONO_INCOMPLETE","Strongly Supported"
NA,"FNA2AA_filterlen33","Bryophyta","NO_CLADE",NA,"NO_CLADE","Missing"
NA,"FNA2AA_filterlen33","Bryophyta","IS_MONO_INCOMPLETE",100,"IS_MONO_INCOMPLETE","Strongly Supported"
NA,"FNA2AA_filterlen33","Bryophyta","IS_MONO_INCOMPLETE",98,"IS_MONO_INCOMPLETE","Strongly Supported"
NA,"FNA2AA_filterlen33","Bryophyta","IS_MONO_INCOMPLETE",97,"IS_MONO_INCOMPLETE","Strongly Supported"
NA,"FNA2AA_filterlen33","Bryophyta","IS_MONO_INCOMPLETE",60,"CAN_MONO_INCOMPLETE","Weakly Supported"
NA,"FNA2AA_filterlen33","Bryophyta","IS_MONO_INCOMPLETE",34,"CAN_MONO_INCOMPLETE","Weakly Supported"
NA,"FNA2AA_filterlen33","Bryophyta","IS_MONO_INCOMPLETE",100,"IS_MONO_INCOMPLETE","Strongly Supported"
NA,"FNA2AA_filterlen33","Bryophyta","NO_CLADE",NA,"NO_CLADE","Missing"
NA,"FNA2AA_filterlen33","Bryophyta","NOT_MONO",NA,"CAN_MONO_INCOMPLETE","Weakly Reject"
NA,"FNA2AA_filterlen33","Bryophyta","NO_CLADE",NA,"NO_CLADE","Missing"
NA,"FNA2AA_filterlen33","Bryophyta","IS_MONO_INCOMPLETE",52,"CAN_MONO_INCOMPLETE","Weakly Supported"
NA,"FNA2AA_filterlen33","Bryophyta","IS_MONO_INCOMPLETE",99,"IS_MONO_INCOMPLETE","Strongly Supported"
NA,"FNA2AA_filterlen33","Bryophyta","IS_MONO_INCOMPLETE",100,"IS_MONO_INCOMPLETE","Strongly Supported"
NA,"FNA2AA_filterlen33","Bryophyta","IS_MONO_INCOMPLETE",100,"IS_MONO_INCOMPLETE","Strongly Supported"
NA,"FNA2AA_filterlen33","Bryophyta","IS_MONO_INCOMPLETE",100,"IS_MONO_INCOMPLETE","Strongly Supported"
NA,"FNA2AA_filterlen33","Bryophyta","IS_MONO_INCOMPLETE",78,"IS_MONO_INCOMPLETE","Strongly Supported"
NA,"FNA2AA_filterlen33","Bryophyta","IS_MONO_INCOMPLETE",95,"IS_MONO_INCOMPLETE","Strongly Supported"
NA,"FNA2AA_filterlen33","Bryophyta","NOT_MONO",NA,"CAN_MONO_INCOMPLETE","Weakly Reject"
NA,"FNA2AA_filterlen33","Bryophyta","NO_CLADE",NA,"NO_CLADE","Missing"
NA,"FNA2AA_filterlen33","Bryophyta","IS_MONO_INCOMPLETE",100,"IS_MONO_INCOMPLETE","Strongly Supported"
NA,"FNA2AA_filterlen33","Bryophyta","IS_MONO_INCOMPLETE",95,"IS_MONO_INCOMPLETE","Strongly Supported"
NA,"FNA2AA_filterlen33","Bryophyta","NO_CLADE",NA,"NO_CLADE","Missing"
NA,"FNA2AA_filterlen33","Bryophyta","NO_CLADE",NA,"NO_CLADE","Missing"
NA,"FNA2AA_filterlen33","Bryophyta","IS_MONO_INCOMPLETE",100,"IS_MONO_INCOMPLETE","Strongly Supported"
NA,"FNA2AA_filterlen33","Bryophyta","NO_CLADE",NA,"NO_CLADE","Missing"
NA,"FNA2AA_filterlen33","Bryophyta","IS_MONO",99,"IS_MONO","Strongly Supported"
NA,"FNA2AA_filterlen33","Bryophyta","NOT_MONO",NA,"NOT_MONO","Strongly Reject"
NA,"FNA2AA_filterlen33","Bryophyta","NO_CLADE",NA,"NO_CLADE","Missing"
NA,"FNA2AA_filterlen33","Bryophyta","IS_MONO_INCOMPLETE",100,"IS_MONO_INCOMPLETE","Strongly Supported"
NA,"FNA2AA_filterlen33","Bryophyta","NO_CLADE",NA,"NO_CLADE","Missing"
NA,"FNA2AA_filterlen33","Bryophyta","NO_CLADE",NA,"NO_CLADE","Missing"
NA,"FNA2AA_filterlen33","Bryophyta","IS_MONO_INCOMPLETE",90,"IS_MONO_INCOMPLETE","Strongly Supported"
NA,"FNA2AA_filterlen33","Bryophyta","IS_MONO_INCOMPLETE",100,"IS_MONO_INCOMPLETE","Strongly Supported"
NA,"FNA2AA_filterlen33","Bryophyta","IS_MONO_INCOMPLETE",100,"IS_MONO_INCOMPLETE","Strongly Supported"
NA,"FNA2AA_filterlen33","Bryophyta","IS_MONO_INCOMPLETE",100,"IS_MONO_INCOMPLETE","Strongly Supported"
NA,"FNA2AA_filterlen33","Bryophyta","IS_MONO_INCOMPLETE",100,"IS_MONO_INCOMPLETE","Strongly Supported"
NA,"FNA2AA_filterlen33","Bryophyta","IS_MONO_INCOMPLETE",100,"IS_MONO_INCOMPLETE","Strongly Supported"
NA,"FNA2AA_filterlen33","Bryophyta","NOT_MONO",NA,"CAN_MONO_INCOMPLETE","Weakly Reject"
NA,"FNA2AA_filterlen33","Bryophyta","NO_CLADE",NA,"NO_CLADE","Missing"
NA,"FNA2AA_filterlen33","Bryophyta","IS_MONO_INCOMPLETE",99,"IS_MONO_INCOMPLETE","Strongly Supported"
NA,"FNA2AA_filterlen33","Bryophyta","IS_MONO_INCOMPLETE",100,"IS_MONO_INCOMPLETE","Strongly Supported"
NA,"FNA2AA_filterlen33","Bryophyta","NOT_MONO",NA,"CAN_MONO_INCOMPLETE","Weakly Reject"
NA,"FNA2AA_filterlen33","Bryophyta","IS_MONO_INCOMPLETE",100,"IS_MONO_INCOMPLETE","Strongly Supported"
NA,"FNA2AA_filterlen33","Bryophyta","IS_MONO_INCOMPLETE",100,"IS_MONO_INCOMPLETE","Strongly Supported"
NA,"FNA2AA_filterlen33","Bryophyta","IS_MONO_INCOMPLETE",96,"IS_MONO_INCOMPLETE","Strongly Supported"
NA,"FNA2AA_filterlen33","Bryophyta","IS_MONO_INCOMPLETE",100,"IS_MONO_INCOMPLETE","Strongly Supported"
NA,"FNA2AA_filterlen33","Bryophyta","IS_MONO_INCOMPLETE",100,"IS_MONO_INCOMPLETE","Strongly Supported"
NA,"FNA2AA_filterlen33","Bryophyta","IS_MONO_INCOMPLETE",96,"IS_MONO_INCOMPLETE","Strongly Supported"
NA,"FNA2AA_filterlen33","Bryophyta","IS_MONO_INCOMPLETE",100,"IS_MONO_INCOMPLETE","Strongly Supported"
NA,"FNA2AA_filterlen33","Bryophyta","IS_MONO_INCOMPLETE",100,"IS_MONO_INCOMPLETE","Strongly Supported"
NA,"FNA2AA_filterlen33","Bryophyta","NOT_MONO",NA,"CAN_MONO_INCOMPLETE","Weakly Reject"
NA,"FNA2AA_filterlen33","Bryophyta","IS_MONO_INCOMPLETE",100,"IS_MONO_INCOMPLETE","Strongly Supported"
NA,"FNA2AA_filterlen33","Bryophyta","NO_CLADE",NA,"NO_CLADE","Missing"
NA,"FNA2AA_filterlen33","Bryophyta","IS_MONO_INCOMPLETE",100,"IS_MONO_INCOMPLETE","Strongly Supported"
NA,"FNA2AA_filterlen33","Bryophyta","NO_CLADE",NA,"NO_CLADE","Missing"
NA,"FNA2AA_filterlen33","Bryophyta","IS_MONO_INCOMPLETE",94,"IS_MONO_INCOMPLETE","Strongly Supported"
NA,"FNA2AA_filterlen33","Bryophyta","IS_MONO_INCOMPLETE",100,"IS_MONO_INCOMPLETE","Strongly Supported"
NA,"FNA2AA_filterlen33","Bryophyta","IS_MONO_INCOMPLETE",74,"CAN_MONO_INCOMPLETE","Weakly Supported"
NA,"FNA2AA_filterlen33","Bryophyta","IS_MONO_INCOMPLETE",98,"IS_MONO_INCOMPLETE","Strongly Supported"
NA,"FNA2AA_filterlen33","Bryophyta","IS_MONO_INCOMPLETE",100,"IS_MONO_INCOMPLETE","Strongly Supported"
NA,"FNA2AA_filterlen33","Bryophyta","IS_MONO_INCOMPLETE",100,"IS_MONO_INCOMPLETE","Strongly Supported"
NA,"FNA2AA_filterlen33","Bryophyta","IS_MONO_INCOMPLETE",100,"IS_MONO_INCOMPLETE","Strongly Supported"
NA,"FNA2AA_filterlen33","Bryophyta","IS_MONO_INCOMPLETE",100,"IS_MONO_INCOMPLETE","Strongly Supported"
NA,"FNA2AA_filterlen33","Bryophyta","NO_CLADE",NA,"NO_CLADE","Missing"
NA,"FNA2AA_filterlen33","Bryophyta","IS_MONO_INCOMPLETE",83,"IS_MONO_INCOMPLETE","Strongly Supported"
NA,"FNA2AA_filterlen33","Bryophyta","IS_MONO_INCOMPLETE",97,"IS_MONO_INCOMPLETE","Strongly Supported"
NA,"FNA2AA_filterlen33","Bryophyta","IS_MONO_INCOMPLETE",85,"IS_MONO_INCOMPLETE","Strongly Supported"
NA,"FNA2AA_filterlen33","Bryophyta","NO_CLADE",NA,"NO_CLADE","Missing"
NA,"FNA2AA_filterlen33","Bryophyta","IS_MONO_INCOMPLETE",100,"IS_MONO_INCOMPLETE","Strongly Supported"
NA,"FNA2AA_filterlen33","Bryophyta","IS_MONO_INCOMPLETE",100,"IS_MONO_INCOMPLETE","Strongly Supported"
NA,"FNA2AA_filterlen33","Bryophyta","IS_MONO",85,"IS_MONO","Strongly Supported"
NA,"FNA2AA_filterlen33","Bryophyta","IS_MONO_INCOMPLETE",96,"IS_MONO_INCOMPLETE","Strongly Supported"
NA,"FNA2AA_filterlen33","Bryophyta","IS_MONO_INCOMPLETE",88,"IS_MONO_INCOMPLETE","Strongly Supported"
NA,"FNA2AA_filterlen33","Bryophyta","IS_MONO",99,"IS_MONO","Strongly Supported"
NA,"FNA2AA_filterlen33","Bryophyta","NO_CLADE",NA,"NO_CLADE","Missing"
NA,"FNA2AA_filterlen33","Bryophyta","IS_MONO_INCOMPLETE",47,"CAN_MONO_INCOMPLETE","Weakly Supported"
NA,"FNA2AA_filterlen33","Bryophyta","IS_MONO_INCOMPLETE",100,"IS_MONO_INCOMPLETE","Strongly Supported"
NA,"FNA2AA_filterlen33","Bryophyta","CAN_MONO_INCOMPLETE",NA,"CAN_MONO_INCOMPLETE","Weakly Reject"
NA,"FNA2AA_filterlen33","Bryophyta","IS_MONO_INCOMPLETE",94,"IS_MONO_INCOMPLETE","Strongly Supported"
NA,"FNA2AA_filterlen33","Bryophyta","IS_MONO_INCOMPLETE",100,"IS_MONO_INCOMPLETE","Strongly Supported"
NA,"FNA2AA_filterlen33","Bryophyta","IS_MONO_INCOMPLETE",97,"IS_MONO_INCOMPLETE","Strongly Supported"
NA,"FNA2AA_filterlen33","Bryophyta","IS_MONO_INCOMPLETE",100,"IS_MONO_INCOMPLETE","Strongly Supported"
NA,"FNA2AA_filterlen33","Bryophyta","NOT_MONO",NA,"CAN_MONO_INCOMPLETE","Weakly Reject"
NA,"FNA2AA_filterlen33","Bryophyta","IS_MONO_INCOMPLETE",98,"IS_MONO_INCOMPLETE","Strongly Supported"
NA,"FNA2AA_filterlen33","Bryophyta","IS_MONO",100,"IS_MONO","Strongly Supported"
NA,"FNA2AA_filterlen33","Bryophyta","IS_MONO_INCOMPLETE",100,"IS_MONO_INCOMPLETE","Strongly Supported"
NA,"FNA2AA_filterlen33","Bryophyta","IS_MONO_INCOMPLETE",100,"IS_MONO_INCOMPLETE","Strongly Supported"
NA,"FNA2AA_filterlen33","Bryophyta","IS_MONO_INCOMPLETE",98,"IS_MONO_INCOMPLETE","Strongly Supported"
NA,"FNA2AA_filterlen33","Bryophyta","IS_MONO_INCOMPLETE",64,"CAN_MONO_INCOMPLETE","Weakly Supported"
NA,"FNA2AA_filterlen33","Bryophyta","IS_MONO_INCOMPLETE",96,"IS_MONO_INCOMPLETE","Strongly Supported"
NA,"FNA2AA_filterlen33","Bryophyta","IS_MONO_INCOMPLETE",100,"IS_MONO_INCOMPLETE","Strongly Supported"
NA,"FNA2AA_filterlen33","Bryophyta","IS_MONO_INCOMPLETE",100,"IS_MONO_INCOMPLETE","Strongly Supported"
NA,"FNA2AA_filterlen33","Bryophyta","NOT_MONO",NA,"CAN_MONO_INCOMPLETE","Weakly Reject"
NA,"FNA2AA_filterlen33","Bryophyta","IS_MONO_INCOMPLETE",81,"IS_MONO_INCOMPLETE","Strongly Supported"
NA,"FNA2AA_filterlen33","Bryophyta","NO_CLADE",NA,"NO_CLADE","Missing"
NA,"FNA2AA_filterlen33","Bryophyta","IS_MONO_INCOMPLETE",97,"IS_MONO_INCOMPLETE","Strongly Supported"
NA,"FNA2AA_filterlen33","Bryophyta","IS_MONO_INCOMPLETE",93,"IS_MONO_INCOMPLETE","Strongly Supported"
NA,"FNA2AA_filterlen33","Bryophyta","IS_MONO_INCOMPLETE",100,"IS_MONO_INCOMPLETE","Strongly Supported"
NA,"FNA2AA_filterlen33","Bryophyta","IS_MONO_INCOMPLETE",77,"IS_MONO_INCOMPLETE","Strongly Supported"
NA,"FNA2AA_filterlen33","Bryophyta","IS_MONO_INCOMPLETE",100,"IS_MONO_INCOMPLETE","Strongly Supported"
NA,"FNA2AA_filterlen33","Bryophyta","IS_MONO_INCOMPLETE",74,"CAN_MONO_INCOMPLETE","Weakly Supported"
NA,"FNA2AA_filterlen33","Bryophyta","IS_MONO_INCOMPLETE",100,"IS_MONO_INCOMPLETE","Strongly Supported"
NA,"FNA2AA_filterlen33","Bryophyta","IS_MONO",99,"IS_MONO","Strongly Supported"
NA,"FNA2AA_filterlen33","Bryophyta","IS_MONO_INCOMPLETE",97,"IS_MONO_INCOMPLETE","Strongly Supported"
NA,"FNA2AA_filterlen33","Bryophyta","NO_CLADE",NA,"NO_CLADE","Missing"
NA,"FNA2AA_filterlen33","Bryophyta","IS_MONO_INCOMPLETE",98,"IS_MONO_INCOMPLETE","Strongly Supported"
NA,"FNA2AA_filterlen33","Bryophyta","IS_MONO_INCOMPLETE",100,"IS_MONO_INCOMPLETE","Strongly Supported"
NA,"FNA2AA_filterlen33","Bryophyta","NOT_MONO",NA,"CAN_MONO_INCOMPLETE","Weakly Reject"
NA,"FNA2AA_filterlen33","Bryophyta","NO_CLADE",NA,"NO_CLADE","Missing"
NA,"FNA2AA_filterlen33","Bryophyta","NO_CLADE",NA,"NO_CLADE","Missing"
NA,"FNA2AA_filterlen33","Bryophyta","IS_MONO_INCOMPLETE",100,"IS_MONO_INCOMPLETE","Strongly Supported"
NA,"FNA2AA_filterlen33","Bryophyta","NO_CLADE",NA,"NO_CLADE","Missing"
NA,"FNA2AA_filterlen33","Bryophyta","NOT_MONO",NA,"CAN_MONO_INCOMPLETE","Weakly Reject"
NA,"FNA2AA_filterlen33","Bryophyta","IS_MONO_INCOMPLETE",99,"IS_MONO_INCOMPLETE","Strongly Supported"
NA,"FNA2AA_filterlen33","Bryophyta","NO_CLADE",NA,"NO_CLADE","Missing"
NA,"FNA2AA_filterlen33","Bryophyta","NO_CLADE",NA,"NO_CLADE","Missing"
NA,"FNA2AA_filterlen33","Bryophyta","NOT_MONO",NA,"CAN_MONO_INCOMPLETE","Weakly Reject"
NA,"FNA2AA_filterlen33","Bryophyta","NOT_MONO",NA,"CAN_MONO_INCOMPLETE","Weakly Reject"
NA,"FNA2AA_filterlen33","Bryophyta","IS_MONO_INCOMPLETE",83,"IS_MONO_INCOMPLETE","Strongly Supported"
NA,"FNA2AA_filterlen33","Bryophyta","IS_MONO_INCOMPLETE",98,"IS_MONO_INCOMPLETE","Strongly Supported"
NA,"FNA2AA_filterlen33","Bryophyta","NO_CLADE",NA,"NO_CLADE","Missing"
NA,"FNA2AA_filterlen33","Bryophyta","NOT_MONO",NA,"NOT_MONO","Strongly Reject"
NA,"FNA2AA_filterlen33","Bryophyta","NO_CLADE",NA,"NO_CLADE","Missing"
NA,"FNA2AA_filterlen33","Bryophyta","IS_MONO",100,"IS_MONO","Strongly Supported"
NA,"FNA2AA_filterlen33","Bryophyta","NOT_MONO",NA,"CAN_MONO_INCOMPLETE","Weakly Reject"
NA,"FNA2AA_filterlen33","Bryophyta","IS_MONO_INCOMPLETE",47,"CAN_MONO_INCOMPLETE","Weakly Supported"
NA,"FNA2AA_filterlen33","Bryophyta","IS_MONO_INCOMPLETE",100,"IS_MONO_INCOMPLETE","Strongly Supported"
NA,"FNA2AA_filterlen33","Bryophyta","IS_MONO_INCOMPLETE",98,"IS_MONO_INCOMPLETE","Strongly Supported"
NA,"FNA2AA_filterlen33","Bryophyta","IS_MONO_INCOMPLETE",100,"IS_MONO_INCOMPLETE","Strongly Supported"
NA,"FNA2AA_filterlen33","Bryophyta","IS_MONO_INCOMPLETE",99,"IS_MONO_INCOMPLETE","Strongly Supported"
NA,"FNA2AA_filterlen33","Bryophyta","NO_CLADE",NA,"NO_CLADE","Missing"
NA,"FNA2AA_filterlen33","Bryophyta","NO_CLADE",NA,"NO_CLADE","Missing"
NA,"FNA2AA_filterlen33","Bryophyta","IS_MONO_INCOMPLETE",100,"IS_MONO_INCOMPLETE","Strongly Supported"
NA,"FNA2AA_filterlen33","Bryophyta","IS_MONO_INCOMPLETE",73,"CAN_MONO_INCOMPLETE","Weakly Supported"
NA,"FNA2AA_filterlen33","Bryophyta","NOT_MONO",NA,"CAN_MONO_INCOMPLETE","Weakly Reject"
NA,"FNA2AA_filterlen33","Bryophyta","IS_MONO_INCOMPLETE",99,"IS_MONO_INCOMPLETE","Strongly Supported"
NA,"FNA2AA_filterlen33","Bryophyta","IS_MONO_INCOMPLETE",100,"IS_MONO_INCOMPLETE","Strongly Supported"
NA,"FNA2AA_filterlen33","Bryophyta","NOT_MONO",NA,"NOT_MONO","Strongly Reject"
NA,"FNA2AA_filterlen33","Bryophyta","IS_MONO_INCOMPLETE",94,"IS_MONO_INCOMPLETE","Strongly Supported"
NA,"FNA2AA_filterlen33","Bryophyta","IS_MONO_INCOMPLETE",100,"IS_MONO_INCOMPLETE","Strongly Supported"
NA,"FNA2AA_filterlen33","Bryophyta","IS_MONO_INCOMPLETE",70,"CAN_MONO_INCOMPLETE","Weakly Supported"
NA,"FNA2AA_filterlen33","Bryophyta","IS_MONO_INCOMPLETE",99,"IS_MONO_INCOMPLETE","Strongly Supported"
NA,"FNA2AA_filterlen33","Bryophyta","IS_MONO_INCOMPLETE",100,"IS_MONO_INCOMPLETE","Strongly Supported"
NA,"FNA2AA_filterlen33","Bryophyta","IS_MONO_INCOMPLETE",94,"IS_MONO_INCOMPLETE","Strongly Supported"
NA,"FNA2AA_filterlen33","Bryophyta","IS_MONO_INCOMPLETE",97,"IS_MONO_INCOMPLETE","Strongly Supported"
NA,"FNA2AA_filterlen33","Bryophyta","IS_MONO_INCOMPLETE",100,"IS_MONO_INCOMPLETE","Strongly Supported"
NA,"FNA2AA_filterlen33","Bryophyta","IS_MONO_INCOMPLETE",100,"IS_MONO_INCOMPLETE","Strongly Supported"
NA,"FNA2AA_filterlen33","Bryophyta","NO_CLADE",NA,"NO_CLADE","Missing"
NA,"FNA2AA_filterlen33","Bryophyta","IS_MONO_INCOMPLETE",90,"IS_MONO_INCOMPLETE","Strongly Supported"
NA,"FNA2AA_filterlen33","Bryophyta","NO_CLADE",NA,"NO_CLADE","Missing"
NA,"FNA2AA_filterlen33","Bryophyta","IS_MONO_INCOMPLETE",100,"IS_MONO_INCOMPLETE","Strongly Supported"
NA,"FNA2AA_filterlen33","Bryophyta","NO_CLADE",NA,"NO_CLADE","Missing"
NA,"FNA2AA_filterlen33","Bryophyta","IS_MONO_INCOMPLETE",99,"IS_MONO_INCOMPLETE","Strongly Supported"
NA,"FNA2AA_filterlen33","Bryophyta","IS_MONO_INCOMPLETE",99,"IS_MONO_INCOMPLETE","Strongly Supported"
NA,"FNA2AA_filterlen33","Bryophyta","IS_MONO_INCOMPLETE",89,"IS_MONO_INCOMPLETE","Strongly Supported"
NA,"FNA2AA_filterlen33","Bryophyta","IS_MONO_INCOMPLETE",86,"IS_MONO_INCOMPLETE","Strongly Supported"
NA,"FNA2AA_filterlen33","Bryophyta","NO_CLADE",NA,"NO_CLADE","Missing"
NA,"FNA2AA_filterlen33","Bryophyta","NOT_MONO",NA,"NOT_MONO","Strongly Reject"
NA,"FNA2AA_filterlen33","Bryophyta","IS_MONO_INCOMPLETE",100,"IS_MONO_INCOMPLETE","Strongly Supported"
NA,"FNA2AA_filterlen33","Bryophyta","IS_MONO_INCOMPLETE",97,"IS_MONO_INCOMPLETE","Strongly Supported"
NA,"FNA2AA_filterlen33","Bryophyta","IS_MONO_INCOMPLETE",96,"IS_MONO_INCOMPLETE","Strongly Supported"
NA,"FNA2AA_filterlen33","Bryophyta","IS_MONO_INCOMPLETE",100,"IS_MONO_INCOMPLETE","Strongly Supported"
NA,"FNA2AA_filterlen33","Bryophyta","IS_MONO_INCOMPLETE",97,"IS_MONO_INCOMPLETE","Strongly Supported"
NA,"FNA2AA_filterlen33","Bryophyta","NO_CLADE",NA,"NO_CLADE","Missing"
NA,"FNA2AA_filterlen33","Bryophyta","IS_MONO_INCOMPLETE",31,"CAN_MONO_INCOMPLETE","Weakly Supported"
NA,"FNA2AA_filterlen33","Bryophyta","IS_MONO_INCOMPLETE",79,"IS_MONO_INCOMPLETE","Strongly Supported"
NA,"FNA2AA_filterlen33","Bryophyta","IS_MONO_INCOMPLETE",97,"IS_MONO_INCOMPLETE","Strongly Supported"
NA,"FNA2AA_filterlen33","Bryophyta","NO_CLADE",NA,"NO_CLADE","Missing"
NA,"FNA2AA_filterlen33","Bryophyta","IS_MONO_INCOMPLETE",100,"IS_MONO_INCOMPLETE","Strongly Supported"
NA,"FNA2AA_filterlen33","Bryophyta","NOT_MONO",NA,"NOT_MONO","Strongly Reject"
NA,"FNA2AA_filterlen33","Bryophyta","NO_CLADE",NA,"NO_CLADE","Missing"
NA,"FNA2AA_filterlen33","Bryophyta","IS_MONO_INCOMPLETE",1,"IS_MONO_INCOMPLETE","Strongly Supported"
NA,"FNA2AA_filterlen33","Bryophyta","IS_MONO_INCOMPLETE",100,"IS_MONO_INCOMPLETE","Strongly Supported"
NA,"FNA2AA_filterlen33","Bryophyta","IS_MONO_INCOMPLETE",84,"IS_MONO_INCOMPLETE","Strongly Supported"
NA,"FNA2AA_filterlen33","Bryophyta","IS_MONO_INCOMPLETE",100,"IS_MONO_INCOMPLETE","Strongly Supported"
NA,"FNA2AA_filterlen33","Bryophyta","IS_MONO_INCOMPLETE",98,"IS_MONO_INCOMPLETE","Strongly Supported"
NA,"FNA2AA_filterlen33","Bryophyta","IS_MONO_INCOMPLETE",72,"CAN_MONO_INCOMPLETE","Weakly Supported"
NA,"FNA2AA_filterlen33","Bryophyta","IS_MONO_INCOMPLETE",100,"IS_MONO_INCOMPLETE","Strongly Supported"
NA,"FNA2AA_filterlen33","Bryophyta","IS_MONO_INCOMPLETE",100,"IS_MONO_INCOMPLETE","Strongly Supported"
NA,"FNA2AA_filterlen33","Bryophyta","NO_CLADE",NA,"NO_CLADE","Missing"
NA,"FNA2AA_filterlen33","Bryophyta","IS_MONO_INCOMPLETE",84,"IS_MONO_INCOMPLETE","Strongly Supported"
NA,"FNA2AA_filterlen33","Bryophyta","IS_MONO_INCOMPLETE",96,"IS_MONO_INCOMPLETE","Strongly Supported"
NA,"FNA2AA_filterlen33","Bryophyta","IS_MONO_INCOMPLETE",94,"IS_MONO_INCOMPLETE","Strongly Supported"
NA,"FNA2AA_filterlen33","Bryophyta","IS_MONO_INCOMPLETE",100,"IS_MONO_INCOMPLETE","Strongly Supported"
NA,"FNA2AA_filterlen33","Bryophyta","IS_MONO_INCOMPLETE",100,"IS_MONO_INCOMPLETE","Strongly Supported"
NA,"FNA2AA_filterlen33","Bryophyta","IS_MONO_INCOMPLETE",100,"IS_MONO_INCOMPLETE","Strongly Supported"
NA,"FNA2AA_filterlen33","Bryophyta","IS_MONO_INCOMPLETE",100,"IS_MONO_INCOMPLETE","Strongly Supported"
NA,"FNA2AA_filterlen33","Bryophyta","IS_MONO_INCOMPLETE",100,"IS_MONO_INCOMPLETE","Strongly Supported"
NA,"FNA2AA_filterlen33","Bryophyta","IS_MONO_INCOMPLETE",100,"IS_MONO_INCOMPLETE","Strongly Supported"
NA,"FNA2AA_filterlen33","Bryophyta","IS_MONO_INCOMPLETE",99,"IS_MONO_INCOMPLETE","Strongly Supported"
NA,"FNA2AA_filterlen33","Bryophyta","IS_MONO_INCOMPLETE",100,"IS_MONO_INCOMPLETE","Strongly Supported"
NA,"FNA2AA_filterlen33","Bryophyta","IS_MONO",75,"IS_MONO","Strongly Supported"
NA,"FNA2AA_filterlen33","Bryophyta","NOT_MONO",NA,"CAN_MONO_INCOMPLETE","Weakly Reject"
NA,"FNA2AA_filterlen33","Bryophyta","NO_CLADE",NA,"NO_CLADE","Missing"
NA,"FNA2AA_filterlen33","Bryophyta","NO_CLADE",NA,"NO_CLADE","Missing"
NA,"FNA2AA_filterlen33","Bryophyta","NO_CLADE",NA,"NO_CLADE","Missing"
NA,"FNA2AA_filterlen33","Bryophyta","IS_MONO_INCOMPLETE",99,"IS_MONO_INCOMPLETE","Strongly Supported"
NA,"FNA2AA_filterlen33","Bryophyta","IS_MONO_INCOMPLETE",93,"IS_MONO_INCOMPLETE","Strongly Supported"
NA,"FNA2AA_filterlen33","Bryophyta","IS_MONO_INCOMPLETE",100,"IS_MONO_INCOMPLETE","Strongly Supported"
NA,"FNA2AA_filterlen33","Bryophyta","NO_CLADE",NA,"NO_CLADE","Missing"
NA,"FNA2AA_filterlen33","Bryophyta","IS_MONO_INCOMPLETE",85,"IS_MONO_INCOMPLETE","Strongly Supported"
NA,"FNA2AA_filterlen33","Bryophyta","NOT_MONO",NA,"CAN_MONO_INCOMPLETE","Weakly Reject"
NA,"FNA2AA_filterlen33","Bryophyta","IS_MONO_INCOMPLETE",92,"IS_MONO_INCOMPLETE","Strongly Supported"
NA,"FNA2AA_filterlen33","Bryophyta","IS_MONO_INCOMPLETE",100,"IS_MONO_INCOMPLETE","Strongly Supported"
NA,"FNA2AA_filterlen33","Bryophyta","NOT_MONO",NA,"NOT_MONO","Strongly Reject"
NA,"FNA2AA_filterlen33","Bryophyta","NOT_MONO",NA,"CAN_MONO_INCOMPLETE","Weakly Reject"
NA,"FNA2AA_filterlen33","Bryophyta","IS_MONO_INCOMPLETE",57,"CAN_MONO_INCOMPLETE","Weakly Supported"
NA,"FNA2AA_filterlen33","Bryophyta","IS_MONO_INCOMPLETE",96,"IS_MONO_INCOMPLETE","Strongly Supported"
NA,"FNA2AA_filterlen33","Bryophyta","IS_MONO_INCOMPLETE",100,"IS_MONO_INCOMPLETE","Strongly Supported"
NA,"FNA2AA_filterlen33","Bryophyta","IS_MONO_INCOMPLETE",93,"IS_MONO_INCOMPLETE","Strongly Supported"
NA,"FNA2AA_filterlen33","Bryophyta","IS_MONO_INCOMPLETE",94,"IS_MONO_INCOMPLETE","Strongly Supported"
NA,"FNA2AA_filterlen33","Bryophyta","NO_CLADE",NA,"NO_CLADE","Missing"
NA,"FNA2AA_filterlen33","Bryophyta","IS_MONO_INCOMPLETE",100,"IS_MONO_INCOMPLETE","Strongly Supported"
NA,"FNA2AA_filterlen33","Bryophyta","NO_CLADE",NA,"NO_CLADE","Missing"
NA,"FNA2AA_filterlen33","Bryophyta","IS_MONO_INCOMPLETE",98,"IS_MONO_INCOMPLETE","Strongly Supported"
NA,"FNA2AA_filterlen33","Bryophyta","IS_MONO_INCOMPLETE",78,"IS_MONO_INCOMPLETE","Strongly Supported"
NA,"FNA2AA_filterlen33","Bryophyta","IS_MONO_INCOMPLETE",100,"IS_MONO_INCOMPLETE","Strongly Supported"
NA,"FNA2AA_filterlen33","Bryophyta","NO_CLADE",NA,"NO_CLADE","Missing"
NA,"FNA2AA_filterlen33","Bryophyta","IS_MONO_INCOMPLETE",100,"IS_MONO_INCOMPLETE","Strongly Supported"
NA,"FNA2AA_filterlen33","Bryophyta","IS_MONO_INCOMPLETE",65,"CAN_MONO_INCOMPLETE","Weakly Supported"
NA,"FNA2AA_filterlen33","Bryophyta","IS_MONO_INCOMPLETE",63,"CAN_MONO_INCOMPLETE","Weakly Supported"
NA,"FNA2AA_filterlen33","Bryophyta","IS_MONO_INCOMPLETE",100,"IS_MONO_INCOMPLETE","Strongly Supported"
NA,"FNA2AA_filterlen33","Bryophyta","IS_MONO_INCOMPLETE",83,"IS_MONO_INCOMPLETE","Strongly Supported"
NA,"FNA2AA_filterlen33","Bryophyta","IS_MONO_INCOMPLETE",100,"IS_MONO_INCOMPLETE","Strongly Supported"
NA,"FNA2AA_filterlen33","Bryophyta","IS_MONO_INCOMPLETE",91,"IS_MONO_INCOMPLETE","Strongly Supported"
NA,"FNA2AA_filterlen33","Bryophyta","IS_MONO_INCOMPLETE",99,"IS_MONO_INCOMPLETE","Strongly Supported"
NA,"FNA2AA_filterlen33","Bryophyta","IS_MONO_INCOMPLETE",100,"IS_MONO_INCOMPLETE","Strongly Supported"
NA,"FNA2AA_filterlen33","Bryophyta","CAN_MONO_INCOMPLETE",NA,"CAN_MONO_INCOMPLETE","Weakly Reject"
NA,"FNA2AA_filterlen33","Bryophyta","IS_MONO_INCOMPLETE",64,"CAN_MONO_INCOMPLETE","Weakly Supported"
NA,"FNA2AA_filterlen33","Bryophyta","NO_CLADE",NA,"NO_CLADE","Missing"
NA,"FNA2AA_filterlen33","Bryophyta","NO_CLADE",NA,"NO_CLADE","Missing"
NA,"FNA2AA_filterlen33","Bryophyta","IS_MONO_INCOMPLETE",100,"IS_MONO_INCOMPLETE","Strongly Supported"
NA,"FNA2AA_filterlen33","Bryophyta","IS_MONO_INCOMPLETE",100,"IS_MONO_INCOMPLETE","Strongly Supported"
NA,"FNA2AA_filterlen33","Bryophyta","IS_MONO",97,"IS_MONO","Strongly Supported"
NA,"FNA2AA_filterlen33","Bryophyta","NOT_MONO",NA,"NOT_MONO","Strongly Reject"
NA,"FNA2AA_filterlen33","Bryophyta","IS_MONO_INCOMPLETE",100,"IS_MONO_INCOMPLETE","Strongly Supported"
NA,"FNA2AA_filterlen33","Bryophyta","NOT_MONO",NA,"CAN_MONO_INCOMPLETE","Weakly Reject"
NA,"FNA2AA_filterlen33","Bryophyta","NO_CLADE",NA,"NO_CLADE","Missing"
NA,"FNA2AA_filterlen33","Bryophyta","IS_MONO_INCOMPLETE",100,"IS_MONO_INCOMPLETE","Strongly Supported"
NA,"FNA2AA_filterlen33","Bryophyta","IS_MONO_INCOMPLETE",100,"IS_MONO_INCOMPLETE","Strongly Supported"
NA,"FNA2AA_filterlen33","Bryophyta","NOT_MONO",NA,"CAN_MONO_INCOMPLETE","Weakly Reject"
NA,"FNA2AA_filterlen33","Bryophyta","NO_CLADE",NA,"NO_CLADE","Missing"
NA,"FNA2AA_filterlen33","Bryophyta","NOT_MONO",NA,"NOT_MONO","Strongly Reject"
NA,"FNA2AA_filterlen33","Bryophyta","IS_MONO_INCOMPLETE",100,"IS_MONO_INCOMPLETE","Strongly Supported"
NA,"FNA2AA_filterlen33","Bryophyta","IS_MONO_INCOMPLETE",100,"IS_MONO_INCOMPLETE","Strongly Supported"
NA,"FNA2AA_filterlen33","Bryophyta","IS_MONO_INCOMPLETE",100,"IS_MONO_INCOMPLETE","Strongly Supported"
NA,"FNA2AA_filterlen33","Bryophyta","IS_MONO_INCOMPLETE",96,"IS_MONO_INCOMPLETE","Strongly Supported"
NA,"FNA2AA_filterlen33","Bryophyta","IS_MONO_INCOMPLETE",86,"IS_MONO_INCOMPLETE","Strongly Supported"
NA,"FNA2AA_filterlen33","Bryophyta","NO_CLADE",NA,"NO_CLADE","Missing"
NA,"FNA2AA_filterlen33","Bryophyta","NO_CLADE",NA,"NO_CLADE","Missing"
NA,"FNA2AA_filterlen33","Bryophyta","IS_MONO_INCOMPLETE",100,"IS_MONO_INCOMPLETE","Strongly Supported"
NA,"FNA2AA_filterlen33","Bryophyta","IS_MONO_INCOMPLETE",90,"IS_MONO_INCOMPLETE","Strongly Supported"
NA,"FNA2AA_filterlen33","Bryophyta","IS_MONO_INCOMPLETE",100,"IS_MONO_INCOMPLETE","Strongly Supported"
NA,"FNA2AA_filterlen33","Bryophyta","IS_MONO",92,"IS_MONO","Strongly Supported"
NA,"FNA2AA_filterlen33","Bryophyta","IS_MONO_INCOMPLETE",95,"IS_MONO_INCOMPLETE","Strongly Supported"
NA,"FNA2AA_filterlen33","Bryophyta","IS_MONO_INCOMPLETE",89,"IS_MONO_INCOMPLETE","Strongly Supported"
NA,"FNA2AA_filterlen33","Bryophyta","NO_CLADE",NA,"NO_CLADE","Missing"
NA,"FNA2AA_filterlen33","Bryophyta","NO_CLADE",NA,"NO_CLADE","Missing"
NA,"FNA2AA_filterlen33","Bryophyta","IS_MONO_INCOMPLETE",100,"IS_MONO_INCOMPLETE","Strongly Supported"
NA,"FNA2AA_filterlen33","Bryophyta","IS_MONO_INCOMPLETE",88,"IS_MONO_INCOMPLETE","Strongly Supported"
NA,"FNA2AA_filterlen33","Bryophyta","IS_MONO_INCOMPLETE",100,"IS_MONO_INCOMPLETE","Strongly Supported"
NA,"FNA2AA_filterlen33","Bryophyta","NO_CLADE",NA,"NO_CLADE","Missing"
NA,"FNA2AA_filterlen33","Bryophyta","IS_MONO",64,"CAN_MONO","Weakly Supported"
NA,"FNA2AA_filterlen33","Bryophyta","IS_MONO",85,"IS_MONO","Strongly Supported"
NA,"FNA2AA_filterlen33","Bryophyta","IS_MONO_INCOMPLETE",82,"IS_MONO_INCOMPLETE","Strongly Supported"
NA,"FNA2AA_filterlen33","Bryophyta","IS_MONO_INCOMPLETE",100,"IS_MONO_INCOMPLETE","Strongly Supported"
NA,"FNA2AA_filterlen33","Bryophyta","IS_MONO_INCOMPLETE",44,"CAN_MONO_INCOMPLETE","Weakly Supported"
NA,"FNA2AA_filterlen33","Bryophyta","NOT_MONO",NA,"CAN_MONO_INCOMPLETE","Weakly Reject"
NA,"FNA2AA_filterlen33","Bryophyta","NO_CLADE",NA,"NO_CLADE","Missing"
NA,"FNA2AA_filterlen33","Bryophyta","IS_MONO",97,"IS_MONO","Strongly Supported"
NA,"FNA2AA_filterlen33","Bryophyta","IS_MONO_INCOMPLETE",98,"IS_MONO_INCOMPLETE","Strongly Supported"
NA,"FNA2AA_filterlen33","Bryophyta","IS_MONO_INCOMPLETE",68,"CAN_MONO_INCOMPLETE","Weakly Supported"
NA,"FNA2AA_filterlen33","Bryophyta","IS_MONO_INCOMPLETE",99,"IS_MONO_INCOMPLETE","Strongly Supported"
NA,"FNA2AA_filterlen33","Bryophyta","IS_MONO_INCOMPLETE",100,"IS_MONO_INCOMPLETE","Strongly Supported"
NA,"FNA2AA_filterlen33","Bryophyta","NO_CLADE",NA,"NO_CLADE","Missing"
NA,"FNA2AA_filterlen33","Bryophyta","IS_MONO",100,"IS_MONO","Strongly Supported"
NA,"FNA2AA_filterlen33","Bryophyta","IS_MONO_INCOMPLETE",69,"CAN_MONO_INCOMPLETE","Weakly Supported"
NA,"FNA2AA_filterlen33","Bryophyta","NO_CLADE",NA,"NO_CLADE","Missing"
NA,"FNA2AA_filterlen33","Bryophyta","IS_MONO_INCOMPLETE",73,"CAN_MONO_INCOMPLETE","Weakly Supported"
NA,"FNA2AA_filterlen33","Bryophyta","NOT_MONO",NA,"NOT_MONO","Strongly Reject"
NA,"FNA2AA_filterlen33","Bryophyta","IS_MONO_INCOMPLETE",75,"IS_MONO_INCOMPLETE","Strongly Supported"
NA,"FNA2AA_filterlen33","Bryophyta","NO_CLADE",NA,"NO_CLADE","Missing"
NA,"FNA2AA_filterlen33","Bryophyta","IS_MONO_INCOMPLETE",99,"IS_MONO_INCOMPLETE","Strongly Supported"
NA,"FNA2AA_filterlen33","Bryophyta","NOT_MONO",NA,"NOT_MONO","Strongly Reject"
NA,"FNA2AA_filterlen33","Bryophyta","IS_MONO_INCOMPLETE",97,"IS_MONO_INCOMPLETE","Strongly Supported"
NA,"FNA2AA_filterlen33","Bryophyta","IS_MONO_INCOMPLETE",99,"IS_MONO_INCOMPLETE","Strongly Supported"
NA,"FNA2AA_filterlen33","Bryophyta","IS_MONO_INCOMPLETE",100,"IS_MONO_INCOMPLETE","Strongly Supported"
NA,"FNA2AA_filterlen33","Bryophyta","NO_CLADE",NA,"NO_CLADE","Missing"
NA,"FNA2AA_filterlen33","Bryophyta","NO_CLADE",NA,"NO_CLADE","Missing"
NA,"FNA2AA_filterlen33","Bryophyta","IS_MONO_INCOMPLETE",99,"IS_MONO_INCOMPLETE","Strongly Supported"
NA,"FNA2AA_filterlen33","Bryophyta","IS_MONO_INCOMPLETE",100,"IS_MONO_INCOMPLETE","Strongly Supported"
NA,"FNA2AA_filterlen33","Bryophyta","IS_MONO_INCOMPLETE",43,"CAN_MONO_INCOMPLETE","Weakly Supported"
NA,"FNA2AA_filterlen33","Bryophyta","IS_MONO_INCOMPLETE",100,"IS_MONO_INCOMPLETE","Strongly Supported"
NA,"FNA2AA_filterlen33","Bryophyta","NOT_MONO",NA,"CAN_MONO_INCOMPLETE","Weakly Reject"
NA,"FNA2AA_filterlen33","Bryophyta","NOT_MONO",NA,"NOT_MONO","Strongly Reject"
NA,"FNA2AA_filterlen33","Bryophyta","NO_CLADE",NA,"NO_CLADE","Missing"
NA,"FNA2AA_filterlen33","Bryophyta","IS_MONO_INCOMPLETE",90,"IS_MONO_INCOMPLETE","Strongly Supported"
NA,"FNA2AA_filterlen33","Bryophyta","IS_MONO_INCOMPLETE",100,"IS_MONO_INCOMPLETE","Strongly Supported"
NA,"FNA2AA_filterlen33","Bryophyta","IS_MONO_INCOMPLETE",100,"IS_MONO_INCOMPLETE","Strongly Supported"
NA,"FNA2AA_filterlen33","Bryophyta","IS_MONO_INCOMPLETE",97,"IS_MONO_INCOMPLETE","Strongly Supported"
NA,"FNA2AA_filterlen33","Bryophyta","NOT_MONO",NA,"CAN_MONO_INCOMPLETE","Weakly Reject"
NA,"FNA2AA_filterlen33","Bryophyta","NO_CLADE",NA,"NO_CLADE","Missing"
NA,"FNA2AA_filterlen33","Bryophyta","IS_MONO_INCOMPLETE",100,"IS_MONO_INCOMPLETE","Strongly Supported"
NA,"FNA2AA_filterlen33","Bryophyta","IS_MONO_INCOMPLETE",97,"IS_MONO_INCOMPLETE","Strongly Supported"
NA,"FNA2AA_filterlen33","Bryophyta","IS_MONO_INCOMPLETE",86,"IS_MONO_INCOMPLETE","Strongly Supported"
NA,"FNA2AA_filterlen33","Bryophyta","IS_MONO_INCOMPLETE",89,"IS_MONO_INCOMPLETE","Strongly Supported"
NA,"FNA2AA_filterlen33","Bryophyta","NOT_MONO",NA,"CAN_MONO_INCOMPLETE","Weakly Reject"
NA,"FNA2AA_filterlen33","Bryophyta","NO_CLADE",NA,"NO_CLADE","Missing"
NA,"FNA2AA_filterlen33","Bryophyta","NOT_MONO",NA,"CAN_MONO_INCOMPLETE","Weakly Reject"
NA,"FNA2AA_filterlen33","Bryophyta","NO_CLADE",NA,"NO_CLADE","Missing"
NA,"FNA2AA_filterlen33","Bryophyta","IS_MONO_INCOMPLETE",98,"IS_MONO_INCOMPLETE","Strongly Supported"
NA,"FNA2AA_filterlen33","Bryophyta","IS_MONO_INCOMPLETE",91,"IS_MONO_INCOMPLETE","Strongly Supported"
NA,"FNA2AA_filterlen33","Bryophyta","IS_MONO_INCOMPLETE",97,"IS_MONO_INCOMPLETE","Strongly Supported"
NA,"FNA2AA_filterlen33","Bryophyta","IS_MONO_INCOMPLETE",80,"IS_MONO_INCOMPLETE","Strongly Supported"
NA,"FNA2AA_filterlen33","Bryophyta","IS_MONO_INCOMPLETE",96,"IS_MONO_INCOMPLETE","Strongly Supported"
NA,"FNA2AA_filterlen33","Bryophyta","IS_MONO_INCOMPLETE",100,"IS_MONO_INCOMPLETE","Strongly Supported"
NA,"FNA2AA_filterlen33","Bryophyta","IS_MONO_INCOMPLETE",67,"CAN_MONO_INCOMPLETE","Weakly Supported"
NA,"FNA2AA_filterlen33","Bryophyta","NOT_MONO",NA,"CAN_MONO_INCOMPLETE","Weakly Reject"
NA,"FNA2AA_filterlen33","Bryophyta","IS_MONO_INCOMPLETE",100,"IS_MONO_INCOMPLETE","Strongly Supported"
NA,"FNA2AA_filterlen33","Bryophyta","IS_MONO_INCOMPLETE",76,"IS_MONO_INCOMPLETE","Strongly Supported"
NA,"FNA2AA_filterlen33","Bryophyta","NO_CLADE",NA,"NO_CLADE","Missing"
NA,"FNA2AA_filterlen33","Bryophyta","NO_CLADE",NA,"NO_CLADE","Missing"
NA,"FNA2AA_filterlen33","Bryophyta","NO_CLADE",NA,"NO_CLADE","Missing"
NA,"FNA2AA_filterlen33","Bryophyta","NOT_MONO",NA,"CAN_MONO_INCOMPLETE","Weakly Reject"
NA,"FNA2AA_filterlen33","Bryophyta","IS_MONO_INCOMPLETE",100,"IS_MONO_INCOMPLETE","Strongly Supported"
NA,"FNA2AA_filterlen33","Bryophyta","IS_MONO_INCOMPLETE",100,"IS_MONO_INCOMPLETE","Strongly Supported"
NA,"FNA2AA_filterlen33","Bryophyta","IS_MONO_INCOMPLETE",72,"CAN_MONO_INCOMPLETE","Weakly Supported"
NA,"FNA2AA_filterlen33","Bryophyta","IS_MONO_INCOMPLETE",100,"IS_MONO_INCOMPLETE","Strongly Supported"
NA,"FNA2AA_filterlen33","Bryophyta","IS_MONO_INCOMPLETE",92,"IS_MONO_INCOMPLETE","Strongly Supported"
NA,"FNA2AA_filterlen33","Bryophyta","NO_CLADE",NA,"NO_CLADE","Missing"
NA,"FNA2AA_filterlen33","Bryophyta","IS_MONO_INCOMPLETE",90,"IS_MONO_INCOMPLETE","Strongly Supported"
NA,"FNA2AA_filterlen33","Bryophyta","NO_CLADE",NA,"NO_CLADE","Missing"
NA,"FNA2AA_filterlen33","Bryophyta","IS_MONO_INCOMPLETE",99,"IS_MONO_INCOMPLETE","Strongly Supported"
NA,"FNA2AA_filterlen33","Bryophyta","NO_CLADE",NA,"NO_CLADE","Missing"
NA,"FNA2AA_filterlen33","Bryophyta","IS_MONO_INCOMPLETE",100,"IS_MONO_INCOMPLETE","Strongly Supported"
NA,"FNA2AA_filterlen33","Bryophyta","IS_MONO_INCOMPLETE",12,"CAN_MONO_INCOMPLETE","Weakly Supported"
NA,"FNA2AA_filterlen33","Bryophyta","IS_MONO_INCOMPLETE",99,"IS_MONO_INCOMPLETE","Strongly Supported"
NA,"FNA2AA_filterlen33","Bryophyta","IS_MONO_INCOMPLETE",100,"IS_MONO_INCOMPLETE","Strongly Supported"
NA,"FNA2AA_filterlen33","Bryophyta","NOT_MONO",NA,"CAN_MONO_INCOMPLETE","Weakly Reject"
NA,"FNA2AA_filterlen33","Bryophyta","IS_MONO_INCOMPLETE",79,"IS_MONO_INCOMPLETE","Strongly Supported"
NA,"FNA2AA_filterlen33","Bryophyta","NOT_MONO",NA,"NOT_MONO","Strongly Reject"
NA,"FNA2AA_filterlen33","Bryophyta","IS_MONO_INCOMPLETE",93,"IS_MONO_INCOMPLETE","Strongly Supported"
NA,"FNA2AA_filterlen33","Bryophyta","IS_MONO",96,"IS_MONO","Strongly Supported"
NA,"FNA2AA_filterlen33","Bryophyta","IS_MONO_INCOMPLETE",100,"IS_MONO_INCOMPLETE","Strongly Supported"
NA,"FNA2AA_filterlen33","Bryophyta","IS_MONO_INCOMPLETE",96,"IS_MONO_INCOMPLETE","Strongly Supported"
NA,"FNA2AA_filterlen33","Bryophyta","IS_MONO_INCOMPLETE",100,"IS_MONO_INCOMPLETE","Strongly Supported"
NA,"FNA2AA_filterlen33","Bryophyta","IS_MONO_INCOMPLETE",76,"IS_MONO_INCOMPLETE","Strongly Supported"
NA,"FNA2AA_filterlen33","Bryophyta","IS_MONO",96,"IS_MONO","Strongly Supported"
NA,"FNA2AA_filterlen33","Bryophyta","NO_CLADE",NA,"NO_CLADE","Missing"
NA,"FNA2AA_filterlen33","Bryophyta","IS_MONO_INCOMPLETE",95,"IS_MONO_INCOMPLETE","Strongly Supported"
NA,"FNA2AA_filterlen33","Bryophyta","IS_MONO_INCOMPLETE",100,"IS_MONO_INCOMPLETE","Strongly Supported"
NA,"FNA2AA_filterlen33","Bryophyta","NO_CLADE",NA,"NO_CLADE","Missing"
NA,"FNA2AA_filterlen33","Bryophyta","IS_MONO_INCOMPLETE",100,"IS_MONO_INCOMPLETE","Strongly Supported"
NA,"FNA2AA_filterlen33","Bryophyta","NO_CLADE",NA,"NO_CLADE","Missing"
NA,"FNA2AA_filterlen33","Bryophyta","NO_CLADE",NA,"NO_CLADE","Missing"
NA,"FNA2AA_filterlen33","Bryophyta","IS_MONO_INCOMPLETE",100,"IS_MONO_INCOMPLETE","Strongly Supported"
NA,"FNA2AA_filterlen33","Bryophyta","NO_CLADE",NA,"NO_CLADE","Missing"
NA,"FNA2AA_filterlen33","Bryophyta","NO_CLADE",NA,"NO_CLADE","Missing"
NA,"FNA2AA_filterlen33","Bryophyta","IS_MONO_INCOMPLETE",100,"IS_MONO_INCOMPLETE","Strongly Supported"
NA,"FNA2AA_filterlen33","Bryophyta","IS_MONO_INCOMPLETE",72,"CAN_MONO_INCOMPLETE","Weakly Supported"
NA,"FNA2AA_filterlen33","Bryophyta","IS_MONO_INCOMPLETE",100,"IS_MONO_INCOMPLETE","Strongly Supported"
NA,"FNA2AA_filterlen33","Bryophyta","NO_CLADE",NA,"NO_CLADE","Missing"
NA,"FNA2AA_filterlen33","Bryophyta","IS_MONO_INCOMPLETE",100,"IS_MONO_INCOMPLETE","Strongly Supported"
NA,"FNA2AA_filterlen33","Bryophyta","IS_MONO_INCOMPLETE",84,"IS_MONO_INCOMPLETE","Strongly Supported"
NA,"FNA2AA_filterlen33","Bryophyta","IS_MONO_INCOMPLETE",100,"IS_MONO_INCOMPLETE","Strongly Supported"
NA,"FNA2AA_filterlen33","Bryophyta","IS_MONO_INCOMPLETE",64,"CAN_MONO_INCOMPLETE","Weakly Supported"
NA,"FNA2AA_filterlen33","Bryophyta","NO_CLADE",NA,"NO_CLADE","Missing"
NA,"FNA2AA_filterlen33","Bryophyta","IS_MONO",99,"IS_MONO","Strongly Supported"
NA,"FNA2AA_filterlen33","Bryophyta","NO_CLADE",NA,"NO_CLADE","Missing"
NA,"FNA2AA_filterlen33","Bryophyta","IS_MONO_INCOMPLETE",92,"IS_MONO_INCOMPLETE","Strongly Supported"
NA,"FNA2AA_filterlen33","Bryophyta","NO_CLADE",NA,"NO_CLADE","Missing"
NA,"FNA2AA_filterlen33","Bryophyta","NO_CLADE",NA,"NO_CLADE","Missing"
NA,"FNA2AA_filterlen33","Bryophyta","IS_MONO_INCOMPLETE",81,"IS_MONO_INCOMPLETE","Strongly Supported"
NA,"FNA2AA_filterlen33","Bryophyta","NOT_MONO",NA,"CAN_MONO_INCOMPLETE","Weakly Reject"
NA,"FNA2AA_filterlen33","Bryophyta","IS_MONO_INCOMPLETE",79,"IS_MONO_INCOMPLETE","Strongly Supported"
NA,"FNA2AA_filterlen33","Bryophyta","NOT_MONO",NA,"CAN_MONO_INCOMPLETE","Weakly Reject"
NA,"FNA2AA_filterlen33","Bryophyta","IS_MONO_INCOMPLETE",34,"CAN_MONO_INCOMPLETE","Weakly Supported"
NA,"FNA2AA_filterlen33","Bryophyta","NOT_MONO",NA,"CAN_MONO_INCOMPLETE","Weakly Reject"
NA,"FNA2AA_filterlen33","Bryophyta","IS_MONO_INCOMPLETE",100,"IS_MONO_INCOMPLETE","Strongly Supported"
NA,"FNA2AA_filterlen33","Bryophyta","IS_MONO_INCOMPLETE",99,"IS_MONO_INCOMPLETE","Strongly Supported"
NA,"FNA2AA_filterlen33","Bryophyta","IS_MONO_INCOMPLETE",95,"IS_MONO_INCOMPLETE","Strongly Supported"
NA,"FNA2AA_filterlen33","Bryophyta","NO_CLADE",NA,"NO_CLADE","Missing"
NA,"FNA2AA_filterlen33","Bryophyta","IS_MONO",97,"IS_MONO","Strongly Supported"
NA,"FNA2AA_filterlen33","Bryophyta","IS_MONO_INCOMPLETE",71,"CAN_MONO_INCOMPLETE","Weakly Supported"
NA,"FNA2AA_filterlen33","Bryophyta","IS_MONO_INCOMPLETE",95,"IS_MONO_INCOMPLETE","Strongly Supported"
NA,"FNA2AA_filterlen33","Bryophyta","IS_MONO_INCOMPLETE",100,"IS_MONO_INCOMPLETE","Strongly Supported"
NA,"FNA2AA_filterlen33","Bryophyta","IS_MONO_INCOMPLETE",89,"IS_MONO_INCOMPLETE","Strongly Supported"
NA,"FNA2AA_filterlen33","Bryophyta","IS_MONO_INCOMPLETE",100,"IS_MONO_INCOMPLETE","Strongly Supported"
NA,"FNA2AA_filterlen33","Bryophyta","NO_CLADE",NA,"NO_CLADE","Missing"
NA,"FNA2AA_filterlen33","Bryophyta","NO_CLADE",NA,"NO_CLADE","Missing"
NA,"FNA2AA_filterlen33","Bryophyta","IS_MONO_INCOMPLETE",100,"IS_MONO_INCOMPLETE","Strongly Supported"
NA,"FNA2AA_filterlen33","Bryophyta","IS_MONO_INCOMPLETE",96,"IS_MONO_INCOMPLETE","Strongly Supported"
NA,"FNA2AA_filterlen33","Bryophyta","IS_MONO_INCOMPLETE",90,"IS_MONO_INCOMPLETE","Strongly Supported"
NA,"FNA2AA_filterlen33","Bryophyta","IS_MONO_INCOMPLETE",79,"IS_MONO_INCOMPLETE","Strongly Supported"
NA,"FNA2AA_filterlen33","Bryophyta","IS_MONO_INCOMPLETE",95,"IS_MONO_INCOMPLETE","Strongly Supported"
NA,"FNA2AA_filterlen33","Bryophyta","IS_MONO_INCOMPLETE",59,"CAN_MONO_INCOMPLETE","Weakly Supported"
NA,"FNA2AA_filterlen33","Bryophyta","IS_MONO_INCOMPLETE",92,"IS_MONO_INCOMPLETE","Strongly Supported"
NA,"FNA2AA_filterlen33","Bryophyta","NOT_MONO",NA,"CAN_MONO_INCOMPLETE","Weakly Reject"
NA,"FNA2AA_filterlen33","Bryophyta","IS_MONO_INCOMPLETE",92,"IS_MONO_INCOMPLETE","Strongly Supported"
NA,"FNA2AA_filterlen33","Bryophyta","IS_MONO",100,"IS_MONO","Strongly Supported"
NA,"FNA2AA_filterlen33","Bryophyta","IS_MONO_INCOMPLETE",53,"CAN_MONO_INCOMPLETE","Weakly Supported"
NA,"FNA2AA_filterlen33","Bryophyta","NOT_MONO",NA,"CAN_MONO_INCOMPLETE","Weakly Reject"
NA,"FNA2AA_filterlen33","Bryophyta","IS_MONO_INCOMPLETE",100,"IS_MONO_INCOMPLETE","Strongly Supported"
NA,"FNA2AA_filterlen33","Bryophyta","NO_CLADE",NA,"NO_CLADE","Missing"
NA,"FNA2AA_filterlen33","Bryophyta","IS_MONO",96,"IS_MONO","Strongly Supported"
NA,"FNA2AA_filterlen33","Bryophyta","NO_CLADE",NA,"NO_CLADE","Missing"
NA,"FNA2AA_filterlen33","Bryophyta","IS_MONO_INCOMPLETE",81,"IS_MONO_INCOMPLETE","Strongly Supported"
NA,"FNA2AA_filterlen33","Bryophyta","IS_MONO_INCOMPLETE",100,"IS_MONO_INCOMPLETE","Strongly Supported"
NA,"FNA2AA_filterlen33","Bryophyta","IS_MONO_INCOMPLETE",100,"IS_MONO_INCOMPLETE","Strongly Supported"
NA,"FNA2AA_filterlen33","Bryophyta","IS_MONO_INCOMPLETE",100,"IS_MONO_INCOMPLETE","Strongly Supported"
NA,"FNA2AA_filterlen33","Bryophyta","IS_MONO_INCOMPLETE",95,"IS_MONO_INCOMPLETE","Strongly Supported"
NA,"FNA2AA_filterlen33","Bryophyta","NOT_MONO",NA,"CAN_MONO_INCOMPLETE","Weakly Reject"
NA,"FNA2AA_filterlen33","Bryophyta","IS_MONO_INCOMPLETE",92,"IS_MONO_INCOMPLETE","Strongly Supported"
NA,"FNA2AA_filterlen33","Bryophyta","NOT_MONO",NA,"CAN_MONO_INCOMPLETE","Weakly Reject"
NA,"FNA2AA_filterlen33","Bryophyta","IS_MONO",100,"IS_MONO","Strongly Supported"
NA,"FNA2AA_filterlen33","Bryophyta","NO_CLADE",NA,"NO_CLADE","Missing"
NA,"FNA2AA_filterlen33","Bryophyta","IS_MONO_INCOMPLETE",73,"CAN_MONO_INCOMPLETE","Weakly Supported"
NA,"FNA2AA_filterlen33","Bryophyta","NOT_MONO",NA,"CAN_MONO_INCOMPLETE","Weakly Reject"
NA,"FNA2AA_filterlen33","Bryophyta","NO_CLADE",NA,"NO_CLADE","Missing"
NA,"FNA2AA_filterlen33","Bryophyta","IS_MONO_INCOMPLETE",94,"IS_MONO_INCOMPLETE","Strongly Supported"
NA,"FNA2AA_filterlen33","Bryophyta","NO_CLADE",NA,"NO_CLADE","Missing"
NA,"FNA2AA_filterlen33","Bryophyta","IS_MONO",75,"IS_MONO","Strongly Supported"
NA,"FNA2AA_filterlen33","Bryophyta","IS_MONO_INCOMPLETE",100,"IS_MONO_INCOMPLETE","Strongly Supported"
NA,"FNA2AA_filterlen33","Bryophyta","IS_MONO_INCOMPLETE",100,"IS_MONO_INCOMPLETE","Strongly Supported"
NA,"FNA2AA_filterlen33","Bryophyta","NO_CLADE",NA,"NO_CLADE","Missing"
NA,"FNA2AA_filterlen33","Bryophyta","IS_MONO_INCOMPLETE",27,"CAN_MONO_INCOMPLETE","Weakly Supported"
NA,"FNA2AA_filterlen33","Bryophyta","NO_CLADE",NA,"NO_CLADE","Missing"
NA,"FNA2AA_filterlen33","Bryophyta","IS_MONO_INCOMPLETE",100,"IS_MONO_INCOMPLETE","Strongly Supported"
NA,"FNA2AA_filterlen33","Bryophyta","IS_MONO_INCOMPLETE",100,"IS_MONO_INCOMPLETE","Strongly Supported"
NA,"FNA2AA_filterlen33","Bryophyta","NO_CLADE",NA,"NO_CLADE","Missing"
NA,"FNA2AA_filterlen33","Bryophyta","IS_MONO_INCOMPLETE",20,"CAN_MONO_INCOMPLETE","Weakly Supported"
NA,"FNA2AA_filterlen33","Bryophyta","NO_CLADE",NA,"NO_CLADE","Missing"
NA,"FNA2AA_filterlen33","Bryophyta","IS_MONO_INCOMPLETE",68,"CAN_MONO_INCOMPLETE","Weakly Supported"
NA,"FNA2AA_filterlen33","Bryophyta","IS_MONO_INCOMPLETE",17,"CAN_MONO_INCOMPLETE","Weakly Supported"
NA,"FNA2AA_filterlen33","Bryophyta","NO_CLADE",NA,"NO_CLADE","Missing"
NA,"FNA2AA_filterlen33","Bryophyta","NOT_MONO",NA,"CAN_MONO_INCOMPLETE","Weakly Reject"
NA,"FNA2AA_filterlen33","Bryophyta","IS_MONO_INCOMPLETE",100,"IS_MONO_INCOMPLETE","Strongly Supported"
NA,"FNA2AA_filterlen33","Bryophyta","NO_CLADE",NA,"NO_CLADE","Missing"
NA,"FNA2AA_filterlen33","Bryophyta","IS_MONO_INCOMPLETE",53,"CAN_MONO_INCOMPLETE","Weakly Supported"
NA,"FNA2AA_filterlen33","Bryophyta","IS_MONO",70,"CAN_MONO","Weakly Supported"
NA,"FNA2AA_filterlen33","Bryophyta","IS_MONO_INCOMPLETE",92,"IS_MONO_INCOMPLETE","Strongly Supported"
NA,"FNA2AA_filterlen33","Bryophyta","IS_MONO_INCOMPLETE",98,"IS_MONO_INCOMPLETE","Strongly Supported"
NA,"FNA2AA_filterlen33","Bryophyta","NO_CLADE",NA,"NO_CLADE","Missing"
NA,"FNA2AA_filterlen33","Bryophyta","IS_MONO_INCOMPLETE",100,"IS_MONO_INCOMPLETE","Strongly Supported"
NA,"FNA2AA_filterlen33","Bryophyta","IS_MONO_INCOMPLETE",84,"IS_MONO_INCOMPLETE","Strongly Supported"
NA,"FNA2AA_filterlen33","Bryophyta","IS_MONO_INCOMPLETE",100,"IS_MONO_INCOMPLETE","Strongly Supported"
NA,"FNA2AA_filterlen33","Bryophyta","NOT_MONO",NA,"NOT_MONO","Strongly Reject"
NA,"FNA2AA_filterlen33","Bryophyta","IS_MONO_INCOMPLETE",74,"CAN_MONO_INCOMPLETE","Weakly Supported"
NA,"FNA2AA_filterlen33","Bryophyta","IS_MONO_INCOMPLETE",100,"IS_MONO_INCOMPLETE","Strongly Supported"
NA,"FNA2AA_filterlen33","Bryophyta","IS_MONO_INCOMPLETE",100,"IS_MONO_INCOMPLETE","Strongly Supported"
NA,"FNA2AA_filterlen33","Bryophyta","IS_MONO_INCOMPLETE",97,"IS_MONO_INCOMPLETE","Strongly Supported"
NA,"FNA2AA_filterlen33","Bryophyta","IS_MONO_INCOMPLETE",100,"IS_MONO_INCOMPLETE","Strongly Supported"
NA,"FNA2AA_filterlen33","Bryophyta","IS_MONO_INCOMPLETE",100,"IS_MONO_INCOMPLETE","Strongly Supported"
NA,"FNA2AA_filterlen33","Bryophyta","IS_MONO_INCOMPLETE",94,"IS_MONO_INCOMPLETE","Strongly Supported"
NA,"FNA2AA_filterlen33","Bryophyta","IS_MONO_INCOMPLETE",97,"IS_MONO_INCOMPLETE","Strongly Supported"
NA,"FNA2AA_filterlen33","Bryophyta","NOT_MONO",NA,"NOT_MONO","Strongly Reject"
NA,"FNA2AA_filterlen33","Bryophyta","IS_MONO_INCOMPLETE",59,"CAN_MONO_INCOMPLETE","Weakly Supported"
NA,"FNA2AA_filterlen33","Bryophyta","IS_MONO_INCOMPLETE",100,"IS_MONO_INCOMPLETE","Strongly Supported"
NA,"FNA2AA_filterlen33","Bryophyta","NO_CLADE",NA,"NO_CLADE","Missing"
NA,"FNA2AA_filterlen33","Bryophyta","IS_MONO_INCOMPLETE",92,"IS_MONO_INCOMPLETE","Strongly Supported"
NA,"FNA2AA_filterlen33","Bryophyta","IS_MONO_INCOMPLETE",80,"IS_MONO_INCOMPLETE","Strongly Supported"
NA,"FNA2AA_filterlen33","Bryophyta","NO_CLADE",NA,"NO_CLADE","Missing"
NA,"FNA2AA_filterlen33","Bryophyta","NOT_MONO",NA,"CAN_MONO_INCOMPLETE","Weakly Reject"
NA,"FNA2AA_filterlen33","Bryophyta","IS_MONO_INCOMPLETE",91,"IS_MONO_INCOMPLETE","Strongly Supported"
NA,"FNA2AA_filterlen33","Bryophyta","IS_MONO_INCOMPLETE",98,"IS_MONO_INCOMPLETE","Strongly Supported"
NA,"FNA2AA_filterlen33","Bryophyta","IS_MONO_INCOMPLETE",83,"IS_MONO_INCOMPLETE","Strongly Supported"
NA,"FNA2AA_filterlen33","Bryophyta","IS_MONO_INCOMPLETE",99,"IS_MONO_INCOMPLETE","Strongly Supported"
NA,"FNA2AA_filterlen33","Bryophyta","NO_CLADE",NA,"NO_CLADE","Missing"
NA,"FNA2AA_filterlen33","Bryophyta","NO_CLADE",NA,"NO_CLADE","Missing"
NA,"FNA2AA_filterlen33","Bryophyta","NO_CLADE",NA,"NO_CLADE","Missing"
NA,"FNA2AA_filterlen33","Bryophyta","IS_MONO_INCOMPLETE",94,"IS_MONO_INCOMPLETE","Strongly Supported"
NA,"FNA2AA_filterlen33","Bryophyta","IS_MONO_INCOMPLETE",93,"IS_MONO_INCOMPLETE","Strongly Supported"
NA,"FNA2AA_filterlen33","Bryophyta","IS_MONO_INCOMPLETE",100,"IS_MONO_INCOMPLETE","Strongly Supported"
NA,"FNA2AA_filterlen33","Bryophyta","IS_MONO_INCOMPLETE",100,"IS_MONO_INCOMPLETE","Strongly Supported"
NA,"FNA2AA_filterlen33","Bryophyta","NO_CLADE",NA,"NO_CLADE","Missing"
NA,"FNA2AA_filterlen33","Bryophyta","NO_CLADE",NA,"NO_CLADE","Missing"
NA,"FNA2AA_filterlen33","Bryophyta","IS_MONO_INCOMPLETE",97,"IS_MONO_INCOMPLETE","Strongly Supported"
NA,"FNA2AA_filterlen33","Bryophyta","NO_CLADE",NA,"NO_CLADE","Missing"
NA,"FNA2AA_filterlen33","Bryophyta","NOT_MONO",NA,"NOT_MONO","Strongly Reject"
NA,"FNA2AA_filterlen33","Bryophyta","NO_CLADE",NA,"NO_CLADE","Missing"
NA,"FNA2AA_filterlen33","Bryophyta","NO_CLADE",NA,"NO_CLADE","Missing"
NA,"FNA2AA_filterlen33","Bryophyta","NO_CLADE",NA,"NO_CLADE","Missing"
NA,"FNA2AA_filterlen33","Bryophyta","IS_MONO_INCOMPLETE",75,"IS_MONO_INCOMPLETE","Strongly Supported"
NA,"FNA2AA_filterlen33","Bryophyta","NO_CLADE",NA,"NO_CLADE","Missing"
NA,"FNA2AA_filterlen33","Bryophyta","IS_MONO_INCOMPLETE",100,"IS_MONO_INCOMPLETE","Strongly Supported"
NA,"FNA2AA_filterlen33","Bryophyta","IS_MONO_INCOMPLETE",76,"IS_MONO_INCOMPLETE","Strongly Supported"
NA,"FNA2AA_filterlen33","Bryophyta","NOT_MONO",NA,"CAN_MONO_INCOMPLETE","Weakly Reject"
NA,"FNA2AA_filterlen33","Bryophyta","IS_MONO_INCOMPLETE",100,"IS_MONO_INCOMPLETE","Strongly Supported"
NA,"FNA2AA_filterlen33","Bryophyta","IS_MONO_INCOMPLETE",100,"IS_MONO_INCOMPLETE","Strongly Supported"
NA,"FNA2AA_filterlen33","Bryophyta","NOT_MONO",NA,"CAN_MONO_INCOMPLETE","Weakly Reject"
NA,"FNA2AA_filterlen33","Bryophyta","IS_MONO_INCOMPLETE",100,"IS_MONO_INCOMPLETE","Strongly Supported"
NA,"FNA2AA_filterlen33","Bryophyta","IS_MONO_INCOMPLETE",88,"IS_MONO_INCOMPLETE","Strongly Supported"
NA,"FNA2AA_filterlen33","Bryophyta","NO_CLADE",NA,"NO_CLADE","Missing"
NA,"FNA2AA_filterlen33","Bryophyta","IS_MONO_INCOMPLETE",100,"IS_MONO_INCOMPLETE","Strongly Supported"
NA,"FNA2AA_filterlen33","Bryophyta","IS_MONO_INCOMPLETE",84,"IS_MONO_INCOMPLETE","Strongly Supported"
NA,"FNA2AA_filterlen33","Bryophyta","IS_MONO_INCOMPLETE",100,"IS_MONO_INCOMPLETE","Strongly Supported"
NA,"FNA2AA_filterlen33","Bryophyta","IS_MONO_INCOMPLETE",100,"IS_MONO_INCOMPLETE","Strongly Supported"
NA,"FNA2AA_filterlen33","Bryophyta","IS_MONO_INCOMPLETE",96,"IS_MONO_INCOMPLETE","Strongly Supported"
NA,"FNA2AA_filterlen33","Bryophyta","NO_CLADE",NA,"NO_CLADE","Missing"
NA,"FNA2AA_filterlen33","Bryophyta","NO_CLADE",NA,"NO_CLADE","Missing"
NA,"FNA2AA_filterlen33","Bryophyta","IS_MONO_INCOMPLETE",51,"CAN_MONO_INCOMPLETE","Weakly Supported"
NA,"FNA2AA_filterlen33","Bryophyta","NOT_MONO",NA,"CAN_MONO_INCOMPLETE","Weakly Reject"
NA,"FNA2AA_filterlen33","Bryophyta","NO_CLADE",NA,"NO_CLADE","Missing"
NA,"FNA2AA_filterlen33","Bryophyta","IS_MONO_INCOMPLETE",95,"IS_MONO_INCOMPLETE","Strongly Supported"
NA,"FNA2AA_filterlen33","Bryophyta","IS_MONO_INCOMPLETE",100,"IS_MONO_INCOMPLETE","Strongly Supported"
NA,"FNA2AA_filterlen33","Bryophyta","NO_CLADE",NA,"NO_CLADE","Missing"
NA,"FNA2AA_filterlen33","Bryophyta","NOT_MONO",NA,"CAN_MONO_INCOMPLETE","Weakly Reject"
NA,"FNA2AA_filterlen33","Bryophyta","IS_MONO_INCOMPLETE",100,"IS_MONO_INCOMPLETE","Strongly Supported"
NA,"FNA2AA_filterlen33","Bryophyta","IS_MONO_INCOMPLETE",89,"IS_MONO_INCOMPLETE","Strongly Supported"
NA,"FNA2AA_filterlen33","Bryophyta","NO_CLADE",NA,"NO_CLADE","Missing"
NA,"FNA2AA_filterlen33","Bryophyta","NO_CLADE",NA,"NO_CLADE","Missing"
NA,"FNA2AA_filterlen33","Bryophyta","IS_MONO_INCOMPLETE",100,"IS_MONO_INCOMPLETE","Strongly Supported"
NA,"FNA2AA_filterlen33","Bryophyta","IS_MONO_INCOMPLETE",75,"IS_MONO_INCOMPLETE","Strongly Supported"
NA,"FNA2AA_filterlen33","Bryophyta","IS_MONO_INCOMPLETE",100,"IS_MONO_INCOMPLETE","Strongly Supported"
NA,"FNA2AA_filterlen33","Bryophyta","IS_MONO_INCOMPLETE",63,"CAN_MONO_INCOMPLETE","Weakly Supported"
NA,"FNA2AA_filterlen33","Bryophyta","NO_CLADE",NA,"NO_CLADE","Missing"
NA,"FNA2AA_filterlen33","Bryophyta","IS_MONO_INCOMPLETE",95,"IS_MONO_INCOMPLETE","Strongly Supported"
NA,"FNA2AA_filterlen33","Bryophyta","IS_MONO_INCOMPLETE",100,"IS_MONO_INCOMPLETE","Strongly Supported"
NA,"FNA2AA_filterlen33","Bryophyta","NO_CLADE",NA,"NO_CLADE","Missing"
NA,"FNA2AA_filterlen33","Bryophyta","NO_CLADE",NA,"NO_CLADE","Missing"
NA,"FNA2AA_filterlen33","Bryophyta","NO_CLADE",NA,"NO_CLADE","Missing"
NA,"FNA2AA_filterlen33","Bryophyta","NO_CLADE",NA,"NO_CLADE","Missing"
NA,"FNA2AA_filterlen33","Bryophyta","IS_MONO_INCOMPLETE",100,"IS_MONO_INCOMPLETE","Strongly Supported"
NA,"FNA2AA_filterlen33","Bryophyta","NO_CLADE",NA,"NO_CLADE","Missing"
NA,"FNA2AA_filterlen33","Bryophyta","IS_MONO_INCOMPLETE",100,"IS_MONO_INCOMPLETE","Strongly Supported"
NA,"FNA2AA_filterlen33","Bryophyta","NO_CLADE",NA,"NO_CLADE","Missing"
NA,"FNA2AA_filterlen33","Bryophyta","IS_MONO_INCOMPLETE",73,"CAN_MONO_INCOMPLETE","Weakly Supported"
NA,"FNA2AA_filterlen33","Bryophyta","IS_MONO_INCOMPLETE",98,"IS_MONO_INCOMPLETE","Strongly Supported"
NA,"FNA2AA_filterlen33","Bryophyta","IS_MONO_INCOMPLETE",95,"IS_MONO_INCOMPLETE","Strongly Supported"
NA,"FNA2AA_filterlen33","Bryophyta","NO_CLADE",NA,"NO_CLADE","Missing"
NA,"FNA2AA_filterlen33","Bryophyta","IS_MONO_INCOMPLETE",91,"IS_MONO_INCOMPLETE","Strongly Supported"
NA,"FNA2AA_filterlen33","Bryophyta","NO_CLADE",NA,"NO_CLADE","Missing"
NA,"FNA2AA_filterlen33","Bryophyta","IS_MONO_INCOMPLETE",100,"IS_MONO_INCOMPLETE","Strongly Supported"
NA,"FNA2AA_filterlen33","Bryophyta","IS_MONO_INCOMPLETE",99,"IS_MONO_INCOMPLETE","Strongly Supported"
NA,"FNA2AA_filterlen33","Bryophyta","IS_MONO_INCOMPLETE",100,"IS_MONO_INCOMPLETE","Strongly Supported"
NA,"FNA2AA_filterlen33","Bryophyta","IS_MONO_INCOMPLETE",100,"IS_MONO_INCOMPLETE","Strongly Supported"
NA,"FNA2AA_filterlen33","Bryophyta","NO_CLADE",NA,"NO_CLADE","Missing"
NA,"FNA2AA_filterlen33","Bryophyta","NO_CLADE",NA,"NO_CLADE","Missing"
NA,"FNA2AA_filterlen33","Bryophyta","IS_MONO_INCOMPLETE",94,"IS_MONO_INCOMPLETE","Strongly Supported"
NA,"FNA2AA_filterlen33","Bryophyta","NO_CLADE",NA,"NO_CLADE","Missing"
NA,"FNA2AA_filterlen33","Bryophyta","IS_MONO",98,"IS_MONO","Strongly Supported"
NA,"FNA2AA_filterlen33","Bryophyta","NO_CLADE",NA,"NO_CLADE","Missing"
NA,"FNA2AA_filterlen33","Bryophyta","IS_MONO_INCOMPLETE",92,"IS_MONO_INCOMPLETE","Strongly Supported"
NA,"FNA2AA_filterlen33","Bryophyta","IS_MONO_INCOMPLETE",100,"IS_MONO_INCOMPLETE","Strongly Supported"
NA,"FNA2AA_filterlen33","Bryophyta","IS_MONO_INCOMPLETE",99,"IS_MONO_INCOMPLETE","Strongly Supported"
NA,"FNA2AA_filterlen33","Bryophyta","IS_MONO_INCOMPLETE",83,"IS_MONO_INCOMPLETE","Strongly Supported"
NA,"FNA2AA_filterlen33","Bryophyta","IS_MONO_INCOMPLETE",100,"IS_MONO_INCOMPLETE","Strongly Supported"
NA,"FNA2AA_filterlen33","Bryophyta","IS_MONO_INCOMPLETE",98,"IS_MONO_INCOMPLETE","Strongly Supported"
NA,"FNA2AA_filterlen33","Bryophyta","IS_MONO_INCOMPLETE",97,"IS_MONO_INCOMPLETE","Strongly Supported"
NA,"FNA2AA_filterlen33","Bryophyta","IS_MONO_INCOMPLETE",100,"IS_MONO_INCOMPLETE","Strongly Supported"
NA,"FNA2AA_filterlen33","Bryophyta","NO_CLADE",NA,"NO_CLADE","Missing"
NA,"FNA2AA_filterlen33","Bryophyta","NO_CLADE",NA,"NO_CLADE","Missing"
NA,"FNA2AA_filterlen33","Bryophyta","IS_MONO_INCOMPLETE",98,"IS_MONO_INCOMPLETE","Strongly Supported"
NA,"FNA2AA_filterlen33","Bryophyta","IS_MONO_INCOMPLETE",53,"CAN_MONO_INCOMPLETE","Weakly Supported"
NA,"FNA2AA_filterlen33","Bryophyta","IS_MONO_INCOMPLETE",100,"IS_MONO_INCOMPLETE","Strongly Supported"
NA,"FNA2AA_filterlen33","Bryophyta","NO_CLADE",NA,"NO_CLADE","Missing"
NA,"FNA2AA_filterlen33","Bryophyta","IS_MONO_INCOMPLETE",100,"IS_MONO_INCOMPLETE","Strongly Supported"
NA,"FNA2AA_filterlen33","Bryophyta","IS_MONO_INCOMPLETE",95,"IS_MONO_INCOMPLETE","Strongly Supported"
NA,"FNA2AA_filterlen33","Bryophyta","NO_CLADE",NA,"NO_CLADE","Missing"
NA,"FNA2AA_filterlen33","Bryophyta","IS_MONO_INCOMPLETE",34,"CAN_MONO_INCOMPLETE","Weakly Supported"
NA,"FNA2AA_filterlen33","Bryophyta","IS_MONO_INCOMPLETE",80,"IS_MONO_INCOMPLETE","Strongly Supported"
NA,"FNA2AA_filterlen33","Bryophyta","NO_CLADE",NA,"NO_CLADE","Missing"
NA,"FNA2AA_filterlen33","Bryophyta","IS_MONO_INCOMPLETE",97,"IS_MONO_INCOMPLETE","Strongly Supported"
NA,"FNA2AA_filterlen33","Bryophyta","IS_MONO_INCOMPLETE",83,"IS_MONO_INCOMPLETE","Strongly Supported"
NA,"FNA2AA_filterlen33","Bryophyta","NOT_MONO",NA,"CAN_MONO_INCOMPLETE","Weakly Reject"
NA,"FNA2AA_filterlen33","Bryophyta","NO_CLADE",NA,"NO_CLADE","Missing"
NA,"FNA2AA_filterlen33","Bryophyta","NOT_MONO",NA,"NOT_MONO","Strongly Reject"
NA,"FNA2AA_filterlen33","Bryophyta","NO_CLADE",NA,"NO_CLADE","Missing"
NA,"FNA2AA_filterlen33","Bryophyta","IS_MONO_INCOMPLETE",80,"IS_MONO_INCOMPLETE","Strongly Supported"
NA,"FNA2AA_filterlen33","Bryophyta","IS_MONO_INCOMPLETE",96,"IS_MONO_INCOMPLETE","Strongly Supported"
NA,"FNA2AA_filterlen33","Bryophyta","IS_MONO_INCOMPLETE",96,"IS_MONO_INCOMPLETE","Strongly Supported"
NA,"FNA2AA_filterlen33","Bryophyta","NO_CLADE",NA,"NO_CLADE","Missing"
NA,"FNA2AA_filterlen33","Bryophyta","IS_MONO_INCOMPLETE",100,"IS_MONO_INCOMPLETE","Strongly Supported"
NA,"FNA2AA_filterlen33","Bryophyta","IS_MONO_INCOMPLETE",95,"IS_MONO_INCOMPLETE","Strongly Supported"
NA,"FNA2AA_filterlen33","Bryophyta","NOT_MONO",NA,"NOT_MONO","Strongly Reject"
NA,"FNA2AA_filterlen33","Bryophyta","NO_CLADE",NA,"NO_CLADE","Missing"
NA,"FNA2AA_filterlen33","Bryophyta","NO_CLADE",NA,"NO_CLADE","Missing"
NA,"FNA2AA_filterlen33","Bryophyta","IS_MONO_INCOMPLETE",95,"IS_MONO_INCOMPLETE","Strongly Supported"
NA,"FNA2AA_filterlen33","Bryophyta","NO_CLADE",NA,"NO_CLADE","Missing"
NA,"FNA2AA_filterlen33","Bryophyta","NO_CLADE",NA,"NO_CLADE","Missing"
NA,"FNA2AA_filterlen33","Bryophyta","IS_MONO_INCOMPLETE",93,"IS_MONO_INCOMPLETE","Strongly Supported"
NA,"FNA2AA_filterlen33","Bryophyta","NO_CLADE",NA,"NO_CLADE","Missing"
NA,"FNA2AA_filterlen33","Bryophyta","IS_MONO_INCOMPLETE",98,"IS_MONO_INCOMPLETE","Strongly Supported"
NA,"FNA2AA_filterlen33","Bryophyta","NO_CLADE",NA,"NO_CLADE","Missing"
NA,"FNA2AA_filterlen33","Bryophyta","NO_CLADE",NA,"NO_CLADE","Missing"
NA,"FNA2AA_filterlen33","Bryophyta","IS_MONO_INCOMPLETE",88,"IS_MONO_INCOMPLETE","Strongly Supported"
NA,"FNA2AA_filterlen33","Bryophyta","IS_MONO_INCOMPLETE",98,"IS_MONO_INCOMPLETE","Strongly Supported"
NA,"FNA2AA_filterlen33","Bryophyta","NO_CLADE",NA,"NO_CLADE","Missing"
NA,"FNA2AA_filterlen33","Bryophyta","IS_MONO_INCOMPLETE",80,"IS_MONO_INCOMPLETE","Strongly Supported"
NA,"FNA2AA_filterlen33","Bryophyta","IS_MONO_INCOMPLETE",100,"IS_MONO_INCOMPLETE","Strongly Supported"
NA,"FNA2AA_filterlen33","Bryophyta","NO_CLADE",NA,"NO_CLADE","Missing"
NA,"FNA2AA_filterlen33","Bryophyta","IS_MONO_INCOMPLETE",99,"IS_MONO_INCOMPLETE","Strongly Supported"
NA,"FNA2AA_filterlen33","Bryophyta","IS_MONO_INCOMPLETE",94,"IS_MONO_INCOMPLETE","Strongly Supported"
NA,"FNA2AA_filterlen33","Bryophyta","NO_CLADE",NA,"NO_CLADE","Missing"
NA,"FNA2AA_filterlen33","Bryophyta","NOT_MONO",NA,"CAN_MONO_INCOMPLETE","Weakly Reject"
NA,"FNA2AA_filterlen33","Bryophyta","NOT_MONO",NA,"NOT_MONO","Strongly Reject"
NA,"FNA2AA_filterlen33","Bryophyta","IS_MONO_INCOMPLETE",96,"IS_MONO_INCOMPLETE","Strongly Supported"
NA,"FNA2AA_filterlen33","Bryophyta","IS_MONO_INCOMPLETE",100,"IS_MONO_INCOMPLETE","Strongly Supported"
NA,"FNA2AA_filterlen33","Bryophyta","IS_MONO_INCOMPLETE",100,"IS_MONO_INCOMPLETE","Strongly Supported"
NA,"FNA2AA_filterlen33","Bryophyta","IS_MONO_INCOMPLETE",91,"IS_MONO_INCOMPLETE","Strongly Supported"
NA,"FNA2AA_filterlen33","Bryophyta","NO_CLADE",NA,"NO_CLADE","Missing"
NA,"FNA2AA_filterlen33","Bryophyta","IS_MONO_INCOMPLETE",97,"IS_MONO_INCOMPLETE","Strongly Supported"
NA,"FNA2AA_filterlen33","Bryophyta","IS_MONO_INCOMPLETE",100,"IS_MONO_INCOMPLETE","Strongly Supported"
NA,"FNA2AA_filterlen33","Bryophyta","IS_MONO_INCOMPLETE",39,"CAN_MONO_INCOMPLETE","Weakly Supported"
NA,"FNA2AA_filterlen33","Bryophyta","IS_MONO_INCOMPLETE",68,"CAN_MONO_INCOMPLETE","Weakly Supported"
NA,"FNA2AA_filterlen33","Bryophyta","NO_CLADE",NA,"NO_CLADE","Missing"
NA,"FNA2AA_filterlen33","Bryophyta","NO_CLADE",NA,"NO_CLADE","Missing"
NA,"FNA2AA_filterlen33","Bryophyta","IS_MONO_INCOMPLETE",89,"IS_MONO_INCOMPLETE","Strongly Supported"
NA,"FNA2AA_filterlen33","Bryophyta","NO_CLADE",NA,"NO_CLADE","Missing"
NA,"FNA2AA_filterlen33","Bryophyta","NO_CLADE",NA,"NO_CLADE","Missing"
NA,"FNA2AA_filterlen33","Bryophyta","NO_CLADE",NA,"NO_CLADE","Missing"
NA,"FNA2AA_filterlen33","Bryophyta","IS_MONO_INCOMPLETE",100,"IS_MONO_INCOMPLETE","Strongly Supported"
NA,"FNA2AA_filterlen33","Bryophyta","NO_CLADE",NA,"NO_CLADE","Missing"
NA,"FNA2AA_filterlen33","Bryophyta","NO_CLADE",NA,"NO_CLADE","Missing"
NA,"FNA2AA_filterlen33","Bryophyta","NO_CLADE",NA,"NO_CLADE","Missing"
NA,"FNA2AA_filterlen33","Bryophyta","IS_MONO_INCOMPLETE",100,"IS_MONO_INCOMPLETE","Strongly Supported"
NA,"FNA2AA_filterlen33","Bryophyta","IS_MONO_INCOMPLETE",60,"CAN_MONO_INCOMPLETE","Weakly Supported"
NA,"FNA2AA_filterlen33","Bryophyta","IS_MONO_INCOMPLETE",100,"IS_MONO_INCOMPLETE","Strongly Supported"
NA,"FNA2AA_filterlen33","Bryophyta","NO_CLADE",NA,"NO_CLADE","Missing"
NA,"FNA2AA_filterlen33","Bryophyta","NO_CLADE",NA,"NO_CLADE","Missing"
