"ID","DS","CLADE","MONO","BOOT","MONO.75","Classification"
NA,"FNA2AA_c1c2_filterlen33","Coleochaetales/LandPlants","COMP_MISSING",NA,"COMP_MISSING","Missing"
NA,"FNA2AA_c1c2_filterlen33","Coleochaetales/LandPlants","NOT_MONO",NA,"CAN_MONO_INCOMPLETE","Weakly Reject"
NA,"FNA2AA_c1c2_filterlen33","Coleochaetales/LandPlants","NOT_MONO",NA,"CAN_MONO_INCOMPLETE","Weakly Reject"
NA,"FNA2AA_c1c2_filterlen33","Coleochaetales/LandPlants","NOT_MONO",NA,"CAN_MONO_INCOMPLETE","Weakly Reject"
NA,"FNA2AA_c1c2_filterlen33","Coleochaetales/LandPlants","NOT_MONO",NA,"CAN_MONO_INCOMPLETE","Weakly Reject"
NA,"FNA2AA_c1c2_filterlen33","Coleochaetales/LandPlants","NOT_MONO",NA,"CAN_MONO_INCOMPLETE","Weakly Reject"
NA,"FNA2AA_c1c2_filterlen33","Coleochaetales/LandPlants","IS_MONO_INCOMPLETE",53,"CAN_MONO_INCOMPLETE","Weakly Supported"
NA,"FNA2AA_c1c2_filterlen33","Coleochaetales/LandPlants","COMP_MISSING",NA,"COMP_MISSING","Missing"
NA,"FNA2AA_c1c2_filterlen33","Coleochaetales/LandPlants","NOT_MONO",NA,"CAN_MONO_INCOMPLETE","Weakly Reject"
NA,"FNA2AA_c1c2_filterlen33","Coleochaetales/LandPlants","NOT_MONO",NA,"CAN_MONO_INCOMPLETE","Weakly Reject"
NA,"FNA2AA_c1c2_filterlen33","Coleochaetales/LandPlants","NOT_MONO",NA,"NOT_MONO","Strongly Reject"
NA,"FNA2AA_c1c2_filterlen33","Coleochaetales/LandPlants","NOT_MONO",NA,"CAN_MONO_INCOMPLETE","Weakly Reject"
NA,"FNA2AA_c1c2_filterlen33","Coleochaetales/LandPlants","NOT_MONO",NA,"CAN_MONO_INCOMPLETE","Weakly Reject"
NA,"FNA2AA_c1c2_filterlen33","Coleochaetales/LandPlants","IS_MONO_INCOMPLETE",89,"IS_MONO_INCOMPLETE","Strongly Supported"
NA,"FNA2AA_c1c2_filterlen33","Coleochaetales/LandPlants","NOT_MONO",NA,"CAN_MONO_INCOMPLETE","Weakly Reject"
NA,"FNA2AA_c1c2_filterlen33","Coleochaetales/LandPlants","NOT_MONO",NA,"CAN_MONO_INCOMPLETE","Weakly Reject"
NA,"FNA2AA_c1c2_filterlen33","Coleochaetales/LandPlants","NOT_MONO",NA,"CAN_MONO_INCOMPLETE","Weakly Reject"
NA,"FNA2AA_c1c2_filterlen33","Coleochaetales/LandPlants","NOT_MONO",NA,"CAN_MONO_INCOMPLETE","Weakly Reject"
NA,"FNA2AA_c1c2_filterlen33","Coleochaetales/LandPlants","NOT_MONO",NA,"NOT_MONO","Strongly Reject"
NA,"FNA2AA_c1c2_filterlen33","Coleochaetales/LandPlants","COMP_MISSING",NA,"COMP_MISSING","Missing"
NA,"FNA2AA_c1c2_filterlen33","Coleochaetales/LandPlants","NOT_MONO",NA,"CAN_MONO_INCOMPLETE","Weakly Reject"
NA,"FNA2AA_c1c2_filterlen33","Coleochaetales/LandPlants","NOT_MONO",NA,"CAN_MONO_INCOMPLETE","Weakly Reject"
NA,"FNA2AA_c1c2_filterlen33","Coleochaetales/LandPlants","IS_MONO_INCOMPLETE",86,"IS_MONO_INCOMPLETE","Strongly Supported"
NA,"FNA2AA_c1c2_filterlen33","Coleochaetales/LandPlants","NOT_MONO",NA,"CAN_MONO_INCOMPLETE","Weakly Reject"
NA,"FNA2AA_c1c2_filterlen33","Coleochaetales/LandPlants","NOT_MONO",NA,"CAN_MONO_INCOMPLETE","Weakly Reject"
NA,"FNA2AA_c1c2_filterlen33","Coleochaetales/LandPlants","NOT_MONO",NA,"CAN_MONO_INCOMPLETE","Weakly Reject"
NA,"FNA2AA_c1c2_filterlen33","Coleochaetales/LandPlants","COMP_MISSING",NA,"COMP_MISSING","Missing"
NA,"FNA2AA_c1c2_filterlen33","Coleochaetales/LandPlants","NOT_MONO",NA,"NOT_MONO","Strongly Reject"
NA,"FNA2AA_c1c2_filterlen33","Coleochaetales/LandPlants","NOT_MONO",NA,"CAN_MONO_INCOMPLETE","Weakly Reject"
NA,"FNA2AA_c1c2_filterlen33","Coleochaetales/LandPlants","CAN_MONO_INCOMPLETE",NA,"CAN_MONO_INCOMPLETE","Weakly Reject"
NA,"FNA2AA_c1c2_filterlen33","Coleochaetales/LandPlants","NOT_MONO",NA,"CAN_MONO_INCOMPLETE","Weakly Reject"
NA,"FNA2AA_c1c2_filterlen33","Coleochaetales/LandPlants","COMP_MISSING",NA,"COMP_MISSING","Missing"
NA,"FNA2AA_c1c2_filterlen33","Coleochaetales/LandPlants","IS_MONO_INCOMPLETE",56,"CAN_MONO_INCOMPLETE","Weakly Supported"
NA,"FNA2AA_c1c2_filterlen33","Coleochaetales/LandPlants","IS_MONO_INCOMPLETE",57,"CAN_MONO_INCOMPLETE","Weakly Supported"
NA,"FNA2AA_c1c2_filterlen33","Coleochaetales/LandPlants","CAN_MONO_INCOMPLETE",NA,"CAN_MONO_INCOMPLETE","Weakly Reject"
NA,"FNA2AA_c1c2_filterlen33","Coleochaetales/LandPlants","NOT_MONO",NA,"CAN_MONO_INCOMPLETE","Weakly Reject"
NA,"FNA2AA_c1c2_filterlen33","Coleochaetales/LandPlants","COMP_MISSING",NA,"COMP_MISSING","Missing"
NA,"FNA2AA_c1c2_filterlen33","Coleochaetales/LandPlants","NOT_MONO",NA,"CAN_MONO_INCOMPLETE","Weakly Reject"
NA,"FNA2AA_c1c2_filterlen33","Coleochaetales/LandPlants","NOT_MONO",NA,"CAN_MONO_INCOMPLETE","Weakly Reject"
NA,"FNA2AA_c1c2_filterlen33","Coleochaetales/LandPlants","NOT_MONO",NA,"CAN_MONO_INCOMPLETE","Weakly Reject"
NA,"FNA2AA_c1c2_filterlen33","Coleochaetales/LandPlants","IS_MONO_INCOMPLETE",1,"IS_MONO_INCOMPLETE","Strongly Supported"
NA,"FNA2AA_c1c2_filterlen33","Coleochaetales/LandPlants","NOT_MONO",NA,"CAN_MONO_INCOMPLETE","Weakly Reject"
NA,"FNA2AA_c1c2_filterlen33","Coleochaetales/LandPlants","NOT_MONO",NA,"CAN_MONO_INCOMPLETE","Weakly Reject"
NA,"FNA2AA_c1c2_filterlen33","Coleochaetales/LandPlants","NOT_MONO",NA,"CAN_MONO_INCOMPLETE","Weakly Reject"
NA,"FNA2AA_c1c2_filterlen33","Coleochaetales/LandPlants","COMP_MISSING",NA,"COMP_MISSING","Missing"
NA,"FNA2AA_c1c2_filterlen33","Coleochaetales/LandPlants","NOT_MONO",NA,"CAN_MONO_INCOMPLETE","Weakly Reject"
NA,"FNA2AA_c1c2_filterlen33","Coleochaetales/LandPlants","IS_MONO_INCOMPLETE",16,"CAN_MONO_INCOMPLETE","Weakly Supported"
NA,"FNA2AA_c1c2_filterlen33","Coleochaetales/LandPlants","NOT_MONO",NA,"CAN_MONO_INCOMPLETE","Weakly Reject"
NA,"FNA2AA_c1c2_filterlen33","Coleochaetales/LandPlants","IS_MONO_INCOMPLETE",1,"IS_MONO_INCOMPLETE","Strongly Supported"
NA,"FNA2AA_c1c2_filterlen33","Coleochaetales/LandPlants","NOT_MONO",NA,"CAN_MONO_INCOMPLETE","Weakly Reject"
NA,"FNA2AA_c1c2_filterlen33","Coleochaetales/LandPlants","NOT_MONO",NA,"CAN_MONO_INCOMPLETE","Weakly Reject"
NA,"FNA2AA_c1c2_filterlen33","Coleochaetales/LandPlants","NOT_MONO",NA,"CAN_MONO_INCOMPLETE","Weakly Reject"
NA,"FNA2AA_c1c2_filterlen33","Coleochaetales/LandPlants","NOT_MONO",NA,"CAN_MONO_INCOMPLETE","Weakly Reject"
NA,"FNA2AA_c1c2_filterlen33","Coleochaetales/LandPlants","NOT_MONO",NA,"CAN_MONO_INCOMPLETE","Weakly Reject"
NA,"FNA2AA_c1c2_filterlen33","Coleochaetales/LandPlants","COMP_MISSING",NA,"COMP_MISSING","Missing"
NA,"FNA2AA_c1c2_filterlen33","Coleochaetales/LandPlants","IS_MONO_INCOMPLETE",52,"CAN_MONO_INCOMPLETE","Weakly Supported"
NA,"FNA2AA_c1c2_filterlen33","Coleochaetales/LandPlants","IS_MONO_INCOMPLETE",1,"IS_MONO_INCOMPLETE","Strongly Supported"
NA,"FNA2AA_c1c2_filterlen33","Coleochaetales/LandPlants","NOT_MONO",NA,"CAN_MONO_INCOMPLETE","Weakly Reject"
NA,"FNA2AA_c1c2_filterlen33","Coleochaetales/LandPlants","NOT_MONO",NA,"CAN_MONO_INCOMPLETE","Weakly Reject"
NA,"FNA2AA_c1c2_filterlen33","Coleochaetales/LandPlants","NOT_MONO",NA,"NOT_MONO","Strongly Reject"
NA,"FNA2AA_c1c2_filterlen33","Coleochaetales/LandPlants","NOT_MONO",NA,"CAN_MONO_INCOMPLETE","Weakly Reject"
NA,"FNA2AA_c1c2_filterlen33","Coleochaetales/LandPlants","NOT_MONO",NA,"CAN_MONO_INCOMPLETE","Weakly Reject"
NA,"FNA2AA_c1c2_filterlen33","Coleochaetales/LandPlants","COMP_MISSING",NA,"COMP_MISSING","Missing"
NA,"FNA2AA_c1c2_filterlen33","Coleochaetales/LandPlants","NOT_MONO",NA,"CAN_MONO_INCOMPLETE","Weakly Reject"
NA,"FNA2AA_c1c2_filterlen33","Coleochaetales/LandPlants","NOT_MONO",NA,"NOT_MONO","Strongly Reject"
NA,"FNA2AA_c1c2_filterlen33","Coleochaetales/LandPlants","NOT_MONO",NA,"CAN_MONO_INCOMPLETE","Weakly Reject"
NA,"FNA2AA_c1c2_filterlen33","Coleochaetales/LandPlants","COMP_MISSING",NA,"COMP_MISSING","Missing"
NA,"FNA2AA_c1c2_filterlen33","Coleochaetales/LandPlants","COMP_MISSING",NA,"COMP_MISSING","Missing"
NA,"FNA2AA_c1c2_filterlen33","Coleochaetales/LandPlants","NOT_MONO",NA,"CAN_MONO_INCOMPLETE","Weakly Reject"
NA,"FNA2AA_c1c2_filterlen33","Coleochaetales/LandPlants","NOT_MONO",NA,"NOT_MONO","Strongly Reject"
NA,"FNA2AA_c1c2_filterlen33","Coleochaetales/LandPlants","NOT_MONO",NA,"CAN_MONO_INCOMPLETE","Weakly Reject"
NA,"FNA2AA_c1c2_filterlen33","Coleochaetales/LandPlants","COMP_MISSING",NA,"COMP_MISSING","Missing"
NA,"FNA2AA_c1c2_filterlen33","Coleochaetales/LandPlants","IS_MONO_INCOMPLETE",83,"IS_MONO_INCOMPLETE","Strongly Supported"
NA,"FNA2AA_c1c2_filterlen33","Coleochaetales/LandPlants","NOT_MONO",NA,"CAN_MONO_INCOMPLETE","Weakly Reject"
NA,"FNA2AA_c1c2_filterlen33","Coleochaetales/LandPlants","NOT_MONO",NA,"CAN_MONO_INCOMPLETE","Weakly Reject"
NA,"FNA2AA_c1c2_filterlen33","Coleochaetales/LandPlants","NOT_MONO",NA,"CAN_MONO_INCOMPLETE","Weakly Reject"
NA,"FNA2AA_c1c2_filterlen33","Coleochaetales/LandPlants","NOT_MONO",NA,"CAN_MONO_INCOMPLETE","Weakly Reject"
NA,"FNA2AA_c1c2_filterlen33","Coleochaetales/LandPlants","IS_MONO_INCOMPLETE",63,"CAN_MONO_INCOMPLETE","Weakly Supported"
NA,"FNA2AA_c1c2_filterlen33","Coleochaetales/LandPlants","NOT_MONO",NA,"NOT_MONO","Strongly Reject"
NA,"FNA2AA_c1c2_filterlen33","Coleochaetales/LandPlants","IS_MONO_INCOMPLETE",73,"CAN_MONO_INCOMPLETE","Weakly Supported"
NA,"FNA2AA_c1c2_filterlen33","Coleochaetales/LandPlants","NOT_MONO",NA,"NOT_MONO","Strongly Reject"
NA,"FNA2AA_c1c2_filterlen33","Coleochaetales/LandPlants","COMP_MISSING",NA,"COMP_MISSING","Missing"
NA,"FNA2AA_c1c2_filterlen33","Coleochaetales/LandPlants","IS_MONO_INCOMPLETE",44,"CAN_MONO_INCOMPLETE","Weakly Supported"
NA,"FNA2AA_c1c2_filterlen33","Coleochaetales/LandPlants","NOT_MONO",NA,"CAN_MONO_INCOMPLETE","Weakly Reject"
NA,"FNA2AA_c1c2_filterlen33","Coleochaetales/LandPlants","COMP_MISSING",NA,"COMP_MISSING","Missing"
NA,"FNA2AA_c1c2_filterlen33","Coleochaetales/LandPlants","NOT_MONO",NA,"CAN_MONO_INCOMPLETE","Weakly Reject"
NA,"FNA2AA_c1c2_filterlen33","Coleochaetales/LandPlants","NOT_MONO",NA,"CAN_MONO_INCOMPLETE","Weakly Reject"
NA,"FNA2AA_c1c2_filterlen33","Coleochaetales/LandPlants","NOT_MONO",NA,"CAN_MONO_INCOMPLETE","Weakly Reject"
NA,"FNA2AA_c1c2_filterlen33","Coleochaetales/LandPlants","IS_MONO_INCOMPLETE",1,"IS_MONO_INCOMPLETE","Strongly Supported"
NA,"FNA2AA_c1c2_filterlen33","Coleochaetales/LandPlants","NOT_MONO",NA,"CAN_MONO_INCOMPLETE","Weakly Reject"
NA,"FNA2AA_c1c2_filterlen33","Coleochaetales/LandPlants","IS_MONO_INCOMPLETE",88,"IS_MONO_INCOMPLETE","Strongly Supported"
NA,"FNA2AA_c1c2_filterlen33","Coleochaetales/LandPlants","COMP_MISSING",NA,"COMP_MISSING","Missing"
NA,"FNA2AA_c1c2_filterlen33","Coleochaetales/LandPlants","NOT_MONO",NA,"CAN_MONO_INCOMPLETE","Weakly Reject"
NA,"FNA2AA_c1c2_filterlen33","Coleochaetales/LandPlants","IS_MONO_INCOMPLETE",62,"CAN_MONO_INCOMPLETE","Weakly Supported"
NA,"FNA2AA_c1c2_filterlen33","Coleochaetales/LandPlants","COMP_MISSING",NA,"COMP_MISSING","Missing"
NA,"FNA2AA_c1c2_filterlen33","Coleochaetales/LandPlants","NOT_MONO",NA,"CAN_MONO_INCOMPLETE","Weakly Reject"
NA,"FNA2AA_c1c2_filterlen33","Coleochaetales/LandPlants","NOT_MONO",NA,"CAN_MONO_INCOMPLETE","Weakly Reject"
NA,"FNA2AA_c1c2_filterlen33","Coleochaetales/LandPlants","NOT_MONO",NA,"CAN_MONO_INCOMPLETE","Weakly Reject"
NA,"FNA2AA_c1c2_filterlen33","Coleochaetales/LandPlants","COMP_MISSING",NA,"COMP_MISSING","Missing"
NA,"FNA2AA_c1c2_filterlen33","Coleochaetales/LandPlants","NOT_MONO",NA,"CAN_MONO_INCOMPLETE","Weakly Reject"
NA,"FNA2AA_c1c2_filterlen33","Coleochaetales/LandPlants","NOT_MONO",NA,"CAN_MONO_INCOMPLETE","Weakly Reject"
NA,"FNA2AA_c1c2_filterlen33","Coleochaetales/LandPlants","NOT_MONO",NA,"CAN_MONO_INCOMPLETE","Weakly Reject"
NA,"FNA2AA_c1c2_filterlen33","Coleochaetales/LandPlants","NOT_MONO",NA,"CAN_MONO_INCOMPLETE","Weakly Reject"
NA,"FNA2AA_c1c2_filterlen33","Coleochaetales/LandPlants","NOT_MONO",NA,"CAN_MONO_INCOMPLETE","Weakly Reject"
NA,"FNA2AA_c1c2_filterlen33","Coleochaetales/LandPlants","NOT_MONO",NA,"CAN_MONO_INCOMPLETE","Weakly Reject"
NA,"FNA2AA_c1c2_filterlen33","Coleochaetales/LandPlants","IS_MONO_INCOMPLETE",1,"IS_MONO_INCOMPLETE","Strongly Supported"
NA,"FNA2AA_c1c2_filterlen33","Coleochaetales/LandPlants","NOT_MONO",NA,"CAN_MONO_INCOMPLETE","Weakly Reject"
NA,"FNA2AA_c1c2_filterlen33","Coleochaetales/LandPlants","NOT_MONO",NA,"CAN_MONO_INCOMPLETE","Weakly Reject"
NA,"FNA2AA_c1c2_filterlen33","Coleochaetales/LandPlants","COMP_MISSING",NA,"COMP_MISSING","Missing"
NA,"FNA2AA_c1c2_filterlen33","Coleochaetales/LandPlants","COMP_MISSING",NA,"COMP_MISSING","Missing"
NA,"FNA2AA_c1c2_filterlen33","Coleochaetales/LandPlants","NOT_MONO",NA,"NOT_MONO","Strongly Reject"
NA,"FNA2AA_c1c2_filterlen33","Coleochaetales/LandPlants","COMP_MISSING",NA,"COMP_MISSING","Missing"
NA,"FNA2AA_c1c2_filterlen33","Coleochaetales/LandPlants","NOT_MONO",NA,"CAN_MONO_INCOMPLETE","Weakly Reject"
NA,"FNA2AA_c1c2_filterlen33","Coleochaetales/LandPlants","IS_MONO_INCOMPLETE",95,"IS_MONO_INCOMPLETE","Strongly Supported"
NA,"FNA2AA_c1c2_filterlen33","Coleochaetales/LandPlants","COMP_MISSING",NA,"COMP_MISSING","Missing"
NA,"FNA2AA_c1c2_filterlen33","Coleochaetales/LandPlants","NOT_MONO",NA,"CAN_MONO_INCOMPLETE","Weakly Reject"
NA,"FNA2AA_c1c2_filterlen33","Coleochaetales/LandPlants","NOT_MONO",NA,"CAN_MONO_INCOMPLETE","Weakly Reject"
NA,"FNA2AA_c1c2_filterlen33","Coleochaetales/LandPlants","NOT_MONO",NA,"CAN_MONO_INCOMPLETE","Weakly Reject"
NA,"FNA2AA_c1c2_filterlen33","Coleochaetales/LandPlants","NOT_MONO",NA,"CAN_MONO_INCOMPLETE","Weakly Reject"
NA,"FNA2AA_c1c2_filterlen33","Coleochaetales/LandPlants","NOT_MONO",NA,"NOT_MONO","Strongly Reject"
NA,"FNA2AA_c1c2_filterlen33","Coleochaetales/LandPlants","COMP_MISSING",NA,"COMP_MISSING","Missing"
NA,"FNA2AA_c1c2_filterlen33","Coleochaetales/LandPlants","NOT_MONO",NA,"CAN_MONO_INCOMPLETE","Weakly Reject"
NA,"FNA2AA_c1c2_filterlen33","Coleochaetales/LandPlants","NOT_MONO",NA,"CAN_MONO_INCOMPLETE","Weakly Reject"
NA,"FNA2AA_c1c2_filterlen33","Coleochaetales/LandPlants","NOT_MONO",NA,"NOT_MONO","Strongly Reject"
NA,"FNA2AA_c1c2_filterlen33","Coleochaetales/LandPlants","COMP_MISSING",NA,"COMP_MISSING","Missing"
NA,"FNA2AA_c1c2_filterlen33","Coleochaetales/LandPlants","NOT_MONO",NA,"CAN_MONO_INCOMPLETE","Weakly Reject"
NA,"FNA2AA_c1c2_filterlen33","Coleochaetales/LandPlants","COMP_MISSING",NA,"COMP_MISSING","Missing"
NA,"FNA2AA_c1c2_filterlen33","Coleochaetales/LandPlants","NOT_MONO",NA,"CAN_MONO_INCOMPLETE","Weakly Reject"
NA,"FNA2AA_c1c2_filterlen33","Coleochaetales/LandPlants","COMP_MISSING",NA,"COMP_MISSING","Missing"
NA,"FNA2AA_c1c2_filterlen33","Coleochaetales/LandPlants","NOT_MONO",NA,"CAN_MONO_INCOMPLETE","Weakly Reject"
NA,"FNA2AA_c1c2_filterlen33","Coleochaetales/LandPlants","NOT_MONO",NA,"CAN_MONO_INCOMPLETE","Weakly Reject"
NA,"FNA2AA_c1c2_filterlen33","Coleochaetales/LandPlants","IS_MONO_INCOMPLETE",17,"CAN_MONO_INCOMPLETE","Weakly Supported"
NA,"FNA2AA_c1c2_filterlen33","Coleochaetales/LandPlants","COMP_MISSING",NA,"COMP_MISSING","Missing"
NA,"FNA2AA_c1c2_filterlen33","Coleochaetales/LandPlants","NOT_MONO",NA,"CAN_MONO_INCOMPLETE","Weakly Reject"
NA,"FNA2AA_c1c2_filterlen33","Coleochaetales/LandPlants","COMP_MISSING",NA,"COMP_MISSING","Missing"
NA,"FNA2AA_c1c2_filterlen33","Coleochaetales/LandPlants","COMP_MISSING",NA,"COMP_MISSING","Missing"
NA,"FNA2AA_c1c2_filterlen33","Coleochaetales/LandPlants","COMP_MISSING",NA,"COMP_MISSING","Missing"
NA,"FNA2AA_c1c2_filterlen33","Coleochaetales/LandPlants","NOT_MONO",NA,"NOT_MONO","Strongly Reject"
NA,"FNA2AA_c1c2_filterlen33","Coleochaetales/LandPlants","NOT_MONO",NA,"CAN_MONO_INCOMPLETE","Weakly Reject"
NA,"FNA2AA_c1c2_filterlen33","Coleochaetales/LandPlants","IS_MONO_INCOMPLETE",32,"CAN_MONO_INCOMPLETE","Weakly Supported"
NA,"FNA2AA_c1c2_filterlen33","Coleochaetales/LandPlants","NOT_MONO",NA,"CAN_MONO_INCOMPLETE","Weakly Reject"
NA,"FNA2AA_c1c2_filterlen33","Coleochaetales/LandPlants","IS_MONO_INCOMPLETE",99,"IS_MONO_INCOMPLETE","Strongly Supported"
NA,"FNA2AA_c1c2_filterlen33","Coleochaetales/LandPlants","NOT_MONO",NA,"CAN_MONO_INCOMPLETE","Weakly Reject"
NA,"FNA2AA_c1c2_filterlen33","Coleochaetales/LandPlants","NOT_MONO",NA,"CAN_MONO_INCOMPLETE","Weakly Reject"
NA,"FNA2AA_c1c2_filterlen33","Coleochaetales/LandPlants","NOT_MONO",NA,"CAN_MONO_INCOMPLETE","Weakly Reject"
NA,"FNA2AA_c1c2_filterlen33","Coleochaetales/LandPlants","COMP_MISSING",NA,"COMP_MISSING","Missing"
NA,"FNA2AA_c1c2_filterlen33","Coleochaetales/LandPlants","NOT_MONO",NA,"CAN_MONO_INCOMPLETE","Weakly Reject"
NA,"FNA2AA_c1c2_filterlen33","Coleochaetales/LandPlants","NOT_MONO",NA,"CAN_MONO_INCOMPLETE","Weakly Reject"
NA,"FNA2AA_c1c2_filterlen33","Coleochaetales/LandPlants","COMP_MISSING",NA,"COMP_MISSING","Missing"
NA,"FNA2AA_c1c2_filterlen33","Coleochaetales/LandPlants","IS_MONO_INCOMPLETE",81,"IS_MONO_INCOMPLETE","Strongly Supported"
NA,"FNA2AA_c1c2_filterlen33","Coleochaetales/LandPlants","COMP_MISSING",NA,"COMP_MISSING","Missing"
NA,"FNA2AA_c1c2_filterlen33","Coleochaetales/LandPlants","IS_MONO_INCOMPLETE",1,"IS_MONO_INCOMPLETE","Strongly Supported"
NA,"FNA2AA_c1c2_filterlen33","Coleochaetales/LandPlants","NOT_MONO",NA,"CAN_MONO_INCOMPLETE","Weakly Reject"
NA,"FNA2AA_c1c2_filterlen33","Coleochaetales/LandPlants","NOT_MONO",NA,"CAN_MONO_INCOMPLETE","Weakly Reject"
NA,"FNA2AA_c1c2_filterlen33","Coleochaetales/LandPlants","NOT_MONO",NA,"CAN_MONO_INCOMPLETE","Weakly Reject"
NA,"FNA2AA_c1c2_filterlen33","Coleochaetales/LandPlants","COMP_MISSING",NA,"COMP_MISSING","Missing"
NA,"FNA2AA_c1c2_filterlen33","Coleochaetales/LandPlants","NOT_MONO",NA,"CAN_MONO_INCOMPLETE","Weakly Reject"
NA,"FNA2AA_c1c2_filterlen33","Coleochaetales/LandPlants","NOT_MONO",NA,"CAN_MONO_INCOMPLETE","Weakly Reject"
NA,"FNA2AA_c1c2_filterlen33","Coleochaetales/LandPlants","NOT_MONO",NA,"CAN_MONO_INCOMPLETE","Weakly Reject"
NA,"FNA2AA_c1c2_filterlen33","Coleochaetales/LandPlants","IS_MONO_INCOMPLETE",25,"CAN_MONO_INCOMPLETE","Weakly Supported"
NA,"FNA2AA_c1c2_filterlen33","Coleochaetales/LandPlants","COMP_MISSING",NA,"COMP_MISSING","Missing"
NA,"FNA2AA_c1c2_filterlen33","Coleochaetales/LandPlants","IS_MONO_INCOMPLETE",90,"IS_MONO_INCOMPLETE","Strongly Supported"
NA,"FNA2AA_c1c2_filterlen33","Coleochaetales/LandPlants","NOT_MONO",NA,"CAN_MONO_INCOMPLETE","Weakly Reject"
NA,"FNA2AA_c1c2_filterlen33","Coleochaetales/LandPlants","COMP_MISSING",NA,"COMP_MISSING","Missing"
NA,"FNA2AA_c1c2_filterlen33","Coleochaetales/LandPlants","NOT_MONO",NA,"CAN_MONO_INCOMPLETE","Weakly Reject"
NA,"FNA2AA_c1c2_filterlen33","Coleochaetales/LandPlants","COMP_MISSING",NA,"COMP_MISSING","Missing"
NA,"FNA2AA_c1c2_filterlen33","Coleochaetales/LandPlants","NOT_MONO",NA,"NOT_MONO","Strongly Reject"
NA,"FNA2AA_c1c2_filterlen33","Coleochaetales/LandPlants","NOT_MONO",NA,"CAN_MONO_INCOMPLETE","Weakly Reject"
NA,"FNA2AA_c1c2_filterlen33","Coleochaetales/LandPlants","NOT_MONO",NA,"CAN_MONO_INCOMPLETE","Weakly Reject"
NA,"FNA2AA_c1c2_filterlen33","Coleochaetales/LandPlants","NOT_MONO",NA,"CAN_MONO_INCOMPLETE","Weakly Reject"
NA,"FNA2AA_c1c2_filterlen33","Coleochaetales/LandPlants","COMP_MISSING",NA,"COMP_MISSING","Missing"
NA,"FNA2AA_c1c2_filterlen33","Coleochaetales/LandPlants","NOT_MONO",NA,"CAN_MONO_INCOMPLETE","Weakly Reject"
NA,"FNA2AA_c1c2_filterlen33","Coleochaetales/LandPlants","NOT_MONO",NA,"CAN_MONO_INCOMPLETE","Weakly Reject"
NA,"FNA2AA_c1c2_filterlen33","Coleochaetales/LandPlants","NOT_MONO",NA,"CAN_MONO_INCOMPLETE","Weakly Reject"
NA,"FNA2AA_c1c2_filterlen33","Coleochaetales/LandPlants","NOT_MONO",NA,"CAN_MONO_INCOMPLETE","Weakly Reject"
NA,"FNA2AA_c1c2_filterlen33","Coleochaetales/LandPlants","NOT_MONO",NA,"CAN_MONO_INCOMPLETE","Weakly Reject"
NA,"FNA2AA_c1c2_filterlen33","Coleochaetales/LandPlants","COMP_MISSING",NA,"COMP_MISSING","Missing"
NA,"FNA2AA_c1c2_filterlen33","Coleochaetales/LandPlants","NOT_MONO",NA,"CAN_MONO_INCOMPLETE","Weakly Reject"
NA,"FNA2AA_c1c2_filterlen33","Coleochaetales/LandPlants","NOT_MONO",NA,"CAN_MONO_INCOMPLETE","Weakly Reject"
NA,"FNA2AA_c1c2_filterlen33","Coleochaetales/LandPlants","NOT_MONO",NA,"CAN_MONO_INCOMPLETE","Weakly Reject"
NA,"FNA2AA_c1c2_filterlen33","Coleochaetales/LandPlants","NOT_MONO",NA,"CAN_MONO_INCOMPLETE","Weakly Reject"
NA,"FNA2AA_c1c2_filterlen33","Coleochaetales/LandPlants","COMP_MISSING",NA,"COMP_MISSING","Missing"
NA,"FNA2AA_c1c2_filterlen33","Coleochaetales/LandPlants","NOT_MONO",NA,"CAN_MONO_INCOMPLETE","Weakly Reject"
NA,"FNA2AA_c1c2_filterlen33","Coleochaetales/LandPlants","CAN_MONO_INCOMPLETE",NA,"CAN_MONO_INCOMPLETE","Weakly Reject"
NA,"FNA2AA_c1c2_filterlen33","Coleochaetales/LandPlants","NOT_MONO",NA,"NOT_MONO","Strongly Reject"
NA,"FNA2AA_c1c2_filterlen33","Coleochaetales/LandPlants","NOT_MONO",NA,"CAN_MONO_INCOMPLETE","Weakly Reject"
NA,"FNA2AA_c1c2_filterlen33","Coleochaetales/LandPlants","COMP_MISSING",NA,"COMP_MISSING","Missing"
NA,"FNA2AA_c1c2_filterlen33","Coleochaetales/LandPlants","IS_MONO_INCOMPLETE",90,"IS_MONO_INCOMPLETE","Strongly Supported"
NA,"FNA2AA_c1c2_filterlen33","Coleochaetales/LandPlants","NOT_MONO",NA,"CAN_MONO_INCOMPLETE","Weakly Reject"
NA,"FNA2AA_c1c2_filterlen33","Coleochaetales/LandPlants","COMP_MISSING",NA,"COMP_MISSING","Missing"
NA,"FNA2AA_c1c2_filterlen33","Coleochaetales/LandPlants","COMP_MISSING",NA,"COMP_MISSING","Missing"
NA,"FNA2AA_c1c2_filterlen33","Coleochaetales/LandPlants","NOT_MONO",NA,"CAN_MONO_INCOMPLETE","Weakly Reject"
NA,"FNA2AA_c1c2_filterlen33","Coleochaetales/LandPlants","IS_MONO_INCOMPLETE",39,"CAN_MONO_INCOMPLETE","Weakly Supported"
NA,"FNA2AA_c1c2_filterlen33","Coleochaetales/LandPlants","NOT_MONO",NA,"CAN_MONO_INCOMPLETE","Weakly Reject"
NA,"FNA2AA_c1c2_filterlen33","Coleochaetales/LandPlants","NOT_MONO",NA,"NOT_MONO","Strongly Reject"
NA,"FNA2AA_c1c2_filterlen33","Coleochaetales/LandPlants","NOT_MONO",NA,"CAN_MONO_INCOMPLETE","Weakly Reject"
NA,"FNA2AA_c1c2_filterlen33","Coleochaetales/LandPlants","NOT_MONO",NA,"CAN_MONO_INCOMPLETE","Weakly Reject"
NA,"FNA2AA_c1c2_filterlen33","Coleochaetales/LandPlants","COMP_MISSING",NA,"COMP_MISSING","Missing"
NA,"FNA2AA_c1c2_filterlen33","Coleochaetales/LandPlants","COMP_MISSING",NA,"COMP_MISSING","Missing"
NA,"FNA2AA_c1c2_filterlen33","Coleochaetales/LandPlants","NOT_MONO",NA,"NOT_MONO","Strongly Reject"
NA,"FNA2AA_c1c2_filterlen33","Coleochaetales/LandPlants","NOT_MONO",NA,"CAN_MONO_INCOMPLETE","Weakly Reject"
NA,"FNA2AA_c1c2_filterlen33","Coleochaetales/LandPlants","NOT_MONO",NA,"CAN_MONO_INCOMPLETE","Weakly Reject"
NA,"FNA2AA_c1c2_filterlen33","Coleochaetales/LandPlants","COMP_MISSING",NA,"COMP_MISSING","Missing"
NA,"FNA2AA_c1c2_filterlen33","Coleochaetales/LandPlants","CAN_MONO_INCOMPLETE",NA,"CAN_MONO_INCOMPLETE","Weakly Reject"
NA,"FNA2AA_c1c2_filterlen33","Coleochaetales/LandPlants","NOT_MONO",NA,"CAN_MONO_INCOMPLETE","Weakly Reject"
NA,"FNA2AA_c1c2_filterlen33","Coleochaetales/LandPlants","COMP_MISSING",NA,"COMP_MISSING","Missing"
NA,"FNA2AA_c1c2_filterlen33","Coleochaetales/LandPlants","NOT_MONO",NA,"CAN_MONO_INCOMPLETE","Weakly Reject"
NA,"FNA2AA_c1c2_filterlen33","Coleochaetales/LandPlants","NOT_MONO",NA,"CAN_MONO_INCOMPLETE","Weakly Reject"
NA,"FNA2AA_c1c2_filterlen33","Coleochaetales/LandPlants","CAN_MONO_INCOMPLETE",NA,"CAN_MONO_INCOMPLETE","Weakly Reject"
NA,"FNA2AA_c1c2_filterlen33","Coleochaetales/LandPlants","COMP_MISSING",NA,"COMP_MISSING","Missing"
NA,"FNA2AA_c1c2_filterlen33","Coleochaetales/LandPlants","COMP_MISSING",NA,"COMP_MISSING","Missing"
NA,"FNA2AA_c1c2_filterlen33","Coleochaetales/LandPlants","NOT_MONO",NA,"CAN_MONO_INCOMPLETE","Weakly Reject"
NA,"FNA2AA_c1c2_filterlen33","Coleochaetales/LandPlants","COMP_MISSING",NA,"COMP_MISSING","Missing"
NA,"FNA2AA_c1c2_filterlen33","Coleochaetales/LandPlants","COMP_MISSING",NA,"COMP_MISSING","Missing"
NA,"FNA2AA_c1c2_filterlen33","Coleochaetales/LandPlants","NOT_MONO",NA,"CAN_MONO_INCOMPLETE","Weakly Reject"
NA,"FNA2AA_c1c2_filterlen33","Coleochaetales/LandPlants","NOT_MONO",NA,"CAN_MONO_INCOMPLETE","Weakly Reject"
NA,"FNA2AA_c1c2_filterlen33","Coleochaetales/LandPlants","COMP_MISSING",NA,"COMP_MISSING","Missing"
NA,"FNA2AA_c1c2_filterlen33","Coleochaetales/LandPlants","NOT_MONO",NA,"CAN_MONO_INCOMPLETE","Weakly Reject"
NA,"FNA2AA_c1c2_filterlen33","Coleochaetales/LandPlants","NOT_MONO",NA,"CAN_MONO_INCOMPLETE","Weakly Reject"
NA,"FNA2AA_c1c2_filterlen33","Coleochaetales/LandPlants","IS_MONO_INCOMPLETE",36,"CAN_MONO_INCOMPLETE","Weakly Supported"
NA,"FNA2AA_c1c2_filterlen33","Coleochaetales/LandPlants","NOT_MONO",NA,"CAN_MONO_INCOMPLETE","Weakly Reject"
NA,"FNA2AA_c1c2_filterlen33","Coleochaetales/LandPlants","NOT_MONO",NA,"CAN_MONO_INCOMPLETE","Weakly Reject"
NA,"FNA2AA_c1c2_filterlen33","Coleochaetales/LandPlants","CAN_MONO_INCOMPLETE",NA,"CAN_MONO_INCOMPLETE","Weakly Reject"
NA,"FNA2AA_c1c2_filterlen33","Coleochaetales/LandPlants","NOT_MONO",NA,"CAN_MONO_INCOMPLETE","Weakly Reject"
NA,"FNA2AA_c1c2_filterlen33","Coleochaetales/LandPlants","COMP_MISSING",NA,"COMP_MISSING","Missing"
NA,"FNA2AA_c1c2_filterlen33","Coleochaetales/LandPlants","COMP_MISSING",NA,"COMP_MISSING","Missing"
NA,"FNA2AA_c1c2_filterlen33","Coleochaetales/LandPlants","COMP_MISSING",NA,"COMP_MISSING","Missing"
NA,"FNA2AA_c1c2_filterlen33","Coleochaetales/LandPlants","NOT_MONO",NA,"CAN_MONO_INCOMPLETE","Weakly Reject"
NA,"FNA2AA_c1c2_filterlen33","Coleochaetales/LandPlants","NOT_MONO",NA,"CAN_MONO_INCOMPLETE","Weakly Reject"
NA,"FNA2AA_c1c2_filterlen33","Coleochaetales/LandPlants","NOT_MONO",NA,"CAN_MONO_INCOMPLETE","Weakly Reject"
NA,"FNA2AA_c1c2_filterlen33","Coleochaetales/LandPlants","COMP_MISSING",NA,"COMP_MISSING","Missing"
NA,"FNA2AA_c1c2_filterlen33","Coleochaetales/LandPlants","COMP_MISSING",NA,"COMP_MISSING","Missing"
NA,"FNA2AA_c1c2_filterlen33","Coleochaetales/LandPlants","NOT_MONO",NA,"NOT_MONO","Strongly Reject"
NA,"FNA2AA_c1c2_filterlen33","Coleochaetales/LandPlants","COMP_MISSING",NA,"COMP_MISSING","Missing"
NA,"FNA2AA_c1c2_filterlen33","Coleochaetales/LandPlants","NOT_MONO",NA,"CAN_MONO_INCOMPLETE","Weakly Reject"
NA,"FNA2AA_c1c2_filterlen33","Coleochaetales/LandPlants","NOT_MONO",NA,"CAN_MONO_INCOMPLETE","Weakly Reject"
NA,"FNA2AA_c1c2_filterlen33","Coleochaetales/LandPlants","NOT_MONO",NA,"CAN_MONO_INCOMPLETE","Weakly Reject"
NA,"FNA2AA_c1c2_filterlen33","Coleochaetales/LandPlants","NOT_MONO",NA,"CAN_MONO_INCOMPLETE","Weakly Reject"
NA,"FNA2AA_c1c2_filterlen33","Coleochaetales/LandPlants","NOT_MONO",NA,"CAN_MONO_INCOMPLETE","Weakly Reject"
NA,"FNA2AA_c1c2_filterlen33","Coleochaetales/LandPlants","IS_MONO_INCOMPLETE",67,"CAN_MONO_INCOMPLETE","Weakly Supported"
NA,"FNA2AA_c1c2_filterlen33","Coleochaetales/LandPlants","COMP_MISSING",NA,"COMP_MISSING","Missing"
NA,"FNA2AA_c1c2_filterlen33","Coleochaetales/LandPlants","COMP_MISSING",NA,"COMP_MISSING","Missing"
NA,"FNA2AA_c1c2_filterlen33","Coleochaetales/LandPlants","COMP_MISSING",NA,"COMP_MISSING","Missing"
NA,"FNA2AA_c1c2_filterlen33","Coleochaetales/LandPlants","NOT_MONO",NA,"CAN_MONO_INCOMPLETE","Weakly Reject"
NA,"FNA2AA_c1c2_filterlen33","Coleochaetales/LandPlants","COMP_MISSING",NA,"COMP_MISSING","Missing"
NA,"FNA2AA_c1c2_filterlen33","Coleochaetales/LandPlants","COMP_MISSING",NA,"COMP_MISSING","Missing"
NA,"FNA2AA_c1c2_filterlen33","Coleochaetales/LandPlants","NOT_MONO",NA,"CAN_MONO_INCOMPLETE","Weakly Reject"
NA,"FNA2AA_c1c2_filterlen33","Coleochaetales/LandPlants","NOT_MONO",NA,"NOT_MONO","Strongly Reject"
NA,"FNA2AA_c1c2_filterlen33","Coleochaetales/LandPlants","IS_MONO_INCOMPLETE",1,"IS_MONO_INCOMPLETE","Strongly Supported"
NA,"FNA2AA_c1c2_filterlen33","Coleochaetales/LandPlants","NOT_MONO",NA,"NOT_MONO","Strongly Reject"
NA,"FNA2AA_c1c2_filterlen33","Coleochaetales/LandPlants","NOT_MONO",NA,"CAN_MONO_INCOMPLETE","Weakly Reject"
NA,"FNA2AA_c1c2_filterlen33","Coleochaetales/LandPlants","NOT_MONO",NA,"CAN_MONO_INCOMPLETE","Weakly Reject"
NA,"FNA2AA_c1c2_filterlen33","Coleochaetales/LandPlants","NOT_MONO",NA,"NOT_MONO","Strongly Reject"
NA,"FNA2AA_c1c2_filterlen33","Coleochaetales/LandPlants","NOT_MONO",NA,"CAN_MONO_INCOMPLETE","Weakly Reject"
NA,"FNA2AA_c1c2_filterlen33","Coleochaetales/LandPlants","COMP_MISSING",NA,"COMP_MISSING","Missing"
NA,"FNA2AA_c1c2_filterlen33","Coleochaetales/LandPlants","IS_MONO_INCOMPLETE",30,"CAN_MONO_INCOMPLETE","Weakly Supported"
NA,"FNA2AA_c1c2_filterlen33","Coleochaetales/LandPlants","IS_MONO_INCOMPLETE",1,"IS_MONO_INCOMPLETE","Strongly Supported"
NA,"FNA2AA_c1c2_filterlen33","Coleochaetales/LandPlants","NOT_MONO",NA,"CAN_MONO_INCOMPLETE","Weakly Reject"
NA,"FNA2AA_c1c2_filterlen33","Coleochaetales/LandPlants","NOT_MONO",NA,"CAN_MONO_INCOMPLETE","Weakly Reject"
NA,"FNA2AA_c1c2_filterlen33","Coleochaetales/LandPlants","NOT_MONO",NA,"CAN_MONO_INCOMPLETE","Weakly Reject"
NA,"FNA2AA_c1c2_filterlen33","Coleochaetales/LandPlants","COMP_MISSING",NA,"COMP_MISSING","Missing"
NA,"FNA2AA_c1c2_filterlen33","Coleochaetales/LandPlants","NOT_MONO",NA,"CAN_MONO_INCOMPLETE","Weakly Reject"
NA,"FNA2AA_c1c2_filterlen33","Coleochaetales/LandPlants","NOT_MONO",NA,"CAN_MONO_INCOMPLETE","Weakly Reject"
NA,"FNA2AA_c1c2_filterlen33","Coleochaetales/LandPlants","NOT_MONO",NA,"CAN_MONO_INCOMPLETE","Weakly Reject"
NA,"FNA2AA_c1c2_filterlen33","Coleochaetales/LandPlants","NOT_MONO",NA,"CAN_MONO_INCOMPLETE","Weakly Reject"
NA,"FNA2AA_c1c2_filterlen33","Coleochaetales/LandPlants","NOT_MONO",NA,"CAN_MONO_INCOMPLETE","Weakly Reject"
NA,"FNA2AA_c1c2_filterlen33","Coleochaetales/LandPlants","COMP_MISSING",NA,"COMP_MISSING","Missing"
NA,"FNA2AA_c1c2_filterlen33","Coleochaetales/LandPlants","IS_MONO_INCOMPLETE",42,"CAN_MONO_INCOMPLETE","Weakly Supported"
NA,"FNA2AA_c1c2_filterlen33","Coleochaetales/LandPlants","NOT_MONO",NA,"CAN_MONO_INCOMPLETE","Weakly Reject"
NA,"FNA2AA_c1c2_filterlen33","Coleochaetales/LandPlants","NOT_MONO",NA,"NOT_MONO","Strongly Reject"
NA,"FNA2AA_c1c2_filterlen33","Coleochaetales/LandPlants","COMP_MISSING",NA,"COMP_MISSING","Missing"
NA,"FNA2AA_c1c2_filterlen33","Coleochaetales/LandPlants","COMP_MISSING",NA,"COMP_MISSING","Missing"
NA,"FNA2AA_c1c2_filterlen33","Coleochaetales/LandPlants","IS_MONO_INCOMPLETE",30,"CAN_MONO_INCOMPLETE","Weakly Supported"
NA,"FNA2AA_c1c2_filterlen33","Coleochaetales/LandPlants","COMP_MISSING",NA,"COMP_MISSING","Missing"
NA,"FNA2AA_c1c2_filterlen33","Coleochaetales/LandPlants","COMP_MISSING",NA,"COMP_MISSING","Missing"
NA,"FNA2AA_c1c2_filterlen33","Coleochaetales/LandPlants","COMP_MISSING",NA,"COMP_MISSING","Missing"
NA,"FNA2AA_c1c2_filterlen33","Coleochaetales/LandPlants","COMP_MISSING",NA,"COMP_MISSING","Missing"
NA,"FNA2AA_c1c2_filterlen33","Coleochaetales/LandPlants","NOT_MONO",NA,"NOT_MONO","Strongly Reject"
NA,"FNA2AA_c1c2_filterlen33","Coleochaetales/LandPlants","COMP_MISSING",NA,"COMP_MISSING","Missing"
NA,"FNA2AA_c1c2_filterlen33","Coleochaetales/LandPlants","IS_MONO_INCOMPLETE",99,"IS_MONO_INCOMPLETE","Strongly Supported"
NA,"FNA2AA_c1c2_filterlen33","Coleochaetales/LandPlants","COMP_MISSING",NA,"COMP_MISSING","Missing"
NA,"FNA2AA_c1c2_filterlen33","Coleochaetales/LandPlants","NOT_MONO",NA,"CAN_MONO_INCOMPLETE","Weakly Reject"
NA,"FNA2AA_c1c2_filterlen33","Coleochaetales/LandPlants","NOT_MONO",NA,"CAN_MONO_INCOMPLETE","Weakly Reject"
NA,"FNA2AA_c1c2_filterlen33","Coleochaetales/LandPlants","NOT_MONO",NA,"CAN_MONO_INCOMPLETE","Weakly Reject"
NA,"FNA2AA_c1c2_filterlen33","Coleochaetales/LandPlants","COMP_MISSING",NA,"COMP_MISSING","Missing"
NA,"FNA2AA_c1c2_filterlen33","Coleochaetales/LandPlants","NOT_MONO",NA,"CAN_MONO_INCOMPLETE","Weakly Reject"
NA,"FNA2AA_c1c2_filterlen33","Coleochaetales/LandPlants","IS_MONO_INCOMPLETE",16,"CAN_MONO_INCOMPLETE","Weakly Supported"
NA,"FNA2AA_c1c2_filterlen33","Coleochaetales/LandPlants","COMP_MISSING",NA,"COMP_MISSING","Missing"
NA,"FNA2AA_c1c2_filterlen33","Coleochaetales/LandPlants","NOT_MONO",NA,"NOT_MONO","Strongly Reject"
NA,"FNA2AA_c1c2_filterlen33","Coleochaetales/LandPlants","NOT_MONO",NA,"NOT_MONO","Strongly Reject"
NA,"FNA2AA_c1c2_filterlen33","Coleochaetales/LandPlants","NOT_MONO",NA,"CAN_MONO_INCOMPLETE","Weakly Reject"
NA,"FNA2AA_c1c2_filterlen33","Coleochaetales/LandPlants","COMP_MISSING",NA,"COMP_MISSING","Missing"
NA,"FNA2AA_c1c2_filterlen33","Coleochaetales/LandPlants","NOT_MONO",NA,"CAN_MONO_INCOMPLETE","Weakly Reject"
NA,"FNA2AA_c1c2_filterlen33","Coleochaetales/LandPlants","NOT_MONO",NA,"CAN_MONO_INCOMPLETE","Weakly Reject"
NA,"FNA2AA_c1c2_filterlen33","Coleochaetales/LandPlants","NOT_MONO",NA,"CAN_MONO_INCOMPLETE","Weakly Reject"
NA,"FNA2AA_c1c2_filterlen33","Coleochaetales/LandPlants","NOT_MONO",NA,"NOT_MONO","Strongly Reject"
NA,"FNA2AA_c1c2_filterlen33","Coleochaetales/LandPlants","NOT_MONO",NA,"CAN_MONO_INCOMPLETE","Weakly Reject"
NA,"FNA2AA_c1c2_filterlen33","Coleochaetales/LandPlants","NOT_MONO",NA,"CAN_MONO_INCOMPLETE","Weakly Reject"
NA,"FNA2AA_c1c2_filterlen33","Coleochaetales/LandPlants","COMP_MISSING",NA,"COMP_MISSING","Missing"
NA,"FNA2AA_c1c2_filterlen33","Coleochaetales/LandPlants","NOT_MONO",NA,"CAN_MONO_INCOMPLETE","Weakly Reject"
NA,"FNA2AA_c1c2_filterlen33","Coleochaetales/LandPlants","COMP_MISSING",NA,"COMP_MISSING","Missing"
NA,"FNA2AA_c1c2_filterlen33","Coleochaetales/LandPlants","COMP_MISSING",NA,"COMP_MISSING","Missing"
NA,"FNA2AA_c1c2_filterlen33","Coleochaetales/LandPlants","NOT_MONO",NA,"CAN_MONO_INCOMPLETE","Weakly Reject"
NA,"FNA2AA_c1c2_filterlen33","Coleochaetales/LandPlants","NOT_MONO",NA,"CAN_MONO_INCOMPLETE","Weakly Reject"
NA,"FNA2AA_c1c2_filterlen33","Coleochaetales/LandPlants","NOT_MONO",NA,"CAN_MONO_INCOMPLETE","Weakly Reject"
NA,"FNA2AA_c1c2_filterlen33","Coleochaetales/LandPlants","IS_MONO_INCOMPLETE",88,"IS_MONO_INCOMPLETE","Strongly Supported"
NA,"FNA2AA_c1c2_filterlen33","Coleochaetales/LandPlants","NOT_MONO",NA,"NOT_MONO","Strongly Reject"
NA,"FNA2AA_c1c2_filterlen33","Coleochaetales/LandPlants","NOT_MONO",NA,"CAN_MONO_INCOMPLETE","Weakly Reject"
NA,"FNA2AA_c1c2_filterlen33","Coleochaetales/LandPlants","NOT_MONO",NA,"CAN_MONO_INCOMPLETE","Weakly Reject"
NA,"FNA2AA_c1c2_filterlen33","Coleochaetales/LandPlants","IS_MONO_INCOMPLETE",63,"CAN_MONO_INCOMPLETE","Weakly Supported"
NA,"FNA2AA_c1c2_filterlen33","Coleochaetales/LandPlants","NOT_MONO",NA,"CAN_MONO_INCOMPLETE","Weakly Reject"
NA,"FNA2AA_c1c2_filterlen33","Coleochaetales/LandPlants","NOT_MONO",NA,"CAN_MONO_INCOMPLETE","Weakly Reject"
NA,"FNA2AA_c1c2_filterlen33","Coleochaetales/LandPlants","NOT_MONO",NA,"CAN_MONO_INCOMPLETE","Weakly Reject"
NA,"FNA2AA_c1c2_filterlen33","Coleochaetales/LandPlants","IS_MONO_INCOMPLETE",82,"IS_MONO_INCOMPLETE","Strongly Supported"
NA,"FNA2AA_c1c2_filterlen33","Coleochaetales/LandPlants","NOT_MONO",NA,"CAN_MONO_INCOMPLETE","Weakly Reject"
NA,"FNA2AA_c1c2_filterlen33","Coleochaetales/LandPlants","NOT_MONO",NA,"CAN_MONO_INCOMPLETE","Weakly Reject"
NA,"FNA2AA_c1c2_filterlen33","Coleochaetales/LandPlants","NOT_MONO",NA,"CAN_MONO_INCOMPLETE","Weakly Reject"
NA,"FNA2AA_c1c2_filterlen33","Coleochaetales/LandPlants","NOT_MONO",NA,"CAN_MONO_INCOMPLETE","Weakly Reject"
NA,"FNA2AA_c1c2_filterlen33","Coleochaetales/LandPlants","COMP_MISSING",NA,"COMP_MISSING","Missing"
NA,"FNA2AA_c1c2_filterlen33","Coleochaetales/LandPlants","COMP_MISSING",NA,"COMP_MISSING","Missing"
NA,"FNA2AA_c1c2_filterlen33","Coleochaetales/LandPlants","NOT_MONO",NA,"CAN_MONO_INCOMPLETE","Weakly Reject"
NA,"FNA2AA_c1c2_filterlen33","Coleochaetales/LandPlants","IS_MONO_INCOMPLETE",1,"IS_MONO_INCOMPLETE","Strongly Supported"
NA,"FNA2AA_c1c2_filterlen33","Coleochaetales/LandPlants","IS_MONO_INCOMPLETE",1,"IS_MONO_INCOMPLETE","Strongly Supported"
NA,"FNA2AA_c1c2_filterlen33","Coleochaetales/LandPlants","IS_MONO_INCOMPLETE",71,"CAN_MONO_INCOMPLETE","Weakly Supported"
NA,"FNA2AA_c1c2_filterlen33","Coleochaetales/LandPlants","IS_MONO_INCOMPLETE",89,"IS_MONO_INCOMPLETE","Strongly Supported"
NA,"FNA2AA_c1c2_filterlen33","Coleochaetales/LandPlants","COMP_MISSING",NA,"COMP_MISSING","Missing"
NA,"FNA2AA_c1c2_filterlen33","Coleochaetales/LandPlants","NOT_MONO",NA,"CAN_MONO_INCOMPLETE","Weakly Reject"
NA,"FNA2AA_c1c2_filterlen33","Coleochaetales/LandPlants","COMP_MISSING",NA,"COMP_MISSING","Missing"
NA,"FNA2AA_c1c2_filterlen33","Coleochaetales/LandPlants","COMP_MISSING",NA,"COMP_MISSING","Missing"
NA,"FNA2AA_c1c2_filterlen33","Coleochaetales/LandPlants","NOT_MONO",NA,"CAN_MONO_INCOMPLETE","Weakly Reject"
NA,"FNA2AA_c1c2_filterlen33","Coleochaetales/LandPlants","NOT_MONO",NA,"CAN_MONO_INCOMPLETE","Weakly Reject"
NA,"FNA2AA_c1c2_filterlen33","Coleochaetales/LandPlants","NOT_MONO",NA,"NOT_MONO","Strongly Reject"
NA,"FNA2AA_c1c2_filterlen33","Coleochaetales/LandPlants","COMP_MISSING",NA,"COMP_MISSING","Missing"
NA,"FNA2AA_c1c2_filterlen33","Coleochaetales/LandPlants","NOT_MONO",NA,"NOT_MONO","Strongly Reject"
NA,"FNA2AA_c1c2_filterlen33","Coleochaetales/LandPlants","COMP_MISSING",NA,"COMP_MISSING","Missing"
NA,"FNA2AA_c1c2_filterlen33","Coleochaetales/LandPlants","COMP_MISSING",NA,"COMP_MISSING","Missing"
NA,"FNA2AA_c1c2_filterlen33","Coleochaetales/LandPlants","NOT_MONO",NA,"CAN_MONO_INCOMPLETE","Weakly Reject"
NA,"FNA2AA_c1c2_filterlen33","Coleochaetales/LandPlants","NOT_MONO",NA,"CAN_MONO_INCOMPLETE","Weakly Reject"
NA,"FNA2AA_c1c2_filterlen33","Coleochaetales/LandPlants","COMP_MISSING",NA,"COMP_MISSING","Missing"
NA,"FNA2AA_c1c2_filterlen33","Coleochaetales/LandPlants","COMP_MISSING",NA,"COMP_MISSING","Missing"
NA,"FNA2AA_c1c2_filterlen33","Coleochaetales/LandPlants","NOT_MONO",NA,"CAN_MONO_INCOMPLETE","Weakly Reject"
NA,"FNA2AA_c1c2_filterlen33","Coleochaetales/LandPlants","NOT_MONO",NA,"CAN_MONO_INCOMPLETE","Weakly Reject"
NA,"FNA2AA_c1c2_filterlen33","Coleochaetales/LandPlants","COMP_MISSING",NA,"COMP_MISSING","Missing"
NA,"FNA2AA_c1c2_filterlen33","Coleochaetales/LandPlants","NOT_MONO",NA,"CAN_MONO_INCOMPLETE","Weakly Reject"
NA,"FNA2AA_c1c2_filterlen33","Coleochaetales/LandPlants","COMP_MISSING",NA,"COMP_MISSING","Missing"
NA,"FNA2AA_c1c2_filterlen33","Coleochaetales/LandPlants","COMP_MISSING",NA,"COMP_MISSING","Missing"
NA,"FNA2AA_c1c2_filterlen33","Coleochaetales/LandPlants","COMP_MISSING",NA,"COMP_MISSING","Missing"
NA,"FNA2AA_c1c2_filterlen33","Coleochaetales/LandPlants","IS_MONO_INCOMPLETE",1,"IS_MONO_INCOMPLETE","Strongly Supported"
NA,"FNA2AA_c1c2_filterlen33","Coleochaetales/LandPlants","COMP_MISSING",NA,"COMP_MISSING","Missing"
NA,"FNA2AA_c1c2_filterlen33","Coleochaetales/LandPlants","NOT_MONO",NA,"CAN_MONO_INCOMPLETE","Weakly Reject"
NA,"FNA2AA_c1c2_filterlen33","Coleochaetales/LandPlants","COMP_MISSING",NA,"COMP_MISSING","Missing"
NA,"FNA2AA_c1c2_filterlen33","Coleochaetales/LandPlants","NOT_MONO",NA,"NOT_MONO","Strongly Reject"
NA,"FNA2AA_c1c2_filterlen33","Coleochaetales/LandPlants","NOT_MONO",NA,"CAN_MONO_INCOMPLETE","Weakly Reject"
NA,"FNA2AA_c1c2_filterlen33","Coleochaetales/LandPlants","NOT_MONO",NA,"CAN_MONO_INCOMPLETE","Weakly Reject"
NA,"FNA2AA_c1c2_filterlen33","Coleochaetales/LandPlants","COMP_MISSING",NA,"COMP_MISSING","Missing"
NA,"FNA2AA_c1c2_filterlen33","Coleochaetales/LandPlants","NOT_MONO",NA,"CAN_MONO_INCOMPLETE","Weakly Reject"
NA,"FNA2AA_c1c2_filterlen33","Coleochaetales/LandPlants","NOT_MONO",NA,"CAN_MONO_INCOMPLETE","Weakly Reject"
NA,"FNA2AA_c1c2_filterlen33","Coleochaetales/LandPlants","COMP_MISSING",NA,"COMP_MISSING","Missing"
NA,"FNA2AA_c1c2_filterlen33","Coleochaetales/LandPlants","COMP_MISSING",NA,"COMP_MISSING","Missing"
NA,"FNA2AA_c1c2_filterlen33","Coleochaetales/LandPlants","COMP_MISSING",NA,"COMP_MISSING","Missing"
NA,"FNA2AA_c1c2_filterlen33","Coleochaetales/LandPlants","NOT_MONO",NA,"NOT_MONO","Strongly Reject"
NA,"FNA2AA_c1c2_filterlen33","Coleochaetales/LandPlants","NOT_MONO",NA,"CAN_MONO_INCOMPLETE","Weakly Reject"
NA,"FNA2AA_c1c2_filterlen33","Coleochaetales/LandPlants","NOT_MONO",NA,"CAN_MONO_INCOMPLETE","Weakly Reject"
NA,"FNA2AA_c1c2_filterlen33","Coleochaetales/LandPlants","NOT_MONO",NA,"CAN_MONO_INCOMPLETE","Weakly Reject"
NA,"FNA2AA_c1c2_filterlen33","Coleochaetales/LandPlants","NOT_MONO",NA,"CAN_MONO_INCOMPLETE","Weakly Reject"
NA,"FNA2AA_c1c2_filterlen33","Coleochaetales/LandPlants","NOT_MONO",NA,"CAN_MONO_INCOMPLETE","Weakly Reject"
NA,"FNA2AA_c1c2_filterlen33","Coleochaetales/LandPlants","COMP_MISSING",NA,"COMP_MISSING","Missing"
NA,"FNA2AA_c1c2_filterlen33","Coleochaetales/LandPlants","NOT_MONO",NA,"CAN_MONO_INCOMPLETE","Weakly Reject"
NA,"FNA2AA_c1c2_filterlen33","Coleochaetales/LandPlants","NOT_MONO",NA,"CAN_MONO_INCOMPLETE","Weakly Reject"
NA,"FNA2AA_c1c2_filterlen33","Coleochaetales/LandPlants","NOT_MONO",NA,"CAN_MONO_INCOMPLETE","Weakly Reject"
NA,"FNA2AA_c1c2_filterlen33","Coleochaetales/LandPlants","NOT_MONO",NA,"CAN_MONO_INCOMPLETE","Weakly Reject"
NA,"FNA2AA_c1c2_filterlen33","Coleochaetales/LandPlants","COMP_MISSING",NA,"COMP_MISSING","Missing"
NA,"FNA2AA_c1c2_filterlen33","Coleochaetales/LandPlants","NOT_MONO",NA,"CAN_MONO_INCOMPLETE","Weakly Reject"
NA,"FNA2AA_c1c2_filterlen33","Coleochaetales/LandPlants","NOT_MONO",NA,"CAN_MONO_INCOMPLETE","Weakly Reject"
NA,"FNA2AA_c1c2_filterlen33","Coleochaetales/LandPlants","NOT_MONO",NA,"CAN_MONO_INCOMPLETE","Weakly Reject"
NA,"FNA2AA_c1c2_filterlen33","Coleochaetales/LandPlants","COMP_MISSING",NA,"COMP_MISSING","Missing"
NA,"FNA2AA_c1c2_filterlen33","Coleochaetales/LandPlants","NOT_MONO",NA,"CAN_MONO_INCOMPLETE","Weakly Reject"
NA,"FNA2AA_c1c2_filterlen33","Coleochaetales/LandPlants","NOT_MONO",NA,"CAN_MONO_INCOMPLETE","Weakly Reject"
NA,"FNA2AA_c1c2_filterlen33","Coleochaetales/LandPlants","COMP_MISSING",NA,"COMP_MISSING","Missing"
NA,"FNA2AA_c1c2_filterlen33","Coleochaetales/LandPlants","NOT_MONO",NA,"CAN_MONO_INCOMPLETE","Weakly Reject"
NA,"FNA2AA_c1c2_filterlen33","Coleochaetales/LandPlants","NOT_MONO",NA,"CAN_MONO_INCOMPLETE","Weakly Reject"
NA,"FNA2AA_c1c2_filterlen33","Coleochaetales/LandPlants","NOT_MONO",NA,"NOT_MONO","Strongly Reject"
NA,"FNA2AA_c1c2_filterlen33","Coleochaetales/LandPlants","NOT_MONO",NA,"NOT_MONO","Strongly Reject"
NA,"FNA2AA_c1c2_filterlen33","Coleochaetales/LandPlants","NOT_MONO",NA,"CAN_MONO_INCOMPLETE","Weakly Reject"
NA,"FNA2AA_c1c2_filterlen33","Coleochaetales/LandPlants","COMP_MISSING",NA,"COMP_MISSING","Missing"
NA,"FNA2AA_c1c2_filterlen33","Coleochaetales/LandPlants","COMP_MISSING",NA,"COMP_MISSING","Missing"
NA,"FNA2AA_c1c2_filterlen33","Coleochaetales/LandPlants","NOT_MONO",NA,"CAN_MONO_INCOMPLETE","Weakly Reject"
NA,"FNA2AA_c1c2_filterlen33","Coleochaetales/LandPlants","COMP_MISSING",NA,"COMP_MISSING","Missing"
NA,"FNA2AA_c1c2_filterlen33","Coleochaetales/LandPlants","NOT_MONO",NA,"CAN_MONO_INCOMPLETE","Weakly Reject"
NA,"FNA2AA_c1c2_filterlen33","Coleochaetales/LandPlants","COMP_MISSING",NA,"COMP_MISSING","Missing"
NA,"FNA2AA_c1c2_filterlen33","Coleochaetales/LandPlants","COMP_MISSING",NA,"COMP_MISSING","Missing"
NA,"FNA2AA_c1c2_filterlen33","Coleochaetales/LandPlants","COMP_MISSING",NA,"COMP_MISSING","Missing"
NA,"FNA2AA_c1c2_filterlen33","Coleochaetales/LandPlants","NOT_MONO",NA,"CAN_MONO_INCOMPLETE","Weakly Reject"
NA,"FNA2AA_c1c2_filterlen33","Coleochaetales/LandPlants","NOT_MONO",NA,"NOT_MONO","Strongly Reject"
NA,"FNA2AA_c1c2_filterlen33","Coleochaetales/LandPlants","COMP_MISSING",NA,"COMP_MISSING","Missing"
NA,"FNA2AA_c1c2_filterlen33","Coleochaetales/LandPlants","COMP_MISSING",NA,"COMP_MISSING","Missing"
NA,"FNA2AA_c1c2_filterlen33","Coleochaetales/LandPlants","NOT_MONO",NA,"NOT_MONO","Strongly Reject"
NA,"FNA2AA_c1c2_filterlen33","Coleochaetales/LandPlants","NOT_MONO",NA,"CAN_MONO_INCOMPLETE","Weakly Reject"
NA,"FNA2AA_c1c2_filterlen33","Coleochaetales/LandPlants","COMP_MISSING",NA,"COMP_MISSING","Missing"
NA,"FNA2AA_c1c2_filterlen33","Coleochaetales/LandPlants","NOT_MONO",NA,"CAN_MONO_INCOMPLETE","Weakly Reject"
NA,"FNA2AA_c1c2_filterlen33","Coleochaetales/LandPlants","NOT_MONO",NA,"CAN_MONO_INCOMPLETE","Weakly Reject"
NA,"FNA2AA_c1c2_filterlen33","Coleochaetales/LandPlants","COMP_MISSING",NA,"COMP_MISSING","Missing"
NA,"FNA2AA_c1c2_filterlen33","Coleochaetales/LandPlants","NOT_MONO",NA,"CAN_MONO_INCOMPLETE","Weakly Reject"
NA,"FNA2AA_c1c2_filterlen33","Coleochaetales/LandPlants","COMP_MISSING",NA,"COMP_MISSING","Missing"
NA,"FNA2AA_c1c2_filterlen33","Coleochaetales/LandPlants","NOT_MONO",NA,"CAN_MONO_INCOMPLETE","Weakly Reject"
NA,"FNA2AA_c1c2_filterlen33","Coleochaetales/LandPlants","COMP_MISSING",NA,"COMP_MISSING","Missing"
NA,"FNA2AA_c1c2_filterlen33","Coleochaetales/LandPlants","NOT_MONO",NA,"CAN_MONO_INCOMPLETE","Weakly Reject"
NA,"FNA2AA_c1c2_filterlen33","Coleochaetales/LandPlants","COMP_MISSING",NA,"COMP_MISSING","Missing"
NA,"FNA2AA_c1c2_filterlen33","Coleochaetales/LandPlants","COMP_MISSING",NA,"COMP_MISSING","Missing"
NA,"FNA2AA_c1c2_filterlen33","Coleochaetales/LandPlants","COMP_MISSING",NA,"COMP_MISSING","Missing"
NA,"FNA2AA_c1c2_filterlen33","Coleochaetales/LandPlants","NOT_MONO",NA,"CAN_MONO_INCOMPLETE","Weakly Reject"
NA,"FNA2AA_c1c2_filterlen33","Coleochaetales/LandPlants","NOT_MONO",NA,"CAN_MONO_INCOMPLETE","Weakly Reject"
NA,"FNA2AA_c1c2_filterlen33","Coleochaetales/LandPlants","NOT_MONO",NA,"NOT_MONO","Strongly Reject"
NA,"FNA2AA_c1c2_filterlen33","Coleochaetales/LandPlants","NOT_MONO",NA,"CAN_MONO_INCOMPLETE","Weakly Reject"
NA,"FNA2AA_c1c2_filterlen33","Coleochaetales/LandPlants","IS_MONO_INCOMPLETE",45,"CAN_MONO_INCOMPLETE","Weakly Supported"
NA,"FNA2AA_c1c2_filterlen33","Coleochaetales/LandPlants","NOT_MONO",NA,"CAN_MONO_INCOMPLETE","Weakly Reject"
NA,"FNA2AA_c1c2_filterlen33","Coleochaetales/LandPlants","NOT_MONO",NA,"CAN_MONO_INCOMPLETE","Weakly Reject"
NA,"FNA2AA_c1c2_filterlen33","Coleochaetales/LandPlants","COMP_MISSING",NA,"COMP_MISSING","Missing"
NA,"FNA2AA_c1c2_filterlen33","Coleochaetales/LandPlants","NOT_MONO",NA,"CAN_MONO_INCOMPLETE","Weakly Reject"
NA,"FNA2AA_c1c2_filterlen33","Coleochaetales/LandPlants","NOT_MONO",NA,"CAN_MONO_INCOMPLETE","Weakly Reject"
NA,"FNA2AA_c1c2_filterlen33","Coleochaetales/LandPlants","NOT_MONO",NA,"CAN_MONO_INCOMPLETE","Weakly Reject"
NA,"FNA2AA_c1c2_filterlen33","Coleochaetales/LandPlants","NOT_MONO",NA,"CAN_MONO_INCOMPLETE","Weakly Reject"
NA,"FNA2AA_c1c2_filterlen33","Coleochaetales/LandPlants","COMP_MISSING",NA,"COMP_MISSING","Missing"
NA,"FNA2AA_c1c2_filterlen33","Coleochaetales/LandPlants","NOT_MONO",NA,"CAN_MONO_INCOMPLETE","Weakly Reject"
NA,"FNA2AA_c1c2_filterlen33","Coleochaetales/LandPlants","NOT_MONO",NA,"CAN_MONO_INCOMPLETE","Weakly Reject"
NA,"FNA2AA_c1c2_filterlen33","Coleochaetales/LandPlants","COMP_MISSING",NA,"COMP_MISSING","Missing"
NA,"FNA2AA_c1c2_filterlen33","Coleochaetales/LandPlants","IS_MONO_INCOMPLETE",68,"CAN_MONO_INCOMPLETE","Weakly Supported"
NA,"FNA2AA_c1c2_filterlen33","Coleochaetales/LandPlants","NOT_MONO",NA,"NOT_MONO","Strongly Reject"
NA,"FNA2AA_c1c2_filterlen33","Coleochaetales/LandPlants","NOT_MONO",NA,"NOT_MONO","Strongly Reject"
NA,"FNA2AA_c1c2_filterlen33","Coleochaetales/LandPlants","NOT_MONO",NA,"CAN_MONO_INCOMPLETE","Weakly Reject"
NA,"FNA2AA_c1c2_filterlen33","Coleochaetales/LandPlants","COMP_MISSING",NA,"COMP_MISSING","Missing"
NA,"FNA2AA_c1c2_filterlen33","Coleochaetales/LandPlants","IS_MONO_INCOMPLETE",99,"IS_MONO_INCOMPLETE","Strongly Supported"
NA,"FNA2AA_c1c2_filterlen33","Coleochaetales/LandPlants","NOT_MONO",NA,"CAN_MONO_INCOMPLETE","Weakly Reject"
NA,"FNA2AA_c1c2_filterlen33","Coleochaetales/LandPlants","NOT_MONO",NA,"CAN_MONO_INCOMPLETE","Weakly Reject"
NA,"FNA2AA_c1c2_filterlen33","Coleochaetales/LandPlants","COMP_MISSING",NA,"COMP_MISSING","Missing"
NA,"FNA2AA_c1c2_filterlen33","Coleochaetales/LandPlants","IS_MONO_INCOMPLETE",37,"CAN_MONO_INCOMPLETE","Weakly Supported"
NA,"FNA2AA_c1c2_filterlen33","Coleochaetales/LandPlants","COMP_MISSING",NA,"COMP_MISSING","Missing"
NA,"FNA2AA_c1c2_filterlen33","Coleochaetales/LandPlants","NOT_MONO",NA,"NOT_MONO","Strongly Reject"
NA,"FNA2AA_c1c2_filterlen33","Coleochaetales/LandPlants","NOT_MONO",NA,"CAN_MONO_INCOMPLETE","Weakly Reject"
NA,"FNA2AA_c1c2_filterlen33","Coleochaetales/LandPlants","COMP_MISSING",NA,"COMP_MISSING","Missing"
NA,"FNA2AA_c1c2_filterlen33","Coleochaetales/LandPlants","COMP_MISSING",NA,"COMP_MISSING","Missing"
NA,"FNA2AA_c1c2_filterlen33","Coleochaetales/LandPlants","COMP_MISSING",NA,"COMP_MISSING","Missing"
NA,"FNA2AA_c1c2_filterlen33","Coleochaetales/LandPlants","NOT_MONO",NA,"CAN_MONO_INCOMPLETE","Weakly Reject"
NA,"FNA2AA_c1c2_filterlen33","Coleochaetales/LandPlants","NOT_MONO",NA,"CAN_MONO_INCOMPLETE","Weakly Reject"
NA,"FNA2AA_c1c2_filterlen33","Coleochaetales/LandPlants","COMP_MISSING",NA,"COMP_MISSING","Missing"
NA,"FNA2AA_c1c2_filterlen33","Coleochaetales/LandPlants","NOT_MONO",NA,"CAN_MONO_INCOMPLETE","Weakly Reject"
NA,"FNA2AA_c1c2_filterlen33","Coleochaetales/LandPlants","COMP_MISSING",NA,"COMP_MISSING","Missing"
NA,"FNA2AA_c1c2_filterlen33","Coleochaetales/LandPlants","COMP_MISSING",NA,"COMP_MISSING","Missing"
NA,"FNA2AA_c1c2_filterlen33","Coleochaetales/LandPlants","NOT_MONO",NA,"CAN_MONO_INCOMPLETE","Weakly Reject"
NA,"FNA2AA_c1c2_filterlen33","Coleochaetales/LandPlants","COMP_MISSING",NA,"COMP_MISSING","Missing"
NA,"FNA2AA_c1c2_filterlen33","Coleochaetales/LandPlants","COMP_MISSING",NA,"COMP_MISSING","Missing"
NA,"FNA2AA_c1c2_filterlen33","Coleochaetales/LandPlants","COMP_MISSING",NA,"COMP_MISSING","Missing"
NA,"FNA2AA_c1c2_filterlen33","Coleochaetales/LandPlants","NOT_MONO",NA,"CAN_MONO_INCOMPLETE","Weakly Reject"
NA,"FNA2AA_c1c2_filterlen33","Coleochaetales/LandPlants","COMP_MISSING",NA,"COMP_MISSING","Missing"
NA,"FNA2AA_c1c2_filterlen33","Coleochaetales/LandPlants","COMP_MISSING",NA,"COMP_MISSING","Missing"
NA,"FNA2AA_c1c2_filterlen33","Coleochaetales/LandPlants","COMP_MISSING",NA,"COMP_MISSING","Missing"
NA,"FNA2AA_c1c2_filterlen33","Coleochaetales/LandPlants","COMP_MISSING",NA,"COMP_MISSING","Missing"
NA,"FNA2AA_c1c2_filterlen33","Coleochaetales/LandPlants","NOT_MONO",NA,"CAN_MONO_INCOMPLETE","Weakly Reject"
NA,"FNA2AA_c1c2_filterlen33","Coleochaetales/LandPlants","COMP_MISSING",NA,"COMP_MISSING","Missing"
NA,"FNA2AA_c1c2_filterlen33","Coleochaetales/LandPlants","COMP_MISSING",NA,"COMP_MISSING","Missing"
NA,"FNA2AA_c1c2_filterlen33","Coleochaetales/LandPlants","NOT_MONO",NA,"NOT_MONO","Strongly Reject"
NA,"FNA2AA_c1c2_filterlen33","Coleochaetales/LandPlants","CAN_MONO_INCOMPLETE",NA,"CAN_MONO_INCOMPLETE","Weakly Reject"
NA,"FNA2AA_c1c2_filterlen33","Coleochaetales/LandPlants","COMP_MISSING",NA,"COMP_MISSING","Missing"
NA,"FNA2AA_c1c2_filterlen33","Coleochaetales/LandPlants","NOT_MONO",NA,"CAN_MONO_INCOMPLETE","Weakly Reject"
NA,"FNA2AA_c1c2_filterlen33","Coleochaetales/LandPlants","NOT_MONO",NA,"CAN_MONO_INCOMPLETE","Weakly Reject"
NA,"FNA2AA_c1c2_filterlen33","Coleochaetales/LandPlants","COMP_MISSING",NA,"COMP_MISSING","Missing"
NA,"FNA2AA_c1c2_filterlen33","Coleochaetales/LandPlants","NOT_MONO",NA,"NOT_MONO","Strongly Reject"
NA,"FNA2AA_c1c2_filterlen33","Coleochaetales/LandPlants","NOT_MONO",NA,"CAN_MONO_INCOMPLETE","Weakly Reject"
NA,"FNA2AA_c1c2_filterlen33","Coleochaetales/LandPlants","COMP_MISSING",NA,"COMP_MISSING","Missing"
NA,"FNA2AA_c1c2_filterlen33","Coleochaetales/LandPlants","COMP_MISSING",NA,"COMP_MISSING","Missing"
NA,"FNA2AA_c1c2_filterlen33","Coleochaetales/LandPlants","NOT_MONO",NA,"CAN_MONO_INCOMPLETE","Weakly Reject"
NA,"FNA2AA_c1c2_filterlen33","Coleochaetales/LandPlants","COMP_MISSING",NA,"COMP_MISSING","Missing"
NA,"FNA2AA_c1c2_filterlen33","Coleochaetales/LandPlants","COMP_MISSING",NA,"COMP_MISSING","Missing"
NA,"FNA2AA_c1c2_filterlen33","Coleochaetales/LandPlants","COMP_MISSING",NA,"COMP_MISSING","Missing"
NA,"FNA2AA_c1c2_filterlen33","Coleochaetales/LandPlants","IS_MONO_INCOMPLETE",13,"CAN_MONO_INCOMPLETE","Weakly Supported"
NA,"FNA2AA_c1c2_filterlen33","Coleochaetales/LandPlants","COMP_MISSING",NA,"COMP_MISSING","Missing"
NA,"FNA2AA_c1c2_filterlen33","Coleochaetales/LandPlants","NOT_MONO",NA,"CAN_MONO_INCOMPLETE","Weakly Reject"
NA,"FNA2AA_c1c2_filterlen33","Coleochaetales/LandPlants","NOT_MONO",NA,"CAN_MONO_INCOMPLETE","Weakly Reject"
NA,"FNA2AA_c1c2_filterlen33","Coleochaetales/LandPlants","NOT_MONO",NA,"CAN_MONO_INCOMPLETE","Weakly Reject"
NA,"FNA2AA_c1c2_filterlen33","Coleochaetales/LandPlants","NOT_MONO",NA,"CAN_MONO_INCOMPLETE","Weakly Reject"
NA,"FNA2AA_c1c2_filterlen33","Coleochaetales/LandPlants","IS_MONO_INCOMPLETE",99,"IS_MONO_INCOMPLETE","Strongly Supported"
NA,"FNA2AA_c1c2_filterlen33","Coleochaetales/LandPlants","NOT_MONO",NA,"CAN_MONO_INCOMPLETE","Weakly Reject"
NA,"FNA2AA_c1c2_filterlen33","Coleochaetales/LandPlants","COMP_MISSING",NA,"COMP_MISSING","Missing"
NA,"FNA2AA_c1c2_filterlen33","Coleochaetales/LandPlants","IS_MONO_INCOMPLETE",31,"CAN_MONO_INCOMPLETE","Weakly Supported"
NA,"FNA2AA_c1c2_filterlen33","Coleochaetales/LandPlants","COMP_MISSING",NA,"COMP_MISSING","Missing"
NA,"FNA2AA_c1c2_filterlen33","Coleochaetales/LandPlants","NOT_MONO",NA,"CAN_MONO_INCOMPLETE","Weakly Reject"
NA,"FNA2AA_c1c2_filterlen33","Coleochaetales/LandPlants","NOT_MONO",NA,"CAN_MONO_INCOMPLETE","Weakly Reject"
NA,"FNA2AA_c1c2_filterlen33","Coleochaetales/LandPlants","NOT_MONO",NA,"CAN_MONO_INCOMPLETE","Weakly Reject"
NA,"FNA2AA_c1c2_filterlen33","Coleochaetales/LandPlants","NOT_MONO",NA,"CAN_MONO_INCOMPLETE","Weakly Reject"
NA,"FNA2AA_c1c2_filterlen33","Coleochaetales/LandPlants","NOT_MONO",NA,"CAN_MONO_INCOMPLETE","Weakly Reject"
NA,"FNA2AA_c1c2_filterlen33","Coleochaetales/LandPlants","NOT_MONO",NA,"CAN_MONO_INCOMPLETE","Weakly Reject"
NA,"FNA2AA_c1c2_filterlen33","Coleochaetales/LandPlants","COMP_MISSING",NA,"COMP_MISSING","Missing"
NA,"FNA2AA_c1c2_filterlen33","Coleochaetales/LandPlants","COMP_MISSING",NA,"COMP_MISSING","Missing"
NA,"FNA2AA_c1c2_filterlen33","Coleochaetales/LandPlants","COMP_MISSING",NA,"COMP_MISSING","Missing"
NA,"FNA2AA_c1c2_filterlen33","Coleochaetales/LandPlants","IS_MONO_INCOMPLETE",1,"IS_MONO_INCOMPLETE","Strongly Supported"
NA,"FNA2AA_c1c2_filterlen33","Coleochaetales/LandPlants","COMP_MISSING",NA,"COMP_MISSING","Missing"
NA,"FNA2AA_c1c2_filterlen33","Coleochaetales/LandPlants","NOT_MONO",NA,"CAN_MONO_INCOMPLETE","Weakly Reject"
NA,"FNA2AA_c1c2_filterlen33","Coleochaetales/LandPlants","NOT_MONO",NA,"CAN_MONO_INCOMPLETE","Weakly Reject"
NA,"FNA2AA_c1c2_filterlen33","Coleochaetales/LandPlants","COMP_MISSING",NA,"COMP_MISSING","Missing"
NA,"FNA2AA_c1c2_filterlen33","Coleochaetales/LandPlants","NOT_MONO",NA,"CAN_MONO_INCOMPLETE","Weakly Reject"
NA,"FNA2AA_c1c2_filterlen33","Coleochaetales/LandPlants","NOT_MONO",NA,"CAN_MONO_INCOMPLETE","Weakly Reject"
NA,"FNA2AA_c1c2_filterlen33","Coleochaetales/LandPlants","COMP_MISSING",NA,"COMP_MISSING","Missing"
NA,"FNA2AA_c1c2_filterlen33","Coleochaetales/LandPlants","NOT_MONO",NA,"CAN_MONO_INCOMPLETE","Weakly Reject"
NA,"FNA2AA_c1c2_filterlen33","Coleochaetales/LandPlants","NOT_MONO",NA,"CAN_MONO_INCOMPLETE","Weakly Reject"
NA,"FNA2AA_c1c2_filterlen33","Coleochaetales/LandPlants","NOT_MONO",NA,"CAN_MONO_INCOMPLETE","Weakly Reject"
NA,"FNA2AA_c1c2_filterlen33","Coleochaetales/LandPlants","COMP_MISSING",NA,"COMP_MISSING","Missing"
NA,"FNA2AA_c1c2_filterlen33","Coleochaetales/LandPlants","COMP_MISSING",NA,"COMP_MISSING","Missing"
NA,"FNA2AA_c1c2_filterlen33","Coleochaetales/LandPlants","NOT_MONO",NA,"CAN_MONO_INCOMPLETE","Weakly Reject"
NA,"FNA2AA_c1c2_filterlen33","Coleochaetales/LandPlants","NOT_MONO",NA,"CAN_MONO_INCOMPLETE","Weakly Reject"
NA,"FNA2AA_c1c2_filterlen33","Coleochaetales/LandPlants","NOT_MONO",NA,"CAN_MONO_INCOMPLETE","Weakly Reject"
NA,"FNA2AA_c1c2_filterlen33","Coleochaetales/LandPlants","COMP_MISSING",NA,"COMP_MISSING","Missing"
NA,"FNA2AA_c1c2_filterlen33","Coleochaetales/LandPlants","COMP_MISSING",NA,"COMP_MISSING","Missing"
NA,"FNA2AA_c1c2_filterlen33","Coleochaetales/LandPlants","COMP_MISSING",NA,"COMP_MISSING","Missing"
NA,"FNA2AA_c1c2_filterlen33","Coleochaetales/LandPlants","NOT_MONO",NA,"CAN_MONO_INCOMPLETE","Weakly Reject"
NA,"FNA2AA_c1c2_filterlen33","Coleochaetales/LandPlants","IS_MONO_INCOMPLETE",32,"CAN_MONO_INCOMPLETE","Weakly Supported"
NA,"FNA2AA_c1c2_filterlen33","Coleochaetales/LandPlants","NOT_MONO",NA,"CAN_MONO_INCOMPLETE","Weakly Reject"
NA,"FNA2AA_c1c2_filterlen33","Coleochaetales/LandPlants","IS_MONO_INCOMPLETE",38,"CAN_MONO_INCOMPLETE","Weakly Supported"
NA,"FNA2AA_c1c2_filterlen33","Coleochaetales/LandPlants","NOT_MONO",NA,"CAN_MONO_INCOMPLETE","Weakly Reject"
NA,"FNA2AA_c1c2_filterlen33","Coleochaetales/LandPlants","NOT_MONO",NA,"CAN_MONO_INCOMPLETE","Weakly Reject"
NA,"FNA2AA_c1c2_filterlen33","Coleochaetales/LandPlants","COMP_MISSING",NA,"COMP_MISSING","Missing"
NA,"FNA2AA_c1c2_filterlen33","Coleochaetales/LandPlants","NOT_MONO",NA,"CAN_MONO_INCOMPLETE","Weakly Reject"
NA,"FNA2AA_c1c2_filterlen33","Coleochaetales/LandPlants","NOT_MONO",NA,"NOT_MONO","Strongly Reject"
NA,"FNA2AA_c1c2_filterlen33","Coleochaetales/LandPlants","IS_MONO_INCOMPLETE",39,"CAN_MONO_INCOMPLETE","Weakly Supported"
NA,"FNA2AA_c1c2_filterlen33","Coleochaetales/LandPlants","NOT_MONO",NA,"CAN_MONO_INCOMPLETE","Weakly Reject"
NA,"FNA2AA_c1c2_filterlen33","Coleochaetales/LandPlants","COMP_MISSING",NA,"COMP_MISSING","Missing"
NA,"FNA2AA_c1c2_filterlen33","Coleochaetales/LandPlants","COMP_MISSING",NA,"COMP_MISSING","Missing"
NA,"FNA2AA_c1c2_filterlen33","Coleochaetales/LandPlants","COMP_MISSING",NA,"COMP_MISSING","Missing"
NA,"FNA2AA_c1c2_filterlen33","Coleochaetales/LandPlants","NOT_MONO",NA,"CAN_MONO_INCOMPLETE","Weakly Reject"
NA,"FNA2AA_c1c2_filterlen33","Coleochaetales/LandPlants","IS_MONO_INCOMPLETE",51,"CAN_MONO_INCOMPLETE","Weakly Supported"
NA,"FNA2AA_c1c2_filterlen33","Coleochaetales/LandPlants","NOT_MONO",NA,"CAN_MONO_INCOMPLETE","Weakly Reject"
NA,"FNA2AA_c1c2_filterlen33","Coleochaetales/LandPlants","COMP_MISSING",NA,"COMP_MISSING","Missing"
NA,"FNA2AA_c1c2_filterlen33","Coleochaetales/LandPlants","COMP_MISSING",NA,"COMP_MISSING","Missing"
NA,"FNA2AA_c1c2_filterlen33","Coleochaetales/LandPlants","NOT_MONO",NA,"CAN_MONO_INCOMPLETE","Weakly Reject"
NA,"FNA2AA_c1c2_filterlen33","Coleochaetales/LandPlants","COMP_MISSING",NA,"COMP_MISSING","Missing"
NA,"FNA2AA_c1c2_filterlen33","Coleochaetales/LandPlants","NOT_MONO",NA,"CAN_MONO_INCOMPLETE","Weakly Reject"
NA,"FNA2AA_c1c2_filterlen33","Coleochaetales/LandPlants","COMP_MISSING",NA,"COMP_MISSING","Missing"
NA,"FNA2AA_c1c2_filterlen33","Coleochaetales/LandPlants","COMP_MISSING",NA,"COMP_MISSING","Missing"
NA,"FNA2AA_c1c2_filterlen33","Coleochaetales/LandPlants","NOT_MONO",NA,"CAN_MONO_INCOMPLETE","Weakly Reject"
NA,"FNA2AA_c1c2_filterlen33","Coleochaetales/LandPlants","COMP_MISSING",NA,"COMP_MISSING","Missing"
NA,"FNA2AA_c1c2_filterlen33","Coleochaetales/LandPlants","COMP_MISSING",NA,"COMP_MISSING","Missing"
NA,"FNA2AA_c1c2_filterlen33","Coleochaetales/LandPlants","COMP_MISSING",NA,"COMP_MISSING","Missing"
NA,"FNA2AA_c1c2_filterlen33","Coleochaetales/LandPlants","NOT_MONO",NA,"CAN_MONO_INCOMPLETE","Weakly Reject"
NA,"FNA2AA_c1c2_filterlen33","Coleochaetales/LandPlants","CAN_MONO_INCOMPLETE",NA,"CAN_MONO_INCOMPLETE","Weakly Reject"
NA,"FNA2AA_c1c2_filterlen33","Coleochaetales/LandPlants","IS_MONO_INCOMPLETE",26,"CAN_MONO_INCOMPLETE","Weakly Supported"
NA,"FNA2AA_c1c2_filterlen33","Coleochaetales/LandPlants","COMP_MISSING",NA,"COMP_MISSING","Missing"
NA,"FNA2AA_c1c2_filterlen33","Coleochaetales/LandPlants","COMP_MISSING",NA,"COMP_MISSING","Missing"
NA,"FNA2AA_c1c2_filterlen33","Coleochaetales/LandPlants","COMP_MISSING",NA,"COMP_MISSING","Missing"
NA,"FNA2AA_c1c2_filterlen33","Coleochaetales/LandPlants","NOT_MONO",NA,"CAN_MONO_INCOMPLETE","Weakly Reject"
NA,"FNA2AA_c1c2_filterlen33","Coleochaetales/LandPlants","COMP_MISSING",NA,"COMP_MISSING","Missing"
NA,"FNA2AA_c1c2_filterlen33","Coleochaetales/LandPlants","COMP_MISSING",NA,"COMP_MISSING","Missing"
NA,"FNA2AA_c1c2_filterlen33","Coleochaetales/LandPlants","NOT_MONO",NA,"CAN_MONO_INCOMPLETE","Weakly Reject"
NA,"FNA2AA_c1c2_filterlen33","Coleochaetales/LandPlants","COMP_MISSING",NA,"COMP_MISSING","Missing"
NA,"FNA2AA_c1c2_filterlen33","Coleochaetales/LandPlants","NOT_MONO",NA,"CAN_MONO_INCOMPLETE","Weakly Reject"
NA,"FNA2AA_c1c2_filterlen33","Coleochaetales/LandPlants","COMP_MISSING",NA,"COMP_MISSING","Missing"
NA,"FNA2AA_c1c2_filterlen33","Coleochaetales/LandPlants","NOT_MONO",NA,"CAN_MONO_INCOMPLETE","Weakly Reject"
NA,"FNA2AA_c1c2_filterlen33","Coleochaetales/LandPlants","COMP_MISSING",NA,"COMP_MISSING","Missing"
NA,"FNA2AA_c1c2_filterlen33","Coleochaetales/LandPlants","NOT_MONO",NA,"NOT_MONO","Strongly Reject"
NA,"FNA2AA_c1c2_filterlen33","Coleochaetales/LandPlants","NOT_MONO",NA,"NOT_MONO","Strongly Reject"
NA,"FNA2AA_c1c2_filterlen33","Coleochaetales/LandPlants","NOT_MONO",NA,"NOT_MONO","Strongly Reject"
NA,"FNA2AA_c1c2_filterlen33","Coleochaetales/LandPlants","NOT_MONO",NA,"NOT_MONO","Strongly Reject"
NA,"FNA2AA_c1c2_filterlen33","Coleochaetales/LandPlants","NOT_MONO",NA,"CAN_MONO_INCOMPLETE","Weakly Reject"
NA,"FNA2AA_c1c2_filterlen33","Coleochaetales/LandPlants","IS_MONO_INCOMPLETE",26,"CAN_MONO_INCOMPLETE","Weakly Supported"
NA,"FNA2AA_c1c2_filterlen33","Coleochaetales/LandPlants","NOT_MONO",NA,"CAN_MONO_INCOMPLETE","Weakly Reject"
NA,"FNA2AA_c1c2_filterlen33","Coleochaetales/LandPlants","COMP_MISSING",NA,"COMP_MISSING","Missing"
NA,"FNA2AA_c1c2_filterlen33","Coleochaetales/LandPlants","COMP_MISSING",NA,"COMP_MISSING","Missing"
NA,"FNA2AA_c1c2_filterlen33","Coleochaetales/LandPlants","COMP_MISSING",NA,"COMP_MISSING","Missing"
NA,"FNA2AA_c1c2_filterlen33","Coleochaetales/LandPlants","NOT_MONO",NA,"CAN_MONO_INCOMPLETE","Weakly Reject"
NA,"FNA2AA_c1c2_filterlen33","Coleochaetales/LandPlants","NOT_MONO",NA,"CAN_MONO_INCOMPLETE","Weakly Reject"
NA,"FNA2AA_c1c2_filterlen33","Coleochaetales/LandPlants","COMP_MISSING",NA,"COMP_MISSING","Missing"
NA,"FNA2AA_c1c2_filterlen33","Coleochaetales/LandPlants","COMP_MISSING",NA,"COMP_MISSING","Missing"
NA,"FNA2AA_c1c2_filterlen33","Coleochaetales/LandPlants","NOT_MONO",NA,"CAN_MONO_INCOMPLETE","Weakly Reject"
NA,"FNA2AA_c1c2_filterlen33","Coleochaetales/LandPlants","NOT_MONO",NA,"CAN_MONO_INCOMPLETE","Weakly Reject"
NA,"FNA2AA_c1c2_filterlen33","Coleochaetales/LandPlants","COMP_MISSING",NA,"COMP_MISSING","Missing"
NA,"FNA2AA_c1c2_filterlen33","Coleochaetales/LandPlants","IS_MONO_INCOMPLETE",46,"CAN_MONO_INCOMPLETE","Weakly Supported"
NA,"FNA2AA_c1c2_filterlen33","Coleochaetales/LandPlants","NOT_MONO",NA,"CAN_MONO_INCOMPLETE","Weakly Reject"
NA,"FNA2AA_c1c2_filterlen33","Coleochaetales/LandPlants","COMP_MISSING",NA,"COMP_MISSING","Missing"
NA,"FNA2AA_c1c2_filterlen33","Coleochaetales/LandPlants","NOT_MONO",NA,"CAN_MONO_INCOMPLETE","Weakly Reject"
NA,"FNA2AA_c1c2_filterlen33","Coleochaetales/LandPlants","COMP_MISSING",NA,"COMP_MISSING","Missing"
NA,"FNA2AA_c1c2_filterlen33","Coleochaetales/LandPlants","COMP_MISSING",NA,"COMP_MISSING","Missing"
NA,"FNA2AA_c1c2_filterlen33","Coleochaetales/LandPlants","COMP_MISSING",NA,"COMP_MISSING","Missing"
NA,"FNA2AA_c1c2_filterlen33","Coleochaetales/LandPlants","COMP_MISSING",NA,"COMP_MISSING","Missing"
NA,"FNA2AA_c1c2_filterlen33","Coleochaetales/LandPlants","COMP_MISSING",NA,"COMP_MISSING","Missing"
NA,"FNA2AA_c1c2_filterlen33","Coleochaetales/LandPlants","IS_MONO_INCOMPLETE",52,"CAN_MONO_INCOMPLETE","Weakly Supported"
NA,"FNA2AA_c1c2_filterlen33","Coleochaetales/LandPlants","COMP_MISSING",NA,"COMP_MISSING","Missing"
NA,"FNA2AA_c1c2_filterlen33","Coleochaetales/LandPlants","COMP_MISSING",NA,"COMP_MISSING","Missing"
NA,"FNA2AA_c1c2_filterlen33","Coleochaetales/LandPlants","COMP_MISSING",NA,"COMP_MISSING","Missing"
NA,"FNA2AA_c1c2_filterlen33","Coleochaetales/LandPlants","NOT_MONO",NA,"CAN_MONO_INCOMPLETE","Weakly Reject"
NA,"FNA2AA_c1c2_filterlen33","Coleochaetales/LandPlants","NOT_MONO",NA,"CAN_MONO_INCOMPLETE","Weakly Reject"
NA,"FNA2AA_c1c2_filterlen33","Coleochaetales/LandPlants","NOT_MONO",NA,"CAN_MONO_INCOMPLETE","Weakly Reject"
NA,"FNA2AA_c1c2_filterlen33","Coleochaetales/LandPlants","COMP_MISSING",NA,"COMP_MISSING","Missing"
NA,"FNA2AA_c1c2_filterlen33","Coleochaetales/LandPlants","COMP_MISSING",NA,"COMP_MISSING","Missing"
NA,"FNA2AA_c1c2_filterlen33","Coleochaetales/LandPlants","NOT_MONO",NA,"CAN_MONO_INCOMPLETE","Weakly Reject"
NA,"FNA2AA_c1c2_filterlen33","Coleochaetales/LandPlants","COMP_MISSING",NA,"COMP_MISSING","Missing"
NA,"FNA2AA_c1c2_filterlen33","Coleochaetales/LandPlants","CAN_MONO_INCOMPLETE",NA,"CAN_MONO_INCOMPLETE","Weakly Reject"
NA,"FNA2AA_c1c2_filterlen33","Coleochaetales/LandPlants","COMP_MISSING",NA,"COMP_MISSING","Missing"
NA,"FNA2AA_c1c2_filterlen33","Coleochaetales/LandPlants","COMP_MISSING",NA,"COMP_MISSING","Missing"
NA,"FNA2AA_c1c2_filterlen33","Coleochaetales/LandPlants","NOT_MONO",NA,"CAN_MONO_INCOMPLETE","Weakly Reject"
NA,"FNA2AA_c1c2_filterlen33","Coleochaetales/LandPlants","NOT_MONO",NA,"CAN_MONO_INCOMPLETE","Weakly Reject"
NA,"FNA2AA_c1c2_filterlen33","Coleochaetales/LandPlants","NOT_MONO",NA,"CAN_MONO_INCOMPLETE","Weakly Reject"
NA,"FNA2AA_c1c2_filterlen33","Coleochaetales/LandPlants","COMP_MISSING",NA,"COMP_MISSING","Missing"
NA,"FNA2AA_c1c2_filterlen33","Coleochaetales/LandPlants","NOT_MONO",NA,"CAN_MONO_INCOMPLETE","Weakly Reject"
NA,"FNA2AA_c1c2_filterlen33","Coleochaetales/LandPlants","COMP_MISSING",NA,"COMP_MISSING","Missing"
NA,"FNA2AA_c1c2_filterlen33","Coleochaetales/LandPlants","COMP_MISSING",NA,"COMP_MISSING","Missing"
NA,"FNA2AA_c1c2_filterlen33","Coleochaetales/LandPlants","NOT_MONO",NA,"CAN_MONO_INCOMPLETE","Weakly Reject"
NA,"FNA2AA_c1c2_filterlen33","Coleochaetales/LandPlants","IS_MONO_INCOMPLETE",7,"CAN_MONO_INCOMPLETE","Weakly Supported"
NA,"FNA2AA_c1c2_filterlen33","Coleochaetales/LandPlants","COMP_MISSING",NA,"COMP_MISSING","Missing"
NA,"FNA2AA_c1c2_filterlen33","Coleochaetales/LandPlants","NOT_MONO",NA,"CAN_MONO_INCOMPLETE","Weakly Reject"
NA,"FNA2AA_c1c2_filterlen33","Coleochaetales/LandPlants","NOT_MONO",NA,"CAN_MONO_INCOMPLETE","Weakly Reject"
NA,"FNA2AA_c1c2_filterlen33","Coleochaetales/LandPlants","CAN_MONO_INCOMPLETE",NA,"CAN_MONO_INCOMPLETE","Weakly Reject"
NA,"FNA2AA_c1c2_filterlen33","Coleochaetales/LandPlants","NOT_MONO",NA,"CAN_MONO_INCOMPLETE","Weakly Reject"
NA,"FNA2AA_c1c2_filterlen33","Coleochaetales/LandPlants","COMP_MISSING",NA,"COMP_MISSING","Missing"
NA,"FNA2AA_c1c2_filterlen33","Coleochaetales/LandPlants","NOT_MONO",NA,"CAN_MONO_INCOMPLETE","Weakly Reject"
NA,"FNA2AA_c1c2_filterlen33","Coleochaetales/LandPlants","COMP_MISSING",NA,"COMP_MISSING","Missing"
NA,"FNA2AA_c1c2_filterlen33","Coleochaetales/LandPlants","COMP_MISSING",NA,"COMP_MISSING","Missing"
NA,"FNA2AA_c1c2_filterlen33","Coleochaetales/LandPlants","NOT_MONO",NA,"CAN_MONO_INCOMPLETE","Weakly Reject"
NA,"FNA2AA_c1c2_filterlen33","Coleochaetales/LandPlants","COMP_MISSING",NA,"COMP_MISSING","Missing"
NA,"FNA2AA_c1c2_filterlen33","Coleochaetales/LandPlants","IS_MONO_INCOMPLETE",71,"CAN_MONO_INCOMPLETE","Weakly Supported"
NA,"FNA2AA_c1c2_filterlen33","Coleochaetales/LandPlants","IS_MONO_INCOMPLETE",60,"CAN_MONO_INCOMPLETE","Weakly Supported"
NA,"FNA2AA_c1c2_filterlen33","Coleochaetales/LandPlants","COMP_MISSING",NA,"COMP_MISSING","Missing"
NA,"FNA2AA_c1c2_filterlen33","Coleochaetales/LandPlants","NOT_MONO",NA,"CAN_MONO_INCOMPLETE","Weakly Reject"
NA,"FNA2AA_c1c2_filterlen33","Coleochaetales/LandPlants","NOT_MONO",NA,"CAN_MONO_INCOMPLETE","Weakly Reject"
NA,"FNA2AA_c1c2_filterlen33","Coleochaetales/LandPlants","NOT_MONO",NA,"CAN_MONO_INCOMPLETE","Weakly Reject"
NA,"FNA2AA_c1c2_filterlen33","Coleochaetales/LandPlants","COMP_MISSING",NA,"COMP_MISSING","Missing"
NA,"FNA2AA_c1c2_filterlen33","Coleochaetales/LandPlants","NOT_MONO",NA,"CAN_MONO_INCOMPLETE","Weakly Reject"
NA,"FNA2AA_c1c2_filterlen33","Coleochaetales/LandPlants","NOT_MONO",NA,"CAN_MONO_INCOMPLETE","Weakly Reject"
NA,"FNA2AA_c1c2_filterlen33","Coleochaetales/LandPlants","COMP_MISSING",NA,"COMP_MISSING","Missing"
NA,"FNA2AA_c1c2_filterlen33","Coleochaetales/LandPlants","IS_MONO_INCOMPLETE",74,"CAN_MONO_INCOMPLETE","Weakly Supported"
NA,"FNA2AA_c1c2_filterlen33","Coleochaetales/LandPlants","NOT_MONO",NA,"CAN_MONO_INCOMPLETE","Weakly Reject"
NA,"FNA2AA_c1c2_filterlen33","Coleochaetales/LandPlants","NOT_MONO",NA,"CAN_MONO_INCOMPLETE","Weakly Reject"
NA,"FNA2AA_c1c2_filterlen33","Coleochaetales/LandPlants","COMP_MISSING",NA,"COMP_MISSING","Missing"
NA,"FNA2AA_c1c2_filterlen33","Coleochaetales/LandPlants","NOT_MONO",NA,"CAN_MONO_INCOMPLETE","Weakly Reject"
NA,"FNA2AA_c1c2_filterlen33","Coleochaetales/LandPlants","COMP_MISSING",NA,"COMP_MISSING","Missing"
NA,"FNA2AA_c1c2_filterlen33","Coleochaetales/LandPlants","COMP_MISSING",NA,"COMP_MISSING","Missing"
NA,"FNA2AA_c1c2_filterlen33","Coleochaetales/LandPlants","COMP_MISSING",NA,"COMP_MISSING","Missing"
NA,"FNA2AA_c1c2_filterlen33","Coleochaetales/LandPlants","COMP_MISSING",NA,"COMP_MISSING","Missing"
NA,"FNA2AA_c1c2_filterlen33","Coleochaetales/LandPlants","COMP_MISSING",NA,"COMP_MISSING","Missing"
NA,"FNA2AA_c1c2_filterlen33","Coleochaetales/LandPlants","NOT_MONO",NA,"CAN_MONO_INCOMPLETE","Weakly Reject"
NA,"FNA2AA_c1c2_filterlen33","Coleochaetales/LandPlants","COMP_MISSING",NA,"COMP_MISSING","Missing"
NA,"FNA2AA_c1c2_filterlen33","Coleochaetales/LandPlants","NOT_MONO",NA,"CAN_MONO_INCOMPLETE","Weakly Reject"
NA,"FNA2AA_c1c2_filterlen33","Coleochaetales/LandPlants","COMP_MISSING",NA,"COMP_MISSING","Missing"
NA,"FNA2AA_c1c2_filterlen33","Coleochaetales/LandPlants","NOT_MONO",NA,"CAN_MONO_INCOMPLETE","Weakly Reject"
NA,"FNA2AA_c1c2_filterlen33","Coleochaetales/LandPlants","IS_MONO_INCOMPLETE",42,"CAN_MONO_INCOMPLETE","Weakly Supported"
NA,"FNA2AA_c1c2_filterlen33","Coleochaetales/LandPlants","COMP_MISSING",NA,"COMP_MISSING","Missing"
NA,"FNA2AA_c1c2_filterlen33","Coleochaetales/LandPlants","COMP_MISSING",NA,"COMP_MISSING","Missing"
NA,"FNA2AA_c1c2_filterlen33","Coleochaetales/LandPlants","COMP_MISSING",NA,"COMP_MISSING","Missing"
NA,"FNA2AA_c1c2_filterlen33","Coleochaetales/LandPlants","COMP_MISSING",NA,"COMP_MISSING","Missing"
NA,"FNA2AA_c1c2_filterlen33","Coleochaetales/LandPlants","IS_MONO_INCOMPLETE",56,"CAN_MONO_INCOMPLETE","Weakly Supported"
NA,"FNA2AA_c1c2_filterlen33","Coleochaetales/LandPlants","IS_MONO_INCOMPLETE",37,"CAN_MONO_INCOMPLETE","Weakly Supported"
NA,"FNA2AA_c1c2_filterlen33","Coleochaetales/LandPlants","COMP_MISSING",NA,"COMP_MISSING","Missing"
NA,"FNA2AA_c1c2_filterlen33","Coleochaetales/LandPlants","NOT_MONO",NA,"CAN_MONO_INCOMPLETE","Weakly Reject"
NA,"FNA2AA_c1c2_filterlen33","Coleochaetales/LandPlants","IS_MONO_INCOMPLETE",100,"IS_MONO_INCOMPLETE","Strongly Supported"
NA,"FNA2AA_c1c2_filterlen33","Coleochaetales/LandPlants","NOT_MONO",NA,"CAN_MONO_INCOMPLETE","Weakly Reject"
NA,"FNA2AA_c1c2_filterlen33","Coleochaetales/LandPlants","COMP_MISSING",NA,"COMP_MISSING","Missing"
NA,"FNA2AA_c1c2_filterlen33","Coleochaetales/LandPlants","IS_MONO_INCOMPLETE",5,"CAN_MONO_INCOMPLETE","Weakly Supported"
NA,"FNA2AA_c1c2_filterlen33","Coleochaetales/LandPlants","NOT_MONO",NA,"CAN_MONO_INCOMPLETE","Weakly Reject"
NA,"FNA2AA_c1c2_filterlen33","Coleochaetales/LandPlants","COMP_MISSING",NA,"COMP_MISSING","Missing"
NA,"FNA2AA_c1c2_filterlen33","Coleochaetales/LandPlants","NOT_MONO",NA,"CAN_MONO_INCOMPLETE","Weakly Reject"
NA,"FNA2AA_c1c2_filterlen33","Coleochaetales/LandPlants","NOT_MONO",NA,"CAN_MONO_INCOMPLETE","Weakly Reject"
NA,"FNA2AA_c1c2_filterlen33","Coleochaetales/LandPlants","NOT_MONO",NA,"CAN_MONO_INCOMPLETE","Weakly Reject"
NA,"FNA2AA_c1c2_filterlen33","Coleochaetales/LandPlants","NOT_MONO",NA,"CAN_MONO_INCOMPLETE","Weakly Reject"
NA,"FNA2AA_c1c2_filterlen33","Coleochaetales/LandPlants","NOT_MONO",NA,"NOT_MONO","Strongly Reject"
NA,"FNA2AA_c1c2_filterlen33","Coleochaetales/LandPlants","COMP_MISSING",NA,"COMP_MISSING","Missing"
NA,"FNA2AA_c1c2_filterlen33","Coleochaetales/LandPlants","NOT_MONO",NA,"CAN_MONO_INCOMPLETE","Weakly Reject"
NA,"FNA2AA_c1c2_filterlen33","Coleochaetales/LandPlants","NOT_MONO",NA,"CAN_MONO_INCOMPLETE","Weakly Reject"
NA,"FNA2AA_c1c2_filterlen33","Coleochaetales/LandPlants","NOT_MONO",NA,"CAN_MONO_INCOMPLETE","Weakly Reject"
NA,"FNA2AA_c1c2_filterlen33","Coleochaetales/LandPlants","COMP_MISSING",NA,"COMP_MISSING","Missing"
NA,"FNA2AA_c1c2_filterlen33","Coleochaetales/LandPlants","COMP_MISSING",NA,"COMP_MISSING","Missing"
NA,"FNA2AA_c1c2_filterlen33","Coleochaetales/LandPlants","COMP_MISSING",NA,"COMP_MISSING","Missing"
NA,"FNA2AA_c1c2_filterlen33","Coleochaetales/LandPlants","COMP_MISSING",NA,"COMP_MISSING","Missing"
NA,"FNA2AA_c1c2_filterlen33","Coleochaetales/LandPlants","COMP_MISSING",NA,"COMP_MISSING","Missing"
NA,"FNA2AA_c1c2_filterlen33","Coleochaetales/LandPlants","COMP_MISSING",NA,"COMP_MISSING","Missing"
NA,"FNA2AA_c1c2_filterlen33","Coleochaetales/LandPlants","NOT_MONO",NA,"CAN_MONO_INCOMPLETE","Weakly Reject"
NA,"FNA2AA_c1c2_filterlen33","Coleochaetales/LandPlants","NOT_MONO",NA,"CAN_MONO_INCOMPLETE","Weakly Reject"
NA,"FNA2AA_c1c2_filterlen33","Coleochaetales/LandPlants","COMP_MISSING",NA,"COMP_MISSING","Missing"
NA,"FNA2AA_c1c2_filterlen33","Coleochaetales/LandPlants","IS_MONO_INCOMPLETE",17,"CAN_MONO_INCOMPLETE","Weakly Supported"
NA,"FNA2AA_c1c2_filterlen33","Coleochaetales/LandPlants","NOT_MONO",NA,"CAN_MONO_INCOMPLETE","Weakly Reject"
NA,"FNA2AA_c1c2_filterlen33","Coleochaetales/LandPlants","COMP_MISSING",NA,"COMP_MISSING","Missing"
NA,"FNA2AA_c1c2_filterlen33","Coleochaetales/LandPlants","NOT_MONO",NA,"NOT_MONO","Strongly Reject"
NA,"FNA2AA_c1c2_filterlen33","Coleochaetales/LandPlants","CAN_MONO_INCOMPLETE",NA,"CAN_MONO_INCOMPLETE","Weakly Reject"
NA,"FNA2AA_c1c2_filterlen33","Coleochaetales/LandPlants","COMP_MISSING",NA,"COMP_MISSING","Missing"
NA,"FNA2AA_c1c2_filterlen33","Coleochaetales/LandPlants","COMP_MISSING",NA,"COMP_MISSING","Missing"
NA,"FNA2AA_c1c2_filterlen33","Coleochaetales/LandPlants","NOT_MONO",NA,"CAN_MONO_INCOMPLETE","Weakly Reject"
NA,"FNA2AA_c1c2_filterlen33","Coleochaetales/LandPlants","COMP_MISSING",NA,"COMP_MISSING","Missing"
NA,"FNA2AA_c1c2_filterlen33","Coleochaetales/LandPlants","COMP_MISSING",NA,"COMP_MISSING","Missing"
NA,"FNA2AA_c1c2_filterlen33","Coleochaetales/LandPlants","IS_MONO_INCOMPLETE",1,"IS_MONO_INCOMPLETE","Strongly Supported"
NA,"FNA2AA_c1c2_filterlen33","Coleochaetales/LandPlants","IS_MONO_INCOMPLETE",27,"CAN_MONO_INCOMPLETE","Weakly Supported"
NA,"FNA2AA_c1c2_filterlen33","Coleochaetales/LandPlants","IS_MONO_INCOMPLETE",74,"CAN_MONO_INCOMPLETE","Weakly Supported"
NA,"FNA2AA_c1c2_filterlen33","Coleochaetales/LandPlants","IS_MONO_INCOMPLETE",57,"CAN_MONO_INCOMPLETE","Weakly Supported"
NA,"FNA2AA_c1c2_filterlen33","Coleochaetales/LandPlants","IS_MONO_INCOMPLETE",59,"CAN_MONO_INCOMPLETE","Weakly Supported"
NA,"FNA2AA_c1c2_filterlen33","Coleochaetales/LandPlants","NOT_MONO",NA,"CAN_MONO_INCOMPLETE","Weakly Reject"
NA,"FNA2AA_c1c2_filterlen33","Coleochaetales/LandPlants","NOT_MONO",NA,"CAN_MONO_INCOMPLETE","Weakly Reject"
NA,"FNA2AA_c1c2_filterlen33","Coleochaetales/LandPlants","COMP_MISSING",NA,"COMP_MISSING","Missing"
NA,"FNA2AA_c1c2_filterlen33","Coleochaetales/LandPlants","COMP_MISSING",NA,"COMP_MISSING","Missing"
NA,"FNA2AA_c1c2_filterlen33","Coleochaetales/LandPlants","COMP_MISSING",NA,"COMP_MISSING","Missing"
NA,"FNA2AA_c1c2_filterlen33","Coleochaetales/LandPlants","COMP_MISSING",NA,"COMP_MISSING","Missing"
NA,"FNA2AA_c1c2_filterlen33","Coleochaetales/LandPlants","NOT_MONO",NA,"CAN_MONO_INCOMPLETE","Weakly Reject"
NA,"FNA2AA_c1c2_filterlen33","Coleochaetales/LandPlants","NOT_MONO",NA,"CAN_MONO_INCOMPLETE","Weakly Reject"
NA,"FNA2AA_c1c2_filterlen33","Coleochaetales/LandPlants","NOT_MONO",NA,"CAN_MONO_INCOMPLETE","Weakly Reject"
NA,"FNA2AA_c1c2_filterlen33","Coleochaetales/LandPlants","COMP_MISSING",NA,"COMP_MISSING","Missing"
NA,"FNA2AA_c1c2_filterlen33","Coleochaetales/LandPlants","COMP_MISSING",NA,"COMP_MISSING","Missing"
NA,"FNA2AA_c1c2_filterlen33","Coleochaetales/LandPlants","NOT_MONO",NA,"CAN_MONO_INCOMPLETE","Weakly Reject"
NA,"FNA2AA_c1c2_filterlen33","Coleochaetales/LandPlants","COMP_MISSING",NA,"COMP_MISSING","Missing"
NA,"FNA2AA_c1c2_filterlen33","Coleochaetales/LandPlants","NOT_MONO",NA,"CAN_MONO_INCOMPLETE","Weakly Reject"
NA,"FNA2AA_c1c2_filterlen33","Coleochaetales/LandPlants","COMP_MISSING",NA,"COMP_MISSING","Missing"
NA,"FNA2AA_c1c2_filterlen33","Coleochaetales/LandPlants","CAN_MONO_INCOMPLETE",NA,"CAN_MONO_INCOMPLETE","Weakly Reject"
NA,"FNA2AA_c1c2_filterlen33","Coleochaetales/LandPlants","COMP_MISSING",NA,"COMP_MISSING","Missing"
NA,"FNA2AA_c1c2_filterlen33","Coleochaetales/LandPlants","NOT_MONO",NA,"CAN_MONO_INCOMPLETE","Weakly Reject"
NA,"FNA2AA_c1c2_filterlen33","Coleochaetales/LandPlants","COMP_MISSING",NA,"COMP_MISSING","Missing"
NA,"FNA2AA_c1c2_filterlen33","Coleochaetales/LandPlants","NOT_MONO",NA,"CAN_MONO_INCOMPLETE","Weakly Reject"
NA,"FNA2AA_c1c2_filterlen33","Coleochaetales/LandPlants","COMP_MISSING",NA,"COMP_MISSING","Missing"
NA,"FNA2AA_c1c2_filterlen33","Coleochaetales/LandPlants","COMP_MISSING",NA,"COMP_MISSING","Missing"
NA,"FNA2AA_c1c2_filterlen33","Coleochaetales/LandPlants","NOT_MONO",NA,"CAN_MONO_INCOMPLETE","Weakly Reject"
NA,"FNA2AA_c1c2_filterlen33","Coleochaetales/LandPlants","COMP_MISSING",NA,"COMP_MISSING","Missing"
NA,"FNA2AA_c1c2_filterlen33","Coleochaetales/LandPlants","IS_MONO_INCOMPLETE",1,"IS_MONO_INCOMPLETE","Strongly Supported"
NA,"FNA2AA_c1c2_filterlen33","Coleochaetales/LandPlants","COMP_MISSING",NA,"COMP_MISSING","Missing"
NA,"FNA2AA_c1c2_filterlen33","Coleochaetales/LandPlants","NOT_MONO",NA,"CAN_MONO_INCOMPLETE","Weakly Reject"
NA,"FNA2AA_c1c2_filterlen33","Coleochaetales/LandPlants","COMP_MISSING",NA,"COMP_MISSING","Missing"
NA,"FNA2AA_c1c2_filterlen33","Coleochaetales/LandPlants","IS_MONO_INCOMPLETE",40,"CAN_MONO_INCOMPLETE","Weakly Supported"
NA,"FNA2AA_c1c2_filterlen33","Coleochaetales/LandPlants","NOT_MONO",NA,"CAN_MONO_INCOMPLETE","Weakly Reject"
NA,"FNA2AA_c1c2_filterlen33","Coleochaetales/LandPlants","NOT_MONO",NA,"CAN_MONO_INCOMPLETE","Weakly Reject"
NA,"FNA2AA_c1c2_filterlen33","Coleochaetales/LandPlants","COMP_MISSING",NA,"COMP_MISSING","Missing"
NA,"FNA2AA_c1c2_filterlen33","Coleochaetales/LandPlants","NOT_MONO",NA,"CAN_MONO_INCOMPLETE","Weakly Reject"
NA,"FNA2AA_c1c2_filterlen33","Coleochaetales/LandPlants","COMP_MISSING",NA,"COMP_MISSING","Missing"
NA,"FNA2AA_c1c2_filterlen33","Coleochaetales/LandPlants","COMP_MISSING",NA,"COMP_MISSING","Missing"
NA,"FNA2AA_c1c2_filterlen33","Coleochaetales/LandPlants","NOT_MONO",NA,"CAN_MONO_INCOMPLETE","Weakly Reject"
NA,"FNA2AA_c1c2_filterlen33","Coleochaetales/LandPlants","IS_MONO_INCOMPLETE",1,"IS_MONO_INCOMPLETE","Strongly Supported"
NA,"FNA2AA_c1c2_filterlen33","Coleochaetales/LandPlants","COMP_MISSING",NA,"COMP_MISSING","Missing"
NA,"FNA2AA_c1c2_filterlen33","Coleochaetales/LandPlants","NOT_MONO",NA,"CAN_MONO_INCOMPLETE","Weakly Reject"
NA,"FNA2AA_c1c2_filterlen33","Coleochaetales/LandPlants","COMP_MISSING",NA,"COMP_MISSING","Missing"
NA,"FNA2AA_c1c2_filterlen33","Coleochaetales/LandPlants","COMP_MISSING",NA,"COMP_MISSING","Missing"
NA,"FNA2AA_c1c2_filterlen33","Coleochaetales/LandPlants","NOT_MONO",NA,"CAN_MONO_INCOMPLETE","Weakly Reject"
NA,"FNA2AA_c1c2_filterlen33","Coleochaetales/LandPlants","COMP_MISSING",NA,"COMP_MISSING","Missing"
NA,"FNA2AA_c1c2_filterlen33","Coleochaetales/LandPlants","IS_MONO_INCOMPLETE",57,"CAN_MONO_INCOMPLETE","Weakly Supported"
NA,"FNA2AA_c1c2_filterlen33","Coleochaetales/LandPlants","COMP_MISSING",NA,"COMP_MISSING","Missing"
NA,"FNA2AA_c1c2_filterlen33","Coleochaetales/LandPlants","COMP_MISSING",NA,"COMP_MISSING","Missing"
NA,"FNA2AA_c1c2_filterlen33","Coleochaetales/LandPlants","CAN_MONO_INCOMPLETE",NA,"CAN_MONO_INCOMPLETE","Weakly Reject"
NA,"FNA2AA_c1c2_filterlen33","Coleochaetales/LandPlants","IS_MONO_INCOMPLETE",95,"IS_MONO_INCOMPLETE","Strongly Supported"
NA,"FNA2AA_c1c2_filterlen33","Coleochaetales/LandPlants","IS_MONO_INCOMPLETE",96,"IS_MONO_INCOMPLETE","Strongly Supported"
NA,"FNA2AA_c1c2_filterlen33","Coleochaetales/LandPlants","CAN_MONO_INCOMPLETE",NA,"CAN_MONO_INCOMPLETE","Weakly Reject"
NA,"FNA2AA_c1c2_filterlen33","Coleochaetales/LandPlants","COMP_MISSING",NA,"COMP_MISSING","Missing"
NA,"FNA2AA_c1c2_filterlen33","Coleochaetales/LandPlants","COMP_MISSING",NA,"COMP_MISSING","Missing"
NA,"FNA2AA_c1c2_filterlen33","Coleochaetales/LandPlants","COMP_MISSING",NA,"COMP_MISSING","Missing"
NA,"FNA2AA_c1c2_filterlen33","Coleochaetales/LandPlants","NOT_MONO",NA,"CAN_MONO_INCOMPLETE","Weakly Reject"
NA,"FNA2AA_c1c2_filterlen33","Coleochaetales/LandPlants","COMP_MISSING",NA,"COMP_MISSING","Missing"
NA,"FNA2AA_c1c2_filterlen33","Coleochaetales/LandPlants","COMP_MISSING",NA,"COMP_MISSING","Missing"
NA,"FNA2AA_c1c2_filterlen33","Coleochaetales/LandPlants","COMP_MISSING",NA,"COMP_MISSING","Missing"
NA,"FNA2AA_c1c2_filterlen33","Coleochaetales/LandPlants","COMP_MISSING",NA,"COMP_MISSING","Missing"
NA,"FNA2AA_c1c2_filterlen33","Coleochaetales/LandPlants","COMP_MISSING",NA,"COMP_MISSING","Missing"
NA,"FNA2AA_c1c2_filterlen33","Coleochaetales/LandPlants","COMP_MISSING",NA,"COMP_MISSING","Missing"
NA,"FNA2AA_c1c2_filterlen33","Coleochaetales/LandPlants","COMP_MISSING",NA,"COMP_MISSING","Missing"
NA,"FNA2AA_c1c2_filterlen33","Coleochaetales/LandPlants","COMP_MISSING",NA,"COMP_MISSING","Missing"
NA,"FNA2AA_c1c2_filterlen33","Coleochaetales/LandPlants","COMP_MISSING",NA,"COMP_MISSING","Missing"
NA,"FNA2AA_c1c2_filterlen33","Coleochaetales/LandPlants","COMP_MISSING",NA,"COMP_MISSING","Missing"
NA,"FNA2AA_c1c2_filterlen33","Coleochaetales/LandPlants","NOT_MONO",NA,"CAN_MONO_INCOMPLETE","Weakly Reject"
NA,"FNA2AA_c1c2_filterlen33","Coleochaetales/LandPlants","IS_MONO_INCOMPLETE",25,"CAN_MONO_INCOMPLETE","Weakly Supported"
NA,"FNA2AA_c1c2_filterlen33","Coleochaetales/LandPlants","COMP_MISSING",NA,"COMP_MISSING","Missing"
NA,"FNA2AA_c1c2_filterlen33","Coleochaetales/LandPlants","NOT_MONO",NA,"CAN_MONO_INCOMPLETE","Weakly Reject"
NA,"FNA2AA_c1c2_filterlen33","Coleochaetales/LandPlants","NOT_MONO",NA,"CAN_MONO_INCOMPLETE","Weakly Reject"
NA,"FNA2AA_c1c2_filterlen33","Coleochaetales/LandPlants","COMP_MISSING",NA,"COMP_MISSING","Missing"
NA,"FNA2AA_c1c2_filterlen33","Coleochaetales/LandPlants","CAN_MONO_INCOMPLETE",NA,"CAN_MONO_INCOMPLETE","Weakly Reject"
NA,"FNA2AA_c1c2_filterlen33","Coleochaetales/LandPlants","COMP_MISSING",NA,"COMP_MISSING","Missing"
NA,"FNA2AA_c1c2_filterlen33","Coleochaetales/LandPlants","IS_MONO_INCOMPLETE",96,"IS_MONO_INCOMPLETE","Strongly Supported"
NA,"FNA2AA_c1c2_filterlen33","Coleochaetales/LandPlants","NOT_MONO",NA,"NOT_MONO","Strongly Reject"
NA,"FNA2AA_c1c2_filterlen33","Coleochaetales/LandPlants","COMP_MISSING",NA,"COMP_MISSING","Missing"
NA,"FNA2AA_c1c2_filterlen33","Coleochaetales/LandPlants","COMP_MISSING",NA,"COMP_MISSING","Missing"
NA,"FNA2AA_c1c2_filterlen33","Coleochaetales/LandPlants","COMP_MISSING",NA,"COMP_MISSING","Missing"
NA,"FNA2AA_c1c2_filterlen33","Coleochaetales/LandPlants","NOT_MONO",NA,"CAN_MONO_INCOMPLETE","Weakly Reject"
NA,"FNA2AA_c1c2_filterlen33","Coleochaetales/LandPlants","NOT_MONO",NA,"CAN_MONO_INCOMPLETE","Weakly Reject"
NA,"FNA2AA_c1c2_filterlen33","Coleochaetales/LandPlants","COMP_MISSING",NA,"COMP_MISSING","Missing"
NA,"FNA2AA_c1c2_filterlen33","Coleochaetales/LandPlants","NOT_MONO",NA,"CAN_MONO_INCOMPLETE","Weakly Reject"
NA,"FNA2AA_c1c2_filterlen33","Coleochaetales/LandPlants","NOT_MONO",NA,"CAN_MONO_INCOMPLETE","Weakly Reject"
NA,"FNA2AA_c1c2_filterlen33","Coleochaetales/LandPlants","NOT_MONO",NA,"CAN_MONO_INCOMPLETE","Weakly Reject"
NA,"FNA2AA_c1c2_filterlen33","Coleochaetales/LandPlants","COMP_MISSING",NA,"COMP_MISSING","Missing"
NA,"FNA2AA_c1c2_filterlen33","Coleochaetales/LandPlants","NOT_MONO",NA,"CAN_MONO_INCOMPLETE","Weakly Reject"
NA,"FNA2AA_c1c2_filterlen33","Coleochaetales/LandPlants","COMP_MISSING",NA,"COMP_MISSING","Missing"
NA,"FNA2AA_c1c2_filterlen33","Coleochaetales/LandPlants","COMP_MISSING",NA,"COMP_MISSING","Missing"
NA,"FNA2AA_c1c2_filterlen33","Coleochaetales/LandPlants","NOT_MONO",NA,"CAN_MONO_INCOMPLETE","Weakly Reject"
NA,"FNA2AA_c1c2_filterlen33","Coleochaetales/LandPlants","NOT_MONO",NA,"CAN_MONO_INCOMPLETE","Weakly Reject"
NA,"FNA2AA_c1c2_filterlen33","Coleochaetales/LandPlants","IS_MONO_INCOMPLETE",98,"IS_MONO_INCOMPLETE","Strongly Supported"
NA,"FNA2AA_c1c2_filterlen33","Coleochaetales/LandPlants","COMP_MISSING",NA,"COMP_MISSING","Missing"
NA,"FNA2AA_c1c2_filterlen33","Coleochaetales/LandPlants","COMP_MISSING",NA,"COMP_MISSING","Missing"
NA,"FNA2AA_c1c2_filterlen33","Coleochaetales/LandPlants","COMP_MISSING",NA,"COMP_MISSING","Missing"
NA,"FNA2AA_c1c2_filterlen33","Coleochaetales/LandPlants","COMP_MISSING",NA,"COMP_MISSING","Missing"
NA,"FNA2AA_c1c2_filterlen33","Coleochaetales/LandPlants","NOT_MONO",NA,"CAN_MONO_INCOMPLETE","Weakly Reject"
NA,"FNA2AA_c1c2_filterlen33","Coleochaetales/LandPlants","NOT_MONO",NA,"NOT_MONO","Strongly Reject"
NA,"FNA2AA_c1c2_filterlen33","Coleochaetales/LandPlants","CAN_MONO_INCOMPLETE",NA,"CAN_MONO_INCOMPLETE","Weakly Reject"
NA,"FNA2AA_c1c2_filterlen33","Coleochaetales/LandPlants","NOT_MONO",NA,"CAN_MONO_INCOMPLETE","Weakly Reject"
NA,"FNA2AA_c1c2_filterlen33","Coleochaetales/LandPlants","COMP_MISSING",NA,"COMP_MISSING","Missing"
NA,"FNA2AA_c1c2_filterlen33","Coleochaetales/LandPlants","COMP_MISSING",NA,"COMP_MISSING","Missing"
NA,"FNA2AA_c1c2_filterlen33","Coleochaetales/LandPlants","COMP_MISSING",NA,"COMP_MISSING","Missing"
NA,"FNA2AA_c1c2_filterlen33","Coleochaetales/LandPlants","COMP_MISSING",NA,"COMP_MISSING","Missing"
NA,"FNA2AA_c1c2_filterlen33","Coleochaetales/LandPlants","COMP_MISSING",NA,"COMP_MISSING","Missing"
NA,"FNA2AA_c1c2_filterlen33","Coleochaetales/LandPlants","NOT_MONO",NA,"CAN_MONO_INCOMPLETE","Weakly Reject"
NA,"FNA2AA_c1c2_filterlen33","Coleochaetales/LandPlants","NOT_MONO",NA,"CAN_MONO_INCOMPLETE","Weakly Reject"
NA,"FNA2AA_c1c2_filterlen33","Coleochaetales/LandPlants","NOT_MONO",NA,"CAN_MONO_INCOMPLETE","Weakly Reject"
NA,"FNA2AA_c1c2_filterlen33","Coleochaetales/LandPlants","COMP_MISSING",NA,"COMP_MISSING","Missing"
NA,"FNA2AA_c1c2_filterlen33","Coleochaetales/LandPlants","COMP_MISSING",NA,"COMP_MISSING","Missing"
NA,"FNA2AA_c1c2_filterlen33","Coleochaetales/LandPlants","NOT_MONO",NA,"CAN_MONO_INCOMPLETE","Weakly Reject"
NA,"FNA2AA_c1c2_filterlen33","Coleochaetales/LandPlants","COMP_MISSING",NA,"COMP_MISSING","Missing"
NA,"FNA2AA_c1c2_filterlen33","Coleochaetales/LandPlants","COMP_MISSING",NA,"COMP_MISSING","Missing"
NA,"FNA2AA_c1c2_filterlen33","Coleochaetales/LandPlants","COMP_MISSING",NA,"COMP_MISSING","Missing"
NA,"FNA2AA_c1c2_filterlen33","Coleochaetales/LandPlants","NOT_MONO",NA,"CAN_MONO_INCOMPLETE","Weakly Reject"
NA,"FNA2AA_c1c2_filterlen33","Coleochaetales/LandPlants","COMP_MISSING",NA,"COMP_MISSING","Missing"
NA,"FNA2AA_c1c2_filterlen33","Coleochaetales/LandPlants","COMP_MISSING",NA,"COMP_MISSING","Missing"
NA,"FNA2AA_c1c2_filterlen33","Coleochaetales/LandPlants","COMP_MISSING",NA,"COMP_MISSING","Missing"
NA,"FNA2AA_c1c2_filterlen33","Coleochaetales/LandPlants","COMP_MISSING",NA,"COMP_MISSING","Missing"
NA,"FNA2AA_c1c2_filterlen33","Coleochaetales/LandPlants","COMP_MISSING",NA,"COMP_MISSING","Missing"
NA,"FNA2AA_c1c2_filterlen33","Coleochaetales/LandPlants","COMP_MISSING",NA,"COMP_MISSING","Missing"
NA,"FNA2AA_c1c2_filterlen33","Coleochaetales/LandPlants","IS_MONO_INCOMPLETE",1,"IS_MONO_INCOMPLETE","Strongly Supported"
NA,"FNA2AA_c1c2_filterlen33","Coleochaetales/LandPlants","NOT_MONO",NA,"CAN_MONO_INCOMPLETE","Weakly Reject"
NA,"FNA2AA_c1c2_filterlen33","Coleochaetales/LandPlants","COMP_MISSING",NA,"COMP_MISSING","Missing"
NA,"FNA2AA_c1c2_filterlen33","Coleochaetales/LandPlants","COMP_MISSING",NA,"COMP_MISSING","Missing"
NA,"FNA2AA_c1c2_filterlen33","Coleochaetales/LandPlants","NOT_MONO",NA,"NOT_MONO","Strongly Reject"
NA,"FNA2AA_c1c2_filterlen33","Coleochaetales/LandPlants","IS_MONO_INCOMPLETE",28,"CAN_MONO_INCOMPLETE","Weakly Supported"
NA,"FNA2AA_c1c2_filterlen33","Coleochaetales/LandPlants","COMP_MISSING",NA,"COMP_MISSING","Missing"
NA,"FNA2AA_c1c2_filterlen33","Coleochaetales/LandPlants","IS_MONO_INCOMPLETE",19,"CAN_MONO_INCOMPLETE","Weakly Supported"
NA,"FNA2AA_c1c2_filterlen33","Coleochaetales/LandPlants","NOT_MONO",NA,"CAN_MONO_INCOMPLETE","Weakly Reject"
NA,"FNA2AA_c1c2_filterlen33","Coleochaetales/LandPlants","COMP_MISSING",NA,"COMP_MISSING","Missing"
NA,"FNA2AA_c1c2_filterlen33","Coleochaetales/LandPlants","NOT_MONO",NA,"CAN_MONO_INCOMPLETE","Weakly Reject"
NA,"FNA2AA_c1c2_filterlen33","Coleochaetales/LandPlants","COMP_MISSING",NA,"COMP_MISSING","Missing"
NA,"FNA2AA_c1c2_filterlen33","Coleochaetales/LandPlants","COMP_MISSING",NA,"COMP_MISSING","Missing"
NA,"FNA2AA_c1c2_filterlen33","Coleochaetales/LandPlants","COMP_MISSING",NA,"COMP_MISSING","Missing"
NA,"FNA2AA_c1c2_filterlen33","Coleochaetales/LandPlants","COMP_MISSING",NA,"COMP_MISSING","Missing"
NA,"FNA2AA_c1c2_filterlen33","Coleochaetales/LandPlants","COMP_MISSING",NA,"COMP_MISSING","Missing"
NA,"FNA2AA_c1c2_filterlen33","Coleochaetales/LandPlants","COMP_MISSING",NA,"COMP_MISSING","Missing"
NA,"FNA2AA_c1c2_filterlen33","Coleochaetales/LandPlants","NOT_MONO",NA,"CAN_MONO_INCOMPLETE","Weakly Reject"
NA,"FNA2AA_c1c2_filterlen33","Coleochaetales/LandPlants","COMP_MISSING",NA,"COMP_MISSING","Missing"
NA,"FNA2AA_c1c2_filterlen33","Coleochaetales/LandPlants","NOT_MONO",NA,"CAN_MONO_INCOMPLETE","Weakly Reject"
NA,"FNA2AA_c1c2_filterlen33","Coleochaetales/LandPlants","NOT_MONO",NA,"CAN_MONO_INCOMPLETE","Weakly Reject"
NA,"FNA2AA_c1c2_filterlen33","Coleochaetales/LandPlants","COMP_MISSING",NA,"COMP_MISSING","Missing"
NA,"FNA2AA_c1c2_filterlen33","Coleochaetales/LandPlants","COMP_MISSING",NA,"COMP_MISSING","Missing"
NA,"FNA2AA_c1c2_filterlen33","Coleochaetales/LandPlants","NOT_MONO",NA,"CAN_MONO_INCOMPLETE","Weakly Reject"
NA,"FNA2AA_c1c2_filterlen33","Coleochaetales/LandPlants","COMP_MISSING",NA,"COMP_MISSING","Missing"
NA,"FNA2AA_c1c2_filterlen33","Coleochaetales/LandPlants","COMP_MISSING",NA,"COMP_MISSING","Missing"
NA,"FNA2AA_c1c2_filterlen33","Coleochaetales/LandPlants","COMP_MISSING",NA,"COMP_MISSING","Missing"
NA,"FNA2AA_c1c2_filterlen33","Coleochaetales/LandPlants","NOT_MONO",NA,"CAN_MONO_INCOMPLETE","Weakly Reject"
NA,"FNA2AA_c1c2_filterlen33","Coleochaetales/LandPlants","CAN_MONO_INCOMPLETE",NA,"CAN_MONO_INCOMPLETE","Weakly Reject"
NA,"FNA2AA_c1c2_filterlen33","Coleochaetales/LandPlants","COMP_MISSING",NA,"COMP_MISSING","Missing"
NA,"FNA2AA_c1c2_filterlen33","Coleochaetales/LandPlants","COMP_MISSING",NA,"COMP_MISSING","Missing"
NA,"FNA2AA_c1c2_filterlen33","Coleochaetales/LandPlants","COMP_MISSING",NA,"COMP_MISSING","Missing"
NA,"FNA2AA_c1c2_filterlen33","Coleochaetales/LandPlants","NOT_MONO",NA,"CAN_MONO_INCOMPLETE","Weakly Reject"
NA,"FNA2AA_c1c2_filterlen33","Coleochaetales/LandPlants","COMP_MISSING",NA,"COMP_MISSING","Missing"
NA,"FNA2AA_c1c2_filterlen33","Coleochaetales/LandPlants","COMP_MISSING",NA,"COMP_MISSING","Missing"
NA,"FNA2AA_c1c2_filterlen33","Coleochaetales/LandPlants","NOT_MONO",NA,"NOT_MONO","Strongly Reject"
